task_priority,task_duration,deadline_hours,slot_start_hour,slot_duration,preferred_start_hour,day_of_week,is_weekend,repeated_task,reminder_exists,category,duration_fit,user_available,before_deadline,valid_slot,preferred_time_match,priority_score,deadline_pressure,duration_efficiency,suitability_score
5,90,75,7,150,6,0,1,1,0,1,1,1,1,1,0.7788007830714049,1.0,0.5535714285714286,0.6,0.7852714674526726
3,60,45,6,120,19,3,0,1,0,2,1,1,1,1,0.06392786120670757,0.6,0.7321428571428572,0.5,0.5189854070209161
5,120,80,7,150,19,4,1,0,0,3,1,1,1,1,0.049787068367863944,1.0,0.5238095238095238,0.8,0.5278965997125123
4,45,78,6,90,9,6,0,0,0,2,1,1,1,1,0.4723665527410147,0.8,0.5357142857142857,0.5,0.5198252067277674
3,45,120,8,120,9,4,1,1,0,4,1,1,1,1,0.7788007830714049,0.6,0.2857142857142857,0.375,0.5569020087206299
3,60,149,11,90,21,4,1,1,1,5,1,1,1,1,0.0820849986238988,0.6,0.11309523809523814,0.6666666666666666,0.38468082661112846
5,90,86,7,90,20,4,1,0,0,5,1,1,1,1,0.06392786120670757,1.0,0.48809523809523814,1.0,0.5769269912500632
5,45,113,6,45,20,5,1,0,1,1,1,1,1,1,0.0820849986238988,1.0,0.32738095238095233,1.0,0.5047371361791175
4,90,157,7,120,13,0,0,0,1,2,1,1,1,1,0.22313016014842982,0.8,0.06547619047619047,0.75,0.4235017276047991
5,45,118,9,45,19,2,1,0,0,1,1,1,1,1,0.0820849986238988,1.0,0.29761904761904767,1.0,0.49336875401344665
1,30,154,11,120,18,2,0,1,0,0,1,1,1,1,0.17377394345044514,0.2,0.08333333333333337,0.25,0.17995865385882176
1,90,64,6,150,19,6,1,0,1,2,1,1,1,1,0.06392786120670757,0.2,0.6190476190476191,0.6,0.37406412435378705
3,45,124,8,150,12,6,0,0,1,5,1,1,1,1,0.36787944117144233,0.6,0.26190476190476186,0.3,0.4492273574210635
4,45,154,11,60,12,0,0,0,0,1,1,1,1,1,0.7788007830714049,0.8,0.08333333333333337,0.75,0.5247040667745533
4,60,145,6,150,13,0,1,0,1,3,1,1,1,1,0.17377394345044514,0.8,0.13690476190476186,0.4,0.4194433268405015
1,60,69,6,60,13,5,0,0,0,4,1,1,1,1,0.17377394345044514,0.2,0.5892857142857143,1.0,0.31817834696587666
1,30,92,9,180,14,3,0,0,0,4,1,1,1,1,0.2865047968601901,0.2,0.45238095238095233,0.16666666666666666,0.21579543792461037
3,30,120,9,120,11,6,1,1,0,3,1,1,1,1,0.6065306597126334,0.6,0.2857142857142857,0.25,0.4947401614097144
2,30,120,8,120,19,1,1,0,1,5,1,1,1,1,0.06392786120670757,0.4,0.2857142857142857,0.25,0.2663576920645267
3,30,154,11,120,16,6,1,0,0,0,1,1,1,1,0.2865047968601901,0.6,0.08333333333333337,0.25,0.3183670817666819
2,45,167,6,180,6,1,1,0,1,0,1,1,1,1,1.0,0.4,0.005952380952380931,0.25,0.44506935368114403
3,30,76,6,150,19,3,1,0,0,3,1,1,1,1,0.06392786120670757,0.6,0.5476190476190477,0.2,0.3755988255876038
4,30,49,6,180,20,2,0,1,1,0,1,1,1,1,0.0820849986238988,0.8,0.7083333333333333,0.16666666666666666,0.6252318149794243
3,60,112,8,120,16,4,1,0,1,5,1,1,1,1,0.1353352832366127,0.6,0.33333333333333337,0.5,0.36797089006742617
3,30,98,9,180,13,1,0,0,1,4,1,1,1,1,0.36787944117144233,0.6,0.41666666666666663,0.16666666666666666,0.49289176553131736
4,60,130,7,60,12,0,0,0,1,5,1,1,1,1,0.2865047968601901,0.8,0.22619047619047616,1.0,0.49587896652080704
2,45,51,7,180,8,6,0,0,1,0,1,1,1,1,0.7788007830714049,0.4,0.6964285714285714,0.25,0.5927813429811357
1,60,45,6,180,19,5,1,1,0,2,1,1,1,1,0.06392786120670757,0.2,0.7321428571428572,0.3333333333333333,0.2904380453347947
3,45,129,6,150,16,1,0,0,0,1,1,1,1,1,0.0820849986238988,0.6,0.2321428571428571,0.3,0.36698202421242065
4,120,144,8,120,10,6,0,0,0,5,1,1,1,1,0.6065306597126334,0.8,0.1428571428571429,1.0,0.523639521117018
2,45,86,6,60,6,1,1,0,0,5,1,1,1,1,1.0,0.4,0.48809523809523814,0.75,0.561378706892888
3,60,132,9,150,13,4,0,0,1,2,1,1,1,1,0.36787944117144233,0.6,0.2142857142857143,0.4,0.4117923219704319
2,30,122,6,60,7,1,1,0,1,1,1,1,1,1,0.7788007830714049,0.4,0.27380952380952384,0.5,0.49851115171770927
2,45,121,9,180,8,2,1,0,0,2,1,1,1,1,0.7788007830714049,0.4,0.27976190476190477,0.25,0.41076485825541403
2,45,57,7,90,16,0,1,0,0,0,1,1,1,1,0.10539922456186433,0.4,0.6607142857142857,0.5,0.4100272252677875
2,30,161,8,90,19,6,1,1,1,0,1,1,1,1,0.06392786120670757,0.4,0.04166666666666663,0.3333333333333333,0.23905747559232754
5,30,145,11,45,10,6,0,0,1,1,1,1,1,1,0.7788007830714049,1.0,0.13690476190476186,0.6666666666666666,0.6358698033881505
3,45,138,11,90,6,5,0,0,1,5,1,1,1,1,0.2865047968601901,0.6,0.1785714285714286,0.5,0.3925398779548096
2,120,64,6,150,12,6,1,1,0,5,1,1,1,1,0.22313016014842982,0.4,0.6190476190476191,0.8,0.4560853476674695
4,90,137,7,150,12,1,0,0,0,5,1,1,1,1,0.2865047968601901,0.8,0.18452380952380953,0.6,0.4231229035107632
4,60,167,10,90,7,2,0,1,0,0,1,1,1,1,0.4723665527410147,0.8,0.005952380952380931,0.6666666666666666,0.42674709233993796
1,45,140,9,45,17,2,1,1,1,2,1,1,1,1,0.1353352832366127,0.2,0.16666666666666663,1.0,0.22355138663631247
1,90,139,10,120,7,2,0,0,1,3,1,1,1,1,0.4723665527410147,0.2,0.17261904761904767,0.75,0.32750686778659205
4,30,96,9,120,18,0,0,0,1,0,1,1,1,1,0.10539922456186433,0.8,0.4285714285714286,0.25,0.5218600811078807
5,120,89,6,150,10,0,0,1,0,5,1,1,1,1,0.36787944117144233,1.0,0.47023809523809523,0.8,0.636286998015098
5,150,133,8,180,13,0,1,0,0,2,1,1,1,1,0.2865047968601901,1.0,0.20833333333333337,0.8333333333333334,0.4790561901132196
5,90,82,6,180,20,3,1,1,0,0,1,1,1,1,0.0820849986238988,1.0,0.5119047619047619,0.5,0.5714912891950347
3,30,48,7,150,8,6,0,1,0,0,1,1,1,1,0.7788007830714049,0.6,0.7142857142857143,0.2,0.6330811319826677
5,90,165,9,180,15,2,1,0,1,1,1,1,1,1,0.22313016014842982,1.0,0.017857142857142905,0.5,0.50024787687872
4,45,86,6,180,10,2,0,0,0,5,1,1,1,1,0.36787944117144233,0.8,0.48809523809523814,0.25,0.5325219152462721
3,30,155,8,60,11,4,1,0,0,5,1,1,1,1,0.4723665527410147,0.6,0.07738095238095233,0.5,0.38434295050826334
2,45,133,9,150,20,5,1,1,0,1,1,1,1,1,0.06392786120670757,0.4,0.20833333333333337,0.3,0.22461071430546253
5,45,161,7,180,17,5,1,1,0,3,1,1,1,1,0.0820849986238988,1.0,0.04166666666666663,0.25,0.4076736207377538
3,30,42,6,180,6,0,0,0,0,5,1,1,1,1,1.0,0.6,0.75,0.16666666666666666,0.704874395911525
1,30,74,7,60,6,3,1,0,1,2,1,1,1,1,0.7788007830714049,0.2,0.5595238095238095,0.5,0.489880463595563
2,60,128,10,180,8,4,0,0,0,3,1,1,1,1,0.6065306597126334,0.4,0.23809523809523814,0.3333333333333333,0.3722572516066568
4,45,157,9,45,6,6,1,0,0,3,1,1,1,1,0.4723665527410147,0.8,0.06547619047619047,1.0,0.47863957913635496
5,60,140,8,150,18,0,1,0,0,0,1,1,1,1,0.0820849986238988,1.0,0.16666666666666663,0.4,0.4611352267341986
1,30,91,6,45,7,3,0,0,0,2,1,1,1,1,0.7788007830714049,0.2,0.45833333333333337,0.6666666666666666,0.4172877568008623
4,60,74,8,150,7,5,1,1,1,5,1,1,1,1,0.7788007830714049,0.8,0.5595238095238095,0.4,0.7467586377183398
4,30,166,8,180,12,2,1,0,1,5,1,1,1,1,0.36787944117144233,0.8,0.011904761904761862,0.16666666666666666,0.4148790814157704
3,30,149,7,150,18,6,1,0,1,0,1,1,1,1,0.06392786120670757,0.6,0.11309523809523814,0.2,0.3014934796800661
4,120,100,8,180,14,1,0,0,1,0,1,1,1,1,0.22313016014842982,0.8,0.40476190476190477,0.6666666666666666,0.5094731014695707
4,120,104,6,150,19,5,1,0,1,1,1,1,1,1,0.06392786120670757,0.8,0.38095238095238093,0.8,0.46370956289590454
1,30,53,6,60,16,0,0,0,1,3,1,1,1,1,0.0820849986238988,0.2,0.6845238095238095,0.5,0.36255130227311505
3,60,97,6,150,9,2,1,0,1,0,1,1,1,1,0.4723665527410147,0.6,0.42261904761904767,0.4,0.5225380499143534
1,45,162,11,120,17,1,0,0,0,4,1,1,1,1,0.22313016014842982,0.2,0.0357142857142857,0.375,0.15291601231794447
3,150,139,7,180,20,5,1,0,0,4,1,1,1,1,0.06392786120670757,0.6,0.17261904761904767,0.8333333333333334,0.3601361129014933
4,45,91,8,45,17,1,1,0,0,2,1,1,1,1,0.10539922456186433,0.8,0.45833333333333337,1.0,0.4628988669799967
1,45,146,8,45,11,2,0,0,0,1,1,1,1,1,0.4723665527410147,0.2,0.13095238095238093,1.0,0.27158111911945
3,45,47,7,180,22,3,0,0,1,5,1,1,1,1,0.10539922456186433,0.6,0.7202380952380952,0.25,0.4715088632301653
1,30,127,10,45,9,4,0,0,0,2,1,1,1,1,0.7788007830714049,0.2,0.24404761904761907,0.6666666666666666,0.3483565863868079
3,60,116,9,90,19,3,0,1,0,2,1,1,1,1,0.0820849986238988,0.6,0.30952380952380953,0.6666666666666666,0.35459462298483235
2,90,111,7,180,8,1,0,1,0,3,1,1,1,1,0.7788007830714049,0.4,0.3392857142857143,0.5,0.4830614177774975
2,45,126,9,90,6,5,1,0,1,3,1,1,1,1,0.4723665527410147,0.4,0.25,0.5,0.3746122086902975
3,90,146,7,120,21,4,1,1,1,5,1,1,1,1,0.0820849986238988,0.6,0.13095238095238093,0.75,0.4100561009395919
2,30,127,9,150,11,1,1,0,0,0,1,1,1,1,0.6065306597126334,0.4,0.24404761904761907,0.2,0.35211619925726184
2,30,165,9,45,18,3,0,0,0,3,1,1,1,1,0.10539922456186433,0.4,0.017857142857142905,0.6666666666666666,0.21098510830136277
2,30,163,7,180,7,5,1,0,0,3,1,1,1,1,1.0,0.4,0.029761904761904767,0.16666666666666666,0.41688506281617016
4,60,99,8,180,18,1,0,0,1,3,1,1,1,1,0.0820849986238988,0.8,0.4107142857142857,0.3333333333333333,0.47409021941170165
3,60,117,8,180,17,3,1,1,1,4,1,1,1,1,0.10539922456186433,0.6,0.3035714285714286,0.3333333333333333,0.3611650813300564
5,45,95,7,150,10,1,1,0,0,2,1,1,1,1,0.4723665527410147,1.0,0.43452380952380953,0.3,0.6150999738424531
4,45,139,7,45,13,1,0,0,1,5,1,1,1,1,0.22313016014842982,0.8,0.17261904761904767,1.0,0.49794998265189266
2,30,164,7,150,16,1,1,0,1,4,1,1,1,1,0.10539922456186433,0.4,0.023809523809523836,0.2,0.21622491019913714
4,120,133,6,150,8,0,0,0,0,3,1,1,1,1,0.6065306597126334,0.8,0.20833333333333337,0.8,0.5181352358504412
2,90,122,9,120,14,3,0,1,0,1,1,1,1,1,0.2865047968601901,0.4,0.27380952380952384,0.75,0.36134445172439017
5,45,159,8,150,15,1,1,0,0,1,1,1,1,1,0.17377394345044514,1.0,0.0535714285714286,0.3,0.4143323457888679
3,45,44,7,45,10,4,1,0,0,1,1,1,1,1,0.4723665527410147,0.6,0.7380952380952381,1.0,0.5511165729093986
1,120,123,9,150,22,4,0,1,1,5,1,1,1,1,0.06392786120670757,0.2,0.2678571428571429,0.8,0.27183526266023383
3,45,80,6,90,19,6,1,0,0,2,1,1,1,1,0.06392786120670757,0.6,0.5238095238095238,0.5,0.4113552576200318
1,60,94,8,60,15,1,1,1,0,1,1,1,1,1,0.17377394345044514,0.2,0.44047619047619047,1.0,0.320601052817646
3,30,67,8,180,14,2,0,1,0,3,1,1,1,1,0.22313016014842982,0.6,0.6011904761904762,0.16666666666666666,0.44973128975996324
4,120,167,8,150,14,3,0,0,0,4,1,1,1,1,0.22313016014842982,0.8,0.005952380952380931,0.8,0.3959726215775444
4,180,166,9,180,8,2,0,0,0,4,1,1,1,1,0.7788007830714049,0.8,0.011904761904761862,1.0,0.5072071282328585
5,30,168,12,120,15,3,0,0,0,1,1,1,1,1,0.4723665527410147,1.0,0.0,0.25,0.5113978905688833
1,120,160,7,150,16,2,1,0,1,0,1,1,1,1,0.10539922456186433,0.2,0.04761904761904767,0.8,0.1708591973548735
3,60,108,6,120,14,6,0,0,0,4,1,1,1,1,0.1353352832366127,0.6,0.3571428571428571,0.5,0.3556225093592226
3,30,28,6,180,15,6,1,0,0,1,1,1,1,1,0.10539922456186433,0.6,0.8333333333333334,0.16666666666666666,0.5106020998490173
1,120,132,9,150,6,6,1,1,1,1,1,1,1,1,0.4723665527410147,0.2,0.2142857142857143,0.8,0.36472086431939854
1,45,89,6,60,8,6,1,1,0,4,1,1,1,1,0.6065306597126334,0.2,0.47023809523809523,0.75,0.4381423996079283
3,45,72,8,90,10,2,1,0,0,4,1,1,1,1,0.6065306597126334,0.6,0.5714285714285714,0.5,0.5409475727880362
3,30,94,7,30,6,1,0,0,0,0,1,1,1,1,0.7788007830714049,0.6,0.44047619047619047,1.0,0.5688750415780575
4,45,90,9,120,20,2,0,0,0,2,1,1,1,1,0.06392786120670757,0.8,0.4642857142857143,0.375,0.44510389015447693
4,30,93,6,150,19,3,1,0,0,3,1,1,1,1,0.06392786120670757,0.8,0.4464285714285714,0.2,0.47745876878602694
4,150,156,8,180,22,3,0,0,1,5,1,1,1,1,0.0820849986238988,0.8,0.0714285714285714,0.8333333333333334,0.33989470895815793
3,45,76,6,180,9,6,1,0,0,5,1,1,1,1,0.4723665527410147,0.6,0.5476190476190477,0.25,0.5325367831160079
1,30,111,7,30,22,6,0,0,1,1,1,1,1,1,0.10539922456186433,0.2,0.3392857142857143,1.0,0.310751239672161
1,90,96,8,180,13,0,0,0,0,2,1,1,1,1,0.2865047968601901,0.2,0.4285714285714286,0.5,0.3139897029964921
1,30,163,8,120,6,1,0,0,0,4,1,1,1,1,0.6065306597126334,0.2,0.029761904761904767,0.25,0.2210875638867988
1,60,83,7,180,19,2,0,0,0,3,1,1,1,1,0.049787068367863944,0.2,0.5059523809523809,0.3333333333333333,0.23387716457987467
5,45,100,6,60,15,2,1,0,0,2,1,1,1,1,0.10539922456186433,1.0,0.40476190476190477,0.75,0.5668738812961699
1,30,162,10,120,17,3,0,1,0,5,1,1,1,1,0.17377394345044514,0.2,0.0357142857142857,0.25,0.17098741156239294
3,120,94,7,120,7,2,0,1,1,1,1,1,1,1,1.0,0.6,0.44047619047619047,1.0,0.6524685367571694
5,60,123,8,180,15,1,0,0,0,2,1,1,1,1,0.17377394345044514,1.0,0.2678571428571429,0.3333333333333333,0.46864993134864197
2,30,88,9,30,7,1,1,0,1,1,1,1,1,1,0.6065306597126334,0.4,0.47619047619047616,1.0,0.5382673234360545
2,90,88,8,90,6,5,0,1,1,5,1,1,1,1,0.6065306597126334,0.4,0.47619047619047616,1.0,0.5235688324839772
2,45,139,6,120,10,6,0,0,1,5,1,1,1,1,0.36787944117144233,0.4,0.17261904761904767,0.375,0.3394126237097864
4,90,165,6,90,8,5,1,0,0,5,1,1,1,1,0.6065306597126334,0.8,0.017857142857142905,1.0,0.45794051984128836
1,90,124,8,180,6,3,0,1,1,4,1,1,1,1,0.6065306597126334,0.2,0.26190476190476186,0.5,0.39703948751634927
2,60,152,7,90,22,2,0,0,0,5,1,1,1,1,0.10539922456186433,0.4,0.09523809523809523,0.6666666666666666,0.22510749510884484
2,90,53,6,180,16,3,1,0,0,0,1,1,1,1,0.0820849986238988,0.4,0.6845238095238095,0.5,0.3619457231058001
2,150,112,6,150,10,6,1,1,0,3,1,1,1,1,0.36787944117144233,0.4,0.33333333333333337,1.0,0.41670926870512415
4,30,122,8,60,18,2,1,0,0,2,1,1,1,1,0.0820849986238988,0.8,0.27380952380952384,0.5,0.41121568648229456
4,60,155,7,90,20,6,1,0,0,3,1,1,1,1,0.06392786120670757,0.8,0.07738095238095233,0.6666666666666666,0.36597007486822264
2,45,103,8,180,7,6,0,0,1,0,1,1,1,1,0.7788007830714049,0.4,0.38690476190476186,0.25,0.49802409283247157
1,120,94,6,120,22,6,1,0,0,3,1,1,1,1,0.1353352832366127,0.2,0.44047619047619047,1.0,0.31878664897947306
5,30,106,7,150,18,0,0,0,0,5,1,1,1,1,0.06392786120670757,1.0,0.36904761904761907,0.2,0.46952157178013443
3,45,67,7,60,13,4,0,1,0,3,1,1,1,1,0.22313016014842982,0.6,0.6011904761904762,0.75,0.46468662297076196
4,150,106,6,180,22,0,0,0,1,3,1,1,1,1,0.1353352832366127,0.8,0.36904761904761907,0.8333333333333334,0.4932505507339956
4,45,69,8,90,9,0,1,0,0,5,1,1,1,1,0.7788007830714049,0.8,0.5892857142857143,0.5,0.6750733426041081
3,60,86,6,90,12,5,0,0,1,1,1,1,1,1,0.22313016014842982,0.6,0.48809523809523814,0.6666666666666666,0.4560503684530894
5,90,151,7,120,17,2,0,0,0,2,1,1,1,1,0.0820849986238988,1.0,0.10119047619047616,0.75,0.3960277931874495
3,45,120,8,60,12,2,1,1,1,2,1,1,1,1,0.36787944117144233,0.6,0.2857142857142857,0.75,0.4876786442557495
4,60,136,9,120,19,3,0,1,0,2,1,1,1,1,0.0820849986238988,0.8,0.19047619047619047,0.5,0.39868634389493157
4,30,133,9,60,13,4,1,0,1,3,1,1,1,1,0.36787944117144233,0.8,0.20833333333333337,0.5,0.4676755026208457
1,30,121,10,60,18,4,0,1,0,0,1,1,1,1,0.1353352832366127,0.2,0.27976190476190477,0.5,0.21956837820738204
5,90,158,11,120,9,0,1,0,0,2,1,1,1,1,0.6065306597126334,1.0,0.059523809523809534,0.75,0.554887327063299
2,30,127,7,180,17,6,1,0,0,1,1,1,1,1,0.0820849986238988,0.4,0.24404761904761907,0.16666666666666666,0.23363551039590724
1,60,159,11,180,10,1,1,0,0,3,1,1,1,1,0.7788007830714049,0.2,0.0535714285714286,0.3333333333333333,0.30395528811683814
4,45,53,7,60,17,0,0,1,0,4,1,1,1,1,0.0820849986238988,0.8,0.6845238095238095,0.75,0.5764594433720668
3,90,96,6,120,12,0,1,1,1,3,1,1,1,1,0.22313016014842982,0.6,0.4285714285714286,0.75,0.4612652432449795
4,120,134,8,120,12,5,0,0,1,1,1,1,1,1,0.36787944117144233,0.8,0.20238095238095233,1.0,0.5255023243422736
1,90,160,9,120,8,3,1,0,0,0,1,1,1,1,0.7788007830714049,0.2,0.04761904761904767,0.75,0.32309071564768616
2,90,128,6,120,21,5,0,0,1,3,1,1,1,1,0.10539922456186433,0.4,0.23809523809523814,0.75,0.31764964968443393
1,30,168,11,180,16,6,1,0,1,1,1,1,1,1,0.2865047968601901,0.2,0.0,0.16666666666666666,0.1865499024136091
1,45,90,7,60,9,3,0,1,1,4,1,1,1,1,0.6065306597126334,0.2,0.4642857142857143,0.75,0.4575649472571241
4,45,83,8,60,16,4,1,0,0,5,1,1,1,1,0.1353352832366127,0.8,0.5059523809523809,0.75,0.5206978178249125
1,60,117,9,150,14,2,0,0,0,2,1,1,1,1,0.2865047968601901,0.2,0.3035714285714286,0.4,0.2805020577657577
4,60,116,8,60,15,4,0,0,0,3,1,1,1,1,0.17377394345044514,0.8,0.30952380952380953,1.0,0.47280590319854987
4,30,124,6,30,21,6,1,0,0,1,1,1,1,1,0.10539922456186433,0.8,0.26190476190476186,1.0,0.4535077514587715
4,45,130,7,150,16,5,0,0,0,2,1,1,1,1,0.10539922456186433,0.8,0.22619047619047616,0.3,0.4159634618460278
1,150,163,7,150,18,2,1,0,0,3,1,1,1,1,0.06392786120670757,0.2,0.029761904761904767,1.0,0.18595841011285166
5,30,149,9,90,7,3,1,0,0,0,1,1,1,1,0.6065306597126334,1.0,0.11309523809523814,0.3333333333333333,0.5530653538725782
2,120,124,6,180,18,4,1,1,1,4,1,1,1,1,0.049787068367863944,0.4,0.26190476190476186,0.6666666666666666,0.26602785961944164
1,60,111,9,90,10,4,1,1,1,5,1,1,1,1,0.7788007830714049,0.2,0.3392857142857143,0.6666666666666666,0.4405398704281876
2,45,137,8,60,18,4,1,0,0,5,1,1,1,1,0.0820849986238988,0.4,0.18452380952380953,0.75,0.254010286117647
1,45,100,8,120,15,5,1,0,1,0,1,1,1,1,0.17377394345044514,0.2,0.40476190476190477,0.375,0.2529784352253555
2,45,51,6,180,10,5,0,1,0,4,1,1,1,1,0.36787944117144233,0.4,0.6964285714285714,0.25,0.495250387617025
4,180,154,9,180,15,5,1,0,0,1,1,1,1,1,0.22313016014842982,0.8,0.08333333333333337,1.0,0.39130996816362756
3,30,111,9,150,15,3,0,0,0,5,1,1,1,1,0.22313016014842982,0.6,0.3392857142857143,0.2,0.4354161471670189
4,120,145,8,180,9,6,0,0,1,4,1,1,1,1,0.7788007830714049,0.8,0.13690476190476186,0.6666666666666666,0.5806930144980218
3,120,122,8,180,11,6,0,0,0,4,1,1,1,1,0.4723665527410147,0.6,0.27380952380952384,0.6666666666666666,0.3968217728770155
3,30,161,11,60,17,4,1,0,0,4,1,1,1,1,0.22313016014842982,0.6,0.04166666666666663,0.5,0.3225549535163403
4,90,97,7,180,18,3,0,0,0,0,1,1,1,1,0.06392786120670757,0.8,0.42261904761904767,0.5,0.46110098680743805
5,30,15,6,180,8,5,0,0,0,4,1,1,1,1,0.6065306597126334,1.0,0.9107142857142857,0.16666666666666666,0.7813279066696556
3,45,157,6,150,20,0,1,0,0,0,1,1,1,1,0.0820849986238988,0.6,0.06547619047619047,0.3,0.23070176849545312
5,60,124,7,120,11,3,1,0,1,4,1,1,1,1,0.36787944117144233,1.0,0.26190476190476186,0.5,0.6137209216586802
1,45,66,7,150,16,0,1,0,0,1,1,1,1,1,0.10539922456186433,0.2,0.6071428571428572,0.3,0.3541713871536885
2,60,109,9,180,15,1,1,0,0,0,1,1,1,1,0.22313016014842982,0.4,0.35119047619047616,0.3333333333333333,0.29756410014941653
1,150,121,6,180,15,3,1,0,0,3,1,1,1,1,0.10539922456186433,0.2,0.27976190476190477,0.8333333333333334,0.24805703685300426
1,30,158,9,120,7,3,0,0,0,1,1,1,1,1,0.6065306597126334,0.2,0.059523809523809534,0.25,0.24520897021810895
3,60,133,10,180,22,1,1,1,0,4,1,1,1,1,0.049787068367863944,0.6,0.20833333333333337,0.3333333333333333,0.33573571833114096
1,120,144,6,180,8,5,1,1,0,3,1,1,1,1,0.6065306597126334,0.2,0.1428571428571429,0.6666666666666666,0.32110731978455986
4,60,143,6,60,19,2,1,1,0,4,1,1,1,1,0.06392786120670757,0.8,0.14880952380952384,1.0,0.38696380088236015
4,30,104,6,45,6,3,1,1,1,0,1,1,1,1,1.0,0.8,0.38095238095238093,0.6666666666666666,0.6896625530489309
2,90,70,7,150,9,5,1,0,1,5,1,1,1,1,0.6065306597126334,0.4,0.5833333333333333,0.6,0.5279432340867057
4,30,124,10,60,13,5,0,1,0,3,1,1,1,1,0.4723665527410147,0.8,0.26190476190476186,0.5,0.49435794063052696
1,45,75,6,180,15,2,1,1,1,0,1,1,1,1,0.10539922456186433,0.2,0.5535714285714286,0.25,0.32172850768104094
1,150,159,9,180,12,6,1,1,0,1,1,1,1,1,0.4723665527410147,0.2,0.0535714285714286,0.8333333333333334,0.26891798975492226
5,30,158,8,90,10,6,0,0,0,1,1,1,1,1,0.6065306597126334,1.0,0.059523809523809534,0.3333333333333333,0.49564159141558717
5,30,63,8,90,20,3,0,0,1,5,1,1,1,1,0.049787068367863944,1.0,0.625,0.3333333333333333,0.626857811266124
4,30,160,7,45,6,0,0,1,1,2,1,1,1,1,0.7788007830714049,0.8,0.04761904761904767,0.6666666666666666,0.539165794266932
4,30,149,11,90,19,3,0,0,1,3,1,1,1,1,0.1353352832366127,0.8,0.11309523809523814,0.3333333333333333,0.3953872509593483
2,45,100,6,60,12,0,0,0,1,5,1,1,1,1,0.22313016014842982,0.4,0.40476190476190477,0.75,0.3837809610398391
2,120,135,9,120,9,1,0,0,1,1,1,1,1,1,1.0,0.4,0.1964285714285714,1.0,0.5451301931623254
1,45,127,7,120,7,2,1,1,0,3,1,1,1,1,1.0,0.2,0.24404761904761907,0.375,0.4258058260831389
2,60,159,7,150,9,3,1,0,0,1,1,1,1,1,0.6065306597126334,0.4,0.0535714285714286,0.4,0.3131761105505429
4,30,124,9,120,10,6,0,0,1,4,1,1,1,1,0.7788007830714049,0.8,0.26190476190476186,0.25,0.6028129188589798
4,30,149,10,30,10,5,0,1,1,5,1,1,1,1,1.0,0.8,0.11309523809523814,1.0,0.6500625715743357
1,30,155,9,30,8,1,0,0,1,2,1,1,1,1,0.7788007830714049,0.2,0.07738095238095233,1.0,0.34633135266214865
2,90,155,10,120,19,3,1,0,0,4,1,1,1,1,0.10539922456186433,0.4,0.07738095238095233,0.75,0.20680779654292739
5,150,84,6,180,8,5,0,0,0,5,1,1,1,1,0.6065306597126334,1.0,0.5,0.8333333333333334,0.7249793472346814
5,30,159,8,60,15,3,0,0,0,4,1,1,1,1,0.17377394345044514,1.0,0.0535714285714286,0.5,0.4272654498209725
5,45,163,12,45,10,0,0,1,1,2,1,1,1,1,0.6065306597126334,1.0,0.029761904761904767,1.0,0.6054024011600901
4,60,128,10,150,17,0,0,0,0,3,1,1,1,1,0.17377394345044514,0.8,0.23809523809523814,0.4,0.3982615495119437
4,60,102,6,180,19,1,1,0,1,0,1,1,1,1,0.06392786120670757,0.8,0.3928571428571429,0.3333333333333333,0.47047471933374463
1,30,117,10,180,8,4,1,0,1,1,1,1,1,1,0.6065306597126334,0.2,0.3035714285714286,0.16666666666666666,0.3418133700918174
4,30,142,11,45,16,4,0,0,0,0,1,1,1,1,0.2865047968601901,0.8,0.15476190476190477,0.6666666666666666,0.426899468550508
2,45,68,8,90,15,4,0,0,0,3,1,1,1,1,0.17377394345044514,0.4,0.5952380952380952,0.5,0.38293881993242646
4,60,125,8,90,18,5,0,0,0,3,1,1,1,1,0.0820849986238988,0.8,0.25595238095238093,0.6666666666666666,0.4324366611911399
2,90,139,9,120,22,5,0,0,0,0,1,1,1,1,0.06392786120670757,0.4,0.17261904761904767,0.75,0.23689781161474974
1,90,93,7,120,14,4,0,0,1,5,1,1,1,1,0.17377394345044514,0.2,0.4464285714285714,0.75,0.24808228685846342
5,90,143,6,90,9,6,0,0,0,2,1,1,1,1,0.4723665527410147,1.0,0.14880952380952384,1.0,0.5562534353058612
4,30,110,6,90,8,6,0,0,1,3,1,1,1,1,0.6065306597126334,0.8,0.34523809523809523,0.3333333333333333,0.5521339547467111
5,60,142,8,60,11,2,1,0,0,4,1,1,1,1,0.4723665527410147,1.0,0.15476190476190477,1.0,0.5788100175409742
3,150,129,7,180,11,3,0,0,0,2,1,1,1,1,0.36787944117144233,0.6,0.2321428571428571,0.8333333333333334,0.434112948661461
5,90,110,9,150,6,4,1,1,1,4,1,1,1,1,0.4723665527410147,1.0,0.34523809523809523,0.6,0.672394309209891
1,150,135,8,150,16,0,0,0,0,4,1,1,1,1,0.1353352832366127,0.2,0.1964285714285714,1.0,0.224742728308089
5,30,93,8,60,16,3,1,0,1,5,1,1,1,1,0.1353352832366127,1.0,0.4464285714285714,0.5,0.5541903962133281
1,30,97,6,30,16,2,1,0,0,1,1,1,1,1,0.0820849986238988,0.2,0.42261904761904767,1.0,0.24353861068324514
3,30,105,6,30,18,6,1,0,0,0,1,1,1,1,0.049787068367863944,0.6,0.375,1.0,0.3656751322000182
1,120,161,8,150,17,6,1,0,0,3,1,1,1,1,0.10539922456186433,0.2,0.04166666666666663,0.8,0.150544859311102
5,45,157,7,45,21,4,1,1,0,3,1,1,1,1,0.0820849986238988,1.0,0.06547619047619047,1.0,0.44415446146740434
1,30,146,7,60,18,2,0,0,1,2,1,1,1,1,0.06392786120670757,0.2,0.13095238095238093,0.5,0.18919356800608986
3,45,168,10,150,9,0,1,0,0,4,1,1,1,1,0.7788007830714049,0.6,0.0,0.3,0.392340886298308
4,60,139,7,180,15,6,0,0,0,0,1,1,1,1,0.1353352832366127,0.8,0.17261904761904767,0.3333333333333333,0.39150044599316186
4,60,66,6,90,12,4,1,0,0,4,1,1,1,1,0.22313016014842982,0.8,0.6071428571428572,0.6666666666666666,0.5581924340988363
3,90,71,6,150,13,5,1,1,0,0,1,1,1,1,0.17377394345044514,0.6,0.5773809523809523,0.6,0.4764571033631558
3,60,109,7,150,6,6,0,1,0,2,1,1,1,1,0.7788007830714049,0.6,0.35119047619047616,0.4,0.5348285352710842
4,30,160,7,180,7,4,0,0,0,3,1,1,1,1,1.0,0.8,0.04761904761904767,0.16666666666666666,0.510664732585037
2,45,68,8,60,7,3,0,0,1,1,1,1,1,1,0.7788007830714049,0.4,0.5952380952380952,0.75,0.5618113916218046
4,30,41,6,180,14,3,0,0,0,3,1,1,1,1,0.1353352832366127,0.8,0.7559523809523809,0.16666666666666666,0.5719023586170364
4,45,66,8,150,9,2,0,0,0,5,1,1,1,1,0.7788007830714049,0.8,0.6071428571428572,0.3,0.6563371780602926
5,30,120,10,90,9,5,0,0,1,0,1,1,1,1,0.7788007830714049,1.0,0.2857142857142857,0.3333333333333333,0.6715322492565433
1,150,122,8,150,7,5,1,0,0,1,1,1,1,1,0.7788007830714049,0.2,0.27380952380952384,1.0,0.34828372098316573
1,45,162,9,180,8,2,1,0,1,4,1,1,1,1,0.7788007830714049,0.2,0.0357142857142857,0.25,0.29152387735201585
1,45,80,8,180,8,3,0,0,0,5,1,1,1,1,1.0,0.2,0.5238095238095238,0.25,0.5040500022276265
2,120,101,7,180,10,2,1,0,0,1,1,1,1,1,0.4723665527410147,0.4,0.39880952380952384,0.6666666666666666,0.40854395883439726
4,30,81,8,30,6,1,0,0,0,2,1,1,1,1,0.6065306597126334,0.8,0.5178571428571428,1.0,0.6512813120270121
3,30,130,9,120,10,2,1,0,0,1,1,1,1,1,0.7788007830714049,0.6,0.22619047619047616,0.25,0.5035942116479106
4,60,144,9,150,9,1,0,0,0,2,1,1,1,1,1.0,0.8,0.1428571428571429,0.4,0.6191988804623
4,120,113,8,120,13,4,1,0,0,1,1,1,1,1,0.2865047968601901,0.8,0.32738095238095233,1.0,0.4831462199864506
5,30,16,6,120,11,4,1,0,0,4,1,1,1,1,0.2865047968601901,1.0,0.9047619047619048,0.25,0.6698619128378119
5,120,58,6,120,6,3,0,0,0,5,1,1,1,1,1.0,1.0,0.6547619047619048,1.0,0.8192718649266667
1,60,138,8,180,11,1,0,0,1,3,1,1,1,1,0.4723665527410147,0.2,0.1785714285714286,0.3333333333333333,0.312557421622147
1,45,100,6,120,8,5,0,1,0,4,1,1,1,1,0.6065306597126334,0.2,0.40476190476190477,0.375,0.40791130532852193
4,60,141,9,180,22,4,0,0,1,1,1,1,1,1,0.06392786120670757,0.8,0.1607142857142857,0.3333333333333333,0.39236317794183206
3,60,69,6,180,21,6,1,0,0,4,1,1,1,1,0.10539922456186433,0.6,0.5892857142857143,0.3333333333333333,0.44474227879278727
2,90,167,8,150,13,6,1,0,0,2,1,1,1,1,0.2865047968601901,0.4,0.005952380952380931,0.6,0.285468173514088
1,45,151,7,150,9,4,0,0,0,5,1,1,1,1,0.6065306597126334,0.2,0.10119047619047616,0.3,0.27211655983700583
1,30,119,7,90,21,0,1,1,0,0,1,1,1,1,0.0820849986238988,0.2,0.29166666666666663,0.3333333333333333,0.2050088349578398
1,120,151,6,150,6,0,1,1,1,0,1,1,1,1,1.0,0.2,0.10119047619047616,0.8,0.4124206136779229
5,45,131,10,60,22,3,0,0,0,5,1,1,1,1,0.049787068367863944,1.0,0.22023809523809523,0.75,0.4652905664772914
2,30,60,8,180,14,5,0,0,1,4,1,1,1,1,0.22313016014842982,0.4,0.6428571428571428,0.16666666666666666,0.4141139275732741
4,30,56,7,30,16,3,1,0,1,3,1,1,1,1,0.10539922456186433,0.8,0.6666666666666667,1.0,0.5798078890565194
1,30,162,10,120,20,4,1,0,0,1,1,1,1,1,0.0820849986238988,0.2,0.0357142857142857,0.25,0.11303936555008576
2,60,139,10,180,8,6,0,0,0,2,1,1,1,1,0.6065306597126334,0.4,0.17261904761904767,0.3333333333333333,0.34691256961831035
2,60,108,9,90,9,2,1,0,0,5,1,1,1,1,1.0,0.4,0.3571428571428571,0.6666666666666666,0.5232866669636642
5,30,100,7,45,15,5,1,0,0,5,1,1,1,1,0.1353352832366127,1.0,0.40476190476190477,0.6666666666666666,0.5774841578551272
4,60,152,8,150,15,3,1,0,0,5,1,1,1,1,0.17377394345044514,0.8,0.09523809523809523,0.4,0.3464427456577579
5,30,128,9,60,18,0,1,1,0,0,1,1,1,1,0.10539922456186433,1.0,0.23809523809523814,0.5,0.49008917536110325
4,60,58,7,120,10,6,0,0,1,5,1,1,1,1,0.4723665527410147,0.8,0.6547619047619048,0.5,0.6667949582898167
4,45,125,10,150,8,0,1,0,0,3,1,1,1,1,0.6065306597126334,0.8,0.25595238095238093,0.3,0.5168144279544886
1,45,91,6,120,19,5,0,0,0,3,1,1,1,1,0.06392786120670757,0.2,0.45833333333333337,0.375,0.22594246945886312
5,45,114,6,180,16,5,1,1,0,0,1,1,1,1,0.0820849986238988,1.0,0.3214285714285714,0.25,0.5507792772067795
5,45,119,9,150,10,2,1,1,1,0,1,1,1,1,0.7788007830714049,1.0,0.29166666666666663,0.3,0.7750536642296719
2,45,90,9,45,22,0,0,0,0,1,1,1,1,1,0.06392786120670757,0.4,0.4642857142857143,1.0,0.309185009224329
1,45,150,7,45,18,0,1,0,0,1,1,1,1,1,0.06392786120670757,0.2,0.1071428571428571,1.0,0.15767803472019853
3,90,59,6,180,9,5,0,0,0,2,1,1,1,1,0.4723665527410147,0.6,0.6488095238095238,0.5,0.5789622369770498
4,30,91,7,150,15,6,1,1,1,4,1,1,1,1,0.1353352832366127,0.8,0.45833333333333337,0.2,0.5387007582211136
3,30,19,6,120,11,0,0,0,1,1,1,1,1,1,0.2865047968601901,0.6,0.8869047619047619,0.25,0.5870907052993524
1,45,121,7,90,12,5,1,0,0,5,1,1,1,1,0.2865047968601901,0.2,0.27976190476190477,0.5,0.26418745317801867
2,30,71,7,150,14,0,1,1,0,1,1,1,1,1,0.17377394345044514,0.4,0.5773809523809523,0.2,0.3809300984767279
3,30,123,7,60,6,1,0,0,1,0,1,1,1,1,0.7788007830714049,0.6,0.2678571428571429,0.5,0.5357628479100462
3,60,96,8,150,22,1,0,0,0,1,1,1,1,1,0.0820849986238988,0.6,0.4285714285714286,0.4,0.4260600298499526
3,30,101,8,120,18,1,0,1,0,4,1,1,1,1,0.0820849986238988,0.6,0.39880952380952384,0.25,0.44231465330787545
1,120,88,7,120,10,4,0,0,0,5,1,1,1,1,0.4723665527410147,0.2,0.47619047619047616,1.0,0.3612135036351618
3,45,125,8,150,19,3,0,0,0,0,1,1,1,1,0.06392786120670757,0.6,0.25595238095238093,0.3,0.3513487082407234
2,30,150,8,150,7,3,1,0,0,1,1,1,1,1,0.7788007830714049,0.4,0.1071428571428571,0.2,0.4472385854579941
1,45,125,10,150,16,5,0,1,0,4,1,1,1,1,0.22313016014842982,0.2,0.25595238095238093,0.3,0.22816899296198018
2,45,125,10,180,10,1,1,0,0,5,1,1,1,1,1.0,0.4,0.25595238095238093,0.25,0.48572484247034514
2,120,120,6,150,11,5,0,0,0,2,1,1,1,1,0.2865047968601901,0.4,0.2857142857142857,0.8,0.35401177068018297
1,150,141,8,150,21,6,0,0,1,4,1,1,1,1,0.06392786120670757,0.2,0.1607142857142857,1.0,0.21417710251429473
4,60,72,8,120,14,3,1,1,0,5,1,1,1,1,0.22313016014842982,0.8,0.5714285714285714,0.5,0.5397724581186453
1,45,107,6,180,8,5,0,0,1,5,1,1,1,1,0.6065306597126334,0.2,0.36309523809523814,0.25,0.32084820184410445
1,30,55,6,30,10,4,0,1,0,1,1,1,1,1,0.36787944117144233,0.2,0.6726190476190477,1.0,0.4926587691305908
4,45,149,8,120,13,1,1,0,0,3,1,1,1,1,0.2865047968601901,0.8,0.11309523809523814,0.375,0.3967569754055611
3,45,138,11,150,19,5,1,0,1,3,1,1,1,1,0.1353352832366127,0.6,0.1785714285714286,0.3,0.3085174265202353
5,45,104,7,60,13,1,0,0,1,5,1,1,1,1,0.22313016014842982,1.0,0.38095238095238093,0.75,0.6514375870102054
2,60,84,6,120,18,1,1,0,0,2,1,1,1,1,0.049787068367863944,0.4,0.5,0.5,0.3568214377591567
5,45,149,7,45,9,6,0,0,1,1,1,1,1,1,0.6065306597126334,1.0,0.11309523809523814,1.0,0.6109956569951887
1,30,137,9,60,8,1,0,0,0,2,1,1,1,1,0.7788007830714049,0.2,0.18452380952380953,0.5,0.3327622567151466
5,30,58,6,120,20,5,0,0,0,0,1,1,1,1,0.0820849986238988,1.0,0.6547619047619048,0.25,0.6021920042823317
3,60,134,9,180,13,4,0,0,0,3,1,1,1,1,0.36787944117144233,0.6,0.20238095238095233,0.3333333333333333,0.3646882889758078
4,60,159,7,150,20,6,1,1,1,0,1,1,1,1,0.06392786120670757,0.8,0.0535714285714286,0.4,0.3826720610416424
3,60,97,7,150,21,3,1,0,1,1,1,1,1,1,0.0820849986238988,0.6,0.42261904761904767,0.4,0.42020926540765313
2,30,146,9,60,10,3,1,0,1,5,1,1,1,1,0.7788007830714049,0.4,0.13095238095238093,0.5,0.3923700351905533
4,45,96,9,150,20,3,0,0,0,0,1,1,1,1,0.06392786120670757,0.8,0.4285714285714286,0.3,0.43420221606628173
2,120,160,7,120,22,0,0,0,0,0,1,1,1,1,0.10539922456186433,0.4,0.04761904761904767,1.0,0.2455149524298975
3,30,144,7,45,9,4,1,0,1,0,1,1,1,1,0.6065306597126334,0.6,0.1428571428571429,0.6666666666666666,0.4428898381989114
4,45,163,10,45,21,5,0,0,0,2,1,1,1,1,0.06392786120670757,0.8,0.029761904761904767,1.0,0.3285475671059731
5,150,112,6,180,8,0,0,0,1,1,1,1,1,1,0.6065306597126334,1.0,0.33333333333333337,0.8333333333333334,0.679574010441482
2,90,94,8,150,7,5,1,0,1,1,1,1,1,1,0.7788007830714049,0.4,0.44047619047619047,0.6,0.5020600843711812
2,60,46,6,60,18,4,0,1,1,5,1,1,1,1,0.049787068367863944,0.4,0.7261904761904762,1.0,0.4536367677948525
1,30,87,8,120,20,2,0,0,1,2,1,1,1,1,0.049787068367863944,0.2,0.4821428571428571,0.25,0.24382314695890334
3,120,111,6,180,10,5,1,1,0,5,1,1,1,1,0.36787944117144233,0.6,0.3392857142857143,0.6666666666666666,0.44177619681848707
5,150,107,7,150,17,4,0,1,0,5,1,1,1,1,0.0820849986238988,1.0,0.36309523809523814,1.0,0.5721581137198576
1,30,156,10,30,8,3,0,0,0,2,1,1,1,1,0.6065306597126334,0.2,0.0714285714285714,1.0,0.30595205736532954
4,30,111,10,45,18,4,1,0,0,4,1,1,1,1,0.1353352832366127,0.8,0.3392857142857143,0.6666666666666666,0.45107901485215834
2,45,87,6,120,13,2,0,1,0,2,1,1,1,1,0.17377394345044514,0.4,0.4821428571428571,0.375,0.36382983189645535
2,45,152,6,150,21,3,1,1,0,0,1,1,1,1,0.10539922456186433,0.4,0.09523809523809523,0.3,0.2067964047189187
5,45,113,7,150,19,2,0,1,1,4,1,1,1,1,0.049787068367863944,1.0,0.32738095238095233,0.3,0.5317698996787419
1,60,121,6,150,16,3,1,0,0,0,1,1,1,1,0.0820849986238988,0.2,0.27976190476190477,0.4,0.20499930517894704
3,90,110,6,120,19,0,1,0,1,2,1,1,1,1,0.06392786120670757,0.6,0.34523809523809523,0.75,0.3476080076494746
1,30,85,8,120,11,1,1,0,0,2,1,1,1,1,0.4723665527410147,0.2,0.49404761904761907,0.25,0.35670429246848484
1,45,136,10,45,15,1,1,1,0,2,1,1,1,1,0.2865047968601901,0.2,0.19047619047619047,1.0,0.26577073110622595
4,30,93,7,60,11,4,1,0,0,0,1,1,1,1,0.36787944117144233,0.8,0.4464285714285714,0.5,0.4797941375649215
5,30,126,8,30,18,2,1,0,1,3,1,1,1,1,0.0820849986238988,1.0,0.25,1.0,0.5140741029518816
1,60,143,7,150,17,2,1,1,1,2,1,1,1,1,0.0820849986238988,0.2,0.14880952380952384,0.4,0.18760220656701768
5,120,57,6,180,17,1,0,1,1,3,1,1,1,1,0.06392786120670757,1.0,0.6607142857142857,0.6666666666666666,0.6472572351265259
3,30,136,6,150,7,6,0,1,1,5,1,1,1,1,0.7788007830714049,0.6,0.19047619047619047,0.2,0.5381352085579673
2,30,57,7,90,15,0,1,0,1,1,1,1,1,1,0.1353352832366127,0.4,0.6607142857142857,0.3333333333333333,0.3936424899889232
1,45,81,8,90,19,3,0,0,0,2,1,1,1,1,0.06392786120670757,0.2,0.5178571428571428,0.5,0.24809185637022269
2,120,143,6,150,15,4,0,0,0,3,1,1,1,1,0.10539922456186433,0.4,0.14880952380952384,0.8,0.26735098338349594
1,90,87,6,150,14,0,1,0,0,5,1,1,1,1,0.1353352832366127,0.2,0.4821428571428571,0.6,0.3380841084291511
4,45,125,10,90,15,0,0,0,0,0,1,1,1,1,0.2865047968601901,0.8,0.25595238095238093,0.5,0.46367872565741297
1,150,158,8,150,13,0,0,1,1,1,1,1,1,1,0.2865047968601901,0.2,0.059523809523809534,1.0,0.26097877246795353
3,60,123,6,150,13,1,0,0,1,0,1,1,1,1,0.17377394345044514,0.6,0.2678571428571429,0.4,0.3710065772479417
1,120,146,7,120,16,0,1,1,1,3,1,1,1,1,0.10539922456186433,0.2,0.13095238095238093,1.0,0.2228023857354094
5,60,139,6,150,8,4,1,0,0,4,1,1,1,1,0.6065306597126334,1.0,0.17261904761904767,0.4,0.5708287916438253
4,30,110,7,150,18,3,1,0,0,4,1,1,1,1,0.06392786120670757,0.8,0.34523809523809523,0.2,0.406957423144201
2,30,132,11,60,15,1,0,0,1,5,1,1,1,1,0.36787944117144233,0.4,0.2142857142857143,0.5,0.3253602212616456
1,90,81,6,120,22,5,1,0,1,5,1,1,1,1,0.1353352832366127,0.2,0.5178571428571428,0.75,0.3205108935116319
5,120,63,6,150,6,0,0,1,1,3,1,1,1,1,1.0,1.0,0.625,0.8,0.9216217841127471
2,60,143,10,180,21,6,0,0,1,0,1,1,1,1,0.06392786120670757,0.4,0.14880952380952384,0.3333333333333333,0.2685039485063691
1,60,156,10,150,6,0,0,0,0,1,1,1,1,1,0.36787944117144233,0.2,0.0714285714285714,0.4,0.17900926691840252
2,60,87,7,120,9,4,1,0,0,2,1,1,1,1,0.6065306597126334,0.4,0.4821428571428571,0.5,0.4758312400096341
2,90,143,10,150,8,6,1,1,0,2,1,1,1,1,0.6065306597126334,0.4,0.14880952380952384,0.6,0.4230000176766178
2,45,152,6,120,12,1,1,1,1,2,1,1,1,1,0.22313016014842982,0.4,0.09523809523809523,0.375,0.3400775239998516
3,45,141,7,90,13,0,1,0,0,2,1,1,1,1,0.22313016014842982,0.6,0.1607142857142857,0.5,0.37225821540763404
1,90,57,6,90,16,4,0,0,1,2,1,1,1,1,0.0820849986238988,0.2,0.6607142857142857,1.0,0.35850694085477813
1,90,134,8,120,19,4,1,0,1,4,1,1,1,1,0.06392786120670757,0.2,0.20238095238095233,0.75,0.15487099374367
3,120,105,6,180,19,5,0,0,1,0,1,1,1,1,0.06392786120670757,0.6,0.375,0.6666666666666666,0.40585416324563045
4,60,125,10,120,12,6,0,0,1,1,1,1,1,1,0.6065306597126334,0.8,0.25595238095238093,0.5,0.5177343345372701
2,90,109,6,120,22,2,0,0,0,5,1,1,1,1,0.1353352832366127,0.4,0.35119047619047616,0.75,0.32527773093778384
3,30,100,7,120,6,6,0,0,0,1,1,1,1,1,0.7788007830714049,0.6,0.40476190476190477,0.25,0.5577446587469772
3,90,160,6,90,20,4,0,0,1,2,1,1,1,1,0.0820849986238988,0.6,0.04761904761904767,1.0,0.3329822048720358
1,120,89,6,180,21,6,1,1,1,4,1,1,1,1,0.10539922456186433,0.2,0.47023809523809523,0.6666666666666666,0.34133664902864524
4,45,99,7,150,21,3,0,0,0,5,1,1,1,1,0.0820849986238988,0.8,0.4107142857142857,0.3,0.42970060322455644
3,30,126,6,90,20,6,1,0,0,3,1,1,1,1,0.0820849986238988,0.6,0.25,0.3333333333333333,0.31654520893196
5,30,162,8,90,22,2,0,0,0,0,1,1,1,1,0.0820849986238988,1.0,0.0357142857142857,0.3333333333333333,0.4042342078654539
1,30,151,6,90,20,0,1,0,0,1,1,1,1,1,0.0820849986238988,0.2,0.10119047619047616,0.3333333333333333,0.14057771036983607
2,90,76,7,120,21,0,1,0,1,0,1,1,1,1,0.0820849986238988,0.4,0.5476190476190477,0.75,0.39374965315490285
5,30,119,9,60,11,0,0,1,0,3,1,1,1,1,0.6065306597126334,1.0,0.29166666666666663,0.5,0.623607490939389
3,120,161,6,120,20,5,1,0,0,1,1,1,1,1,0.0820849986238988,0.6,0.04166666666666663,1.0,0.26031209967610724
3,45,167,7,45,22,1,1,1,1,1,1,1,1,1,0.10539922456186433,0.6,0.005952380952380931,1.0,0.2979223260151006
2,30,89,8,150,21,2,1,0,0,1,1,1,1,1,0.06392786120670757,0.4,0.47023809523809523,0.2,0.3314998932740685
1,45,158,10,150,9,5,0,0,0,0,1,1,1,1,0.7788007830714049,0.2,0.059523809523809534,0.3,0.31221940727820297
1,60,168,6,90,7,5,0,0,1,5,1,1,1,1,0.7788007830714049,0.2,0.0,0.6666666666666666,0.3660891726052286
4,60,153,6,120,9,1,1,1,0,5,1,1,1,1,0.4723665527410147,0.8,0.0892857142857143,0.5,0.46952896394822824
3,45,159,11,45,20,6,0,1,0,0,1,1,1,1,0.10539922456186433,0.6,0.0535714285714286,1.0,0.37879518314155414
3,45,86,6,90,18,3,0,1,1,1,1,1,1,1,0.049787068367863944,0.6,0.48809523809523814,0.5,0.4837030458718508
5,45,97,8,120,15,0,1,0,0,2,1,1,1,1,0.17377394345044514,1.0,0.42261904761904767,0.375,0.5111539570397714
4,90,67,6,90,19,2,0,0,1,0,1,1,1,1,0.06392786120670757,0.8,0.6011904761904762,1.0,0.5598766156148886
3,45,167,9,150,15,6,0,0,0,5,1,1,1,1,0.22313016014842982,0.6,0.005952380952380931,0.3,0.2579074242060052
2,60,124,8,90,17,4,1,0,0,5,1,1,1,1,0.10539922456186433,0.4,0.26190476190476186,0.6666666666666666,0.28525560029154023
5,90,143,8,150,15,1,0,0,1,2,1,1,1,1,0.17377394345044514,1.0,0.14880952380952384,0.6,0.46150466311641425
1,30,123,9,60,14,3,1,0,1,5,1,1,1,1,0.2865047968601901,0.2,0.2678571428571429,0.5,0.27434578926305064
4,120,95,7,120,9,5,1,0,0,2,1,1,1,1,0.6065306597126334,0.8,0.43452380952380953,1.0,0.6090936894580441
1,120,166,9,120,17,5,1,0,1,4,1,1,1,1,0.1353352832366127,0.2,0.011904761904761862,1.0,0.17861870710278552
2,90,154,9,120,16,6,1,0,1,0,1,1,1,1,0.17377394345044514,0.4,0.08333333333333337,0.75,0.2508468164944231
1,30,141,6,30,18,0,1,1,1,3,1,1,1,1,0.049787068367863944,0.2,0.1607142857142857,1.0,0.23801699029596726
5,45,74,8,60,22,2,1,0,1,5,1,1,1,1,0.0820849986238988,1.0,0.5595238095238095,0.75,0.6419851179782323
4,30,149,11,60,18,0,1,0,1,2,1,1,1,1,0.17377394345044514,0.8,0.11309523809523814,0.5,0.37064108967860127
1,45,164,11,180,8,6,0,0,1,0,1,1,1,1,0.4723665527410147,0.2,0.023809523809523836,0.25,0.2102553900569432
5,120,165,6,180,15,2,0,0,1,4,1,1,1,1,0.10539922456186433,1.0,0.017857142857142905,0.6666666666666666,0.45256305881915393
3,45,146,11,120,12,5,1,0,0,0,1,1,1,1,0.7788007830714049,0.6,0.13095238095238093,0.375,0.48619943382557435
2,120,107,6,150,13,2,0,0,1,4,1,1,1,1,0.17377394345044514,0.4,0.36309523809523814,0.8,0.37917790299200005
4,30,148,10,150,18,2,1,0,1,2,1,1,1,1,0.1353352832366127,0.8,0.11904761904761907,0.2,0.3429491992608534
5,45,163,9,60,7,3,0,1,0,4,1,1,1,1,0.6065306597126334,1.0,0.029761904761904767,0.75,0.5046452143184506
3,90,132,7,150,21,2,0,0,1,2,1,1,1,1,0.0820849986238988,0.6,0.2142857142857143,0.6,0.35422805480102515
1,60,84,7,120,15,5,1,1,0,4,1,1,1,1,0.1353352832366127,0.2,0.5,0.5,0.2502420999351074
4,60,127,6,150,18,6,0,1,0,0,1,1,1,1,0.049787068367863944,0.8,0.24404761904761907,0.4,0.39833247362838764
2,150,115,6,180,8,1,1,0,1,5,1,1,1,1,0.6065306597126334,0.4,0.31547619047619047,0.8333333333333334,0.441803559043127
3,30,146,9,45,19,0,1,0,1,1,1,1,1,1,0.0820849986238988,0.6,0.13095238095238093,0.6666666666666666,0.3408616370736404
1,60,33,6,60,18,1,0,1,0,0,1,1,1,1,0.049787068367863944,0.2,0.8035714285714286,1.0,0.39097912862379414
4,60,126,7,150,14,0,1,0,1,3,1,1,1,1,0.17377394345044514,0.8,0.25,0.4,0.44808575214484486
3,120,166,10,150,9,1,0,0,0,1,1,1,1,1,0.7788007830714049,0.6,0.011904761904761862,0.8,0.45693353321387414
1,30,133,8,150,20,4,1,0,1,5,1,1,1,1,0.049787068367863944,0.2,0.20833333333333337,0.2,0.20040275447889008
4,60,47,6,120,13,5,0,1,0,5,1,1,1,1,0.17377394345044514,0.8,0.7202380952380952,0.5,0.6076779581954302
1,30,78,6,90,12,5,0,0,0,4,1,1,1,1,0.22313016014842982,0.2,0.5357142857142857,0.3333333333333333,0.27971449527382447
4,90,145,6,120,19,4,1,1,1,0,1,1,1,1,0.06392786120670757,0.8,0.13690476190476186,0.75,0.4538300580307832
1,90,160,7,150,20,6,0,1,0,0,1,1,1,1,0.06392786120670757,0.2,0.04761904761904767,0.6,0.14416579145276512
1,30,126,7,180,21,3,1,0,0,1,1,1,1,1,0.0820849986238988,0.2,0.25,0.16666666666666666,0.14650545882801896
5,120,156,10,120,16,3,0,1,0,2,1,1,1,1,0.22313016014842982,1.0,0.0714285714285714,1.0,0.493834671063068
5,90,59,6,150,14,5,1,0,1,1,1,1,1,1,0.1353352832366127,1.0,0.6488095238095238,0.6,0.6044130770087606
5,30,127,9,150,20,1,1,0,1,4,1,1,1,1,0.06392786120670757,1.0,0.24404761904761907,0.2,0.4539237249097112
1,30,85,7,60,19,0,0,0,1,1,1,1,1,1,0.049787068367863944,0.2,0.49404761904761907,0.5,0.29309439795671677
4,30,128,7,120,22,6,1,0,1,3,1,1,1,1,0.10539922456186433,0.8,0.23809523809523814,0.25,0.41017115708069096
1,60,149,11,90,14,0,0,0,0,4,1,1,1,1,0.4723665527410147,0.2,0.11309523809523814,0.6666666666666666,0.25738878656231773
2,45,141,9,150,22,2,1,1,0,0,1,1,1,1,0.06392786120670757,0.4,0.1607142857142857,0.3,0.2449498406415719
5,30,147,9,180,17,3,1,0,0,2,1,1,1,1,0.1353352832366127,1.0,0.125,0.16666666666666666,0.45446979765400025
1,30,64,7,150,15,4,0,0,1,4,1,1,1,1,0.1353352832366127,0.2,0.6190476190476191,0.2,0.3248862089462046
1,180,128,8,180,13,6,0,0,0,2,1,1,1,1,0.2865047968601901,0.2,0.23809523809523814,1.0,0.2428419110598774
3,90,160,6,180,11,0,1,0,0,1,1,1,1,1,0.2865047968601901,0.6,0.04761904761904767,0.5,0.30403641536907267
4,60,89,7,180,16,5,0,0,1,2,1,1,1,1,0.10539922456186433,0.8,0.47023809523809523,0.3333333333333333,0.5309548277638424
3,90,97,6,150,17,4,1,0,1,2,1,1,1,1,0.06392786120670757,0.6,0.42261904761904767,0.6,0.34425783580991476
1,30,121,6,180,15,3,1,0,0,0,1,1,1,1,0.10539922456186433,0.2,0.27976190476190477,0.16666666666666666,0.18369403132986523
3,60,61,6,60,20,4,1,0,1,2,1,1,1,1,0.0820849986238988,0.6,0.6369047619047619,1.0,0.526503865775448
5,30,147,8,120,12,5,1,0,1,3,1,1,1,1,0.36787944117144233,1.0,0.125,0.25,0.5264846453836832
2,45,95,6,60,10,6,1,0,0,0,1,1,1,1,0.36787944117144233,0.4,0.43452380952380953,0.75,0.3814331460450076
3,60,142,8,150,13,2,0,0,1,4,1,1,1,1,0.2865047968601901,0.6,0.15476190476190477,0.4,0.3696849502810034
5,45,160,9,150,19,6,1,1,0,4,1,1,1,1,0.0820849986238988,1.0,0.04761904761904767,0.3,0.4218938760000861
1,30,126,10,30,6,4,1,0,1,0,1,1,1,1,0.36787944117144233,0.2,0.25,1.0,0.24251676171142142
3,60,29,6,120,19,2,0,0,0,3,1,1,1,1,0.06392786120670757,0.6,0.8273809523809523,0.5,0.47564512467065617
2,90,155,7,180,7,2,1,0,0,0,1,1,1,1,1.0,0.4,0.07738095238095233,0.5,0.4537589424925462
5,60,86,7,150,13,5,0,1,1,2,1,1,1,1,0.22313016014842982,1.0,0.48809523809523814,0.4,0.6099107937827152
1,60,138,8,90,10,3,1,1,0,1,1,1,1,1,0.6065306597126334,0.2,0.1785714285714286,0.6666666666666666,0.33806379836906547
4,45,69,6,180,16,5,0,1,0,2,1,1,1,1,0.0820849986238988,0.8,0.5892857142857143,0.25,0.5362172397040944
2,30,104,8,30,19,5,0,0,0,2,1,1,1,1,0.06392786120670757,0.4,0.38095238095238093,1.0,0.30156710384085933
2,45,36,6,120,18,1,0,0,1,4,1,1,1,1,0.049787068367863944,0.4,0.7857142857142857,0.375,0.4405319170250518
5,45,159,6,150,13,5,1,0,1,0,1,1,1,1,0.17377394345044514,1.0,0.0535714285714286,0.3,0.43037455002759284
3,45,130,9,45,11,2,1,1,0,1,1,1,1,1,0.6065306597126334,0.6,0.22619047619047616,1.0,0.5170943595046008
4,45,108,6,150,10,3,1,0,1,3,1,1,1,1,0.36787944117144233,0.8,0.3571428571428571,0.3,0.5343614937831389
2,30,156,6,30,21,5,0,0,0,0,1,1,1,1,0.10539922456186433,0.4,0.0714285714285714,1.0,0.21407702059606046
2,30,94,7,60,22,5,0,0,0,4,1,1,1,1,0.10539922456186433,0.4,0.44047619047619047,0.5,0.3555068010580523
4,90,86,8,180,21,5,0,0,0,1,1,1,1,1,0.06392786120670757,0.8,0.48809523809523814,0.5,0.47517702927430533
2,30,141,7,120,21,3,0,0,1,3,1,1,1,1,0.0820849986238988,0.4,0.1607142857142857,0.25,0.22032263771927021
5,45,150,9,60,8,6,0,0,0,1,1,1,1,1,0.7788007830714049,1.0,0.1071428571428571,0.75,0.6120368497412576
4,30,160,8,45,6,5,1,0,1,0,1,1,1,1,0.6065306597126334,0.8,0.04761904761904767,0.6666666666666666,0.5258053797010659
2,90,107,6,150,8,0,0,1,0,5,1,1,1,1,0.6065306597126334,0.4,0.36309523809523814,0.6,0.49002347855088213
4,60,125,10,60,9,4,1,0,1,0,1,1,1,1,0.7788007830714049,0.8,0.25595238095238093,1.0,0.5846868484629182
1,60,33,6,120,7,5,1,0,1,3,1,1,1,1,0.7788007830714049,0.2,0.8035714285714286,0.5,0.5784503734065756
3,30,73,6,90,21,1,1,0,1,3,1,1,1,1,0.10539922456186433,0.6,0.5654761904761905,0.3333333333333333,0.46796556269683864
5,30,166,9,180,14,3,1,0,0,5,1,1,1,1,0.2865047968601901,1.0,0.011904761904761862,0.16666666666666666,0.48539623428807777
4,30,115,6,60,15,4,0,1,1,2,1,1,1,1,0.10539922456186433,0.8,0.31547619047619047,0.5,0.4689809053738472
1,30,125,9,180,15,5,0,0,0,4,1,1,1,1,0.22313016014842982,0.2,0.25595238095238093,0.16666666666666666,0.23569195878095064
4,120,151,9,150,13,0,0,0,1,2,1,1,1,1,0.36787944117144233,0.8,0.10119047619047616,0.8,0.5097370274801754
1,30,97,7,30,6,0,1,1,0,5,1,1,1,1,0.7788007830714049,0.2,0.42261904761904767,1.0,0.4710185007830068
5,45,150,7,180,17,4,0,0,1,1,1,1,1,1,0.0820849986238988,1.0,0.1071428571428571,0.25,0.4372491556602101
3,60,154,6,150,14,3,1,1,0,5,1,1,1,1,0.1353352832366127,0.6,0.08333333333333337,0.4,0.3071008751817458
3,150,114,8,150,8,1,1,0,0,0,1,1,1,1,1.0,0.6,0.3214285714285714,1.0,0.5902256440187356
3,60,154,8,180,22,3,1,0,1,0,1,1,1,1,0.0820849986238988,0.6,0.08333333333333337,0.3333333333333333,0.2890246051849978
1,30,107,9,30,22,5,0,0,0,2,1,1,1,1,0.06392786120670757,0.2,0.36309523809523814,1.0,0.23296695776006665
2,30,148,11,30,19,3,1,1,0,1,1,1,1,1,0.1353352832366127,0.4,0.11904761904761907,1.0,0.2990192476690653
3,120,103,7,150,8,1,0,0,0,3,1,1,1,1,0.7788007830714049,0.6,0.38690476190476186,0.8,0.5860533843252809
2,90,81,6,90,7,3,0,0,0,3,1,1,1,1,0.7788007830714049,0.4,0.5178571428571428,1.0,0.5273782738832754
3,45,63,7,120,19,4,0,1,1,3,1,1,1,1,0.049787068367863944,0.6,0.625,0.375,0.4729760423483731
5,45,150,8,60,12,5,1,0,0,0,1,1,1,1,0.36787944117144233,1.0,0.1071428571428571,0.75,0.5127003648168521
1,30,164,6,30,9,3,1,1,1,5,1,1,1,1,0.4723665527410147,0.2,0.023809523809523836,1.0,0.25801976991053943
1,150,168,9,180,14,1,1,1,0,3,1,1,1,1,0.2865047968601901,0.2,0.0,0.8333333333333334,0.23234560269327134
3,30,120,10,120,19,6,1,0,0,3,1,1,1,1,0.10539922456186433,0.6,0.2857142857142857,0.25,0.3188977095181714
4,30,51,6,120,9,3,0,0,1,4,1,1,1,1,0.4723665527410147,0.8,0.6964285714285714,0.25,0.6487686648903491
4,45,96,8,45,13,5,1,0,0,3,1,1,1,1,0.2865047968601901,0.8,0.4285714285714286,1.0,0.5291779571444155
4,30,64,7,45,9,2,1,1,1,3,1,1,1,1,0.6065306597126334,0.8,0.6190476190476191,0.6666666666666666,0.6972446992958754
2,30,143,11,60,10,2,1,0,0,0,1,1,1,1,0.7788007830714049,0.4,0.14880952380952384,0.5,0.41057096420198574
5,60,164,10,120,22,6,1,0,0,3,1,1,1,1,0.049787068367863944,1.0,0.023809523809523836,0.5,0.4103150408231983
3,45,126,10,45,20,5,0,0,0,0,1,1,1,1,0.0820849986238988,0.6,0.25,1.0,0.31870620585702814
1,150,73,6,180,10,5,0,0,1,5,1,1,1,1,0.36787944117144233,0.2,0.5654761904761905,0.8333333333333334,0.36834708844721453
2,45,142,9,90,11,6,0,0,0,5,1,1,1,1,0.6065306597126334,0.4,0.15476190476190477,0.5,0.3440054097851871
2,90,140,8,90,17,2,0,0,1,1,1,1,1,1,0.10539922456186433,0.4,0.16666666666666663,1.0,0.30178184521615165
2,45,145,11,150,10,4,1,0,0,3,1,1,1,1,0.7788007830714049,0.4,0.13690476190476186,0.3,0.36514816888780866
4,30,36,7,45,8,6,1,1,0,3,1,1,1,1,0.7788007830714049,0.8,0.7857142857142857,0.6666666666666666,0.7550992104994644
1,30,143,8,45,17,1,0,1,0,0,1,1,1,1,0.10539922456186433,0.2,0.14880952380952384,0.6666666666666666,0.17215670249898046
2,30,159,11,180,17,0,0,0,0,4,1,1,1,1,0.22313016014842982,0.4,0.0535714285714286,0.16666666666666666,0.18750701026192582
1,30,158,9,150,20,6,1,0,0,5,1,1,1,1,0.06392786120670757,0.2,0.059523809523809534,0.2,0.142231208881628
4,60,103,7,150,8,6,1,0,0,4,1,1,1,1,0.7788007830714049,0.8,0.38690476190476186,0.4,0.6470289789240092
3,30,153,11,45,18,6,1,0,0,5,1,1,1,1,0.17377394345044514,0.6,0.0892857142857143,0.6666666666666666,0.2872444394878943
1,90,78,6,150,20,6,0,0,1,0,1,1,1,1,0.0820849986238988,0.2,0.5357142857142857,0.6,0.3275181524532311
5,60,72,6,150,13,1,0,0,0,0,1,1,1,1,0.17377394345044514,1.0,0.5714285714285714,0.4,0.5954776889648389
3,120,87,7,150,17,4,0,1,0,2,1,1,1,1,0.0820849986238988,0.6,0.4821428571428571,0.8,0.44762860754427475
1,90,163,11,150,20,5,0,0,0,2,1,1,1,1,0.10539922456186433,0.2,0.029761904761904767,0.6,0.16080342038363524
5,30,124,9,120,19,5,1,0,0,3,1,1,1,1,0.0820849986238988,1.0,0.26190476190476186,0.25,0.43643724493276037
5,45,140,8,150,20,2,1,0,0,2,1,1,1,1,0.049787068367863944,1.0,0.16666666666666663,0.3,0.43599775946910097
2,60,86,7,150,16,3,1,0,1,4,1,1,1,1,0.10539922456186433,0.4,0.48809523809523814,0.4,0.33947416551261667
5,120,125,6,120,9,5,1,1,0,2,1,1,1,1,0.4723665527410147,1.0,0.25595238095238093,1.0,0.6128617626058591
1,120,162,7,150,20,6,0,0,1,0,1,1,1,1,0.06392786120670757,0.2,0.0357142857142857,0.8,0.1510635558874367
2,60,32,6,90,8,0,1,0,0,3,1,1,1,1,0.6065306597126334,0.4,0.8095238095238095,0.6666666666666666,0.5492928940974576
1,60,125,6,90,7,6,1,1,0,2,1,1,1,1,0.7788007830714049,0.2,0.25595238095238093,0.6666666666666666,0.40667479069381657
2,150,138,7,150,7,1,1,0,0,3,1,1,1,1,1.0,0.4,0.1785714285714286,1.0,0.5157047059154509
4,60,127,6,120,11,2,0,1,0,4,1,1,1,1,0.2865047968601901,0.8,0.24404761904761907,0.5,0.42778409551994995
4,120,165,9,150,12,0,0,0,0,1,1,1,1,1,0.4723665527410147,0.8,0.017857142857142905,0.8,0.4327430668334319
3,45,145,7,60,18,5,1,0,0,4,1,1,1,1,0.06392786120670757,0.6,0.13690476190476186,0.75,0.34413999267136064
4,30,147,8,120,19,6,1,0,0,4,1,1,1,1,0.06392786120670757,0.8,0.125,0.25,0.38067284133960344
5,60,126,10,180,12,5,1,1,1,3,1,1,1,1,0.6065306597126334,1.0,0.25,0.3333333333333333,0.6465977190939078
3,45,42,6,60,19,4,1,0,1,0,1,1,1,1,0.06392786120670757,0.6,0.75,0.75,0.5290671022568187
2,90,146,7,90,16,2,0,0,0,0,1,1,1,1,0.10539922456186433,0.4,0.13095238095238093,1.0,0.2644134375662447
3,45,147,7,90,17,0,1,0,1,0,1,1,1,1,0.0820849986238988,0.6,0.125,0.5,0.3248241093473909
2,90,155,6,90,16,4,0,0,0,5,1,1,1,1,0.0820849986238988,0.4,0.07738095238095233,1.0,0.21667228307490585
3,60,99,8,120,10,0,1,1,1,2,1,1,1,1,0.6065306597126334,0.6,0.4107142857142857,0.5,0.5520870583677528
1,30,38,7,45,19,3,0,1,0,5,1,1,1,1,0.049787068367863944,0.2,0.7738095238095238,0.6666666666666666,0.39485476689498317
2,45,128,10,180,14,0,0,0,1,4,1,1,1,1,0.36787944117144233,0.4,0.23809523809523814,0.25,0.31624124106319573
4,30,133,6,120,7,1,1,0,0,2,1,1,1,1,0.7788007830714049,0.8,0.20833333333333337,0.25,0.566304758465434
1,60,87,8,120,6,1,0,0,0,3,1,1,1,1,0.6065306597126334,0.2,0.4821428571428571,0.5,0.3755108035261607
4,60,72,7,120,11,0,0,0,0,1,1,1,1,1,0.36787944117144233,0.8,0.5714285714285714,0.5,0.6335765671350734
4,45,113,9,180,7,6,0,0,0,5,1,1,1,1,0.6065306597126334,0.8,0.32738095238095233,0.25,0.5280213635324396
4,60,105,8,180,11,0,1,0,0,0,1,1,1,1,0.4723665527410147,0.8,0.375,0.3333333333333333,0.5605616023409139
5,120,73,6,150,18,6,0,0,1,2,1,1,1,1,0.049787068367863944,1.0,0.5654761904761905,0.8,0.596984778227794
4,60,53,6,90,10,1,0,0,0,1,1,1,1,1,0.36787944117144233,0.8,0.6845238095238095,0.6666666666666666,0.614294770616394
2,60,124,8,180,20,3,1,0,0,2,1,1,1,1,0.049787068367863944,0.4,0.26190476190476186,0.3333333333333333,0.24559027101917624
3,45,82,7,150,19,4,0,1,0,3,1,1,1,1,0.049787068367863944,0.6,0.5119047619047619,0.3,0.4429081876782332
5,180,141,6,180,18,4,1,0,1,2,1,1,1,1,0.049787068367863944,1.0,0.1607142857142857,1.0,0.5039093680348745
4,60,116,6,120,22,6,0,1,0,5,1,1,1,1,0.1353352832366127,0.8,0.30952380952380953,0.5,0.5094823418923228
1,45,32,6,120,13,1,0,0,0,3,1,1,1,1,0.17377394345044514,0.2,0.8095238095238095,0.375,0.3324759611809015
3,60,158,11,90,7,2,0,0,1,5,1,1,1,1,0.36787944117144233,0.6,0.059523809523809534,0.6666666666666666,0.37834845016029933
2,45,43,7,90,10,1,1,0,1,3,1,1,1,1,0.4723665527410147,0.4,0.7440476190476191,0.5,0.5659108368040496
4,45,89,6,90,21,5,0,0,0,2,1,1,1,1,0.10539922456186433,0.8,0.47023809523809523,0.5,0.4915615999507387
2,60,147,6,150,15,0,1,0,0,3,1,1,1,1,0.10539922456186433,0.4,0.125,0.4,0.17128072002284653
3,45,152,6,180,10,0,0,0,0,1,1,1,1,1,0.36787944117144233,0.6,0.09523809523809523,0.25,0.3784514902923209
4,30,107,6,45,22,1,0,0,1,3,1,1,1,1,0.1353352832366127,0.8,0.36309523809523814,0.6666666666666666,0.4998157245919143
4,45,102,7,150,10,1,1,1,0,3,1,1,1,1,0.4723665527410147,0.8,0.3928571428571429,0.3,0.5749046587904819
2,45,119,8,180,10,1,1,0,0,5,1,1,1,1,0.6065306597126334,0.4,0.29166666666666663,0.25,0.3945845466006515
1,90,165,10,180,11,6,1,1,0,4,1,1,1,1,0.7788007830714049,0.2,0.017857142857142905,0.5,0.31821949046297976
1,120,87,6,120,14,2,1,1,0,3,1,1,1,1,0.1353352832366127,0.2,0.4821428571428571,1.0,0.2864024957776243
4,60,81,6,120,13,5,1,0,0,2,1,1,1,1,0.17377394345044514,0.8,0.5178571428571428,0.5,0.5249338895636668
5,60,79,8,60,22,3,0,1,1,0,1,1,1,1,0.0820849986238988,1.0,0.5297619047619048,1.0,0.653834353891539
1,30,43,6,30,10,1,1,0,0,4,1,1,1,1,0.36787944117144233,0.2,0.7440476190476191,1.0,0.45561091758567507
5,30,122,10,120,20,5,0,0,1,3,1,1,1,1,0.0820849986238988,1.0,0.27380952380952384,0.25,0.4452572488377499
4,30,168,9,150,8,3,1,1,0,5,1,1,1,1,0.7788007830714049,0.8,0.0,0.2,0.523695651859461
2,30,114,9,30,13,2,0,0,1,0,1,1,1,1,0.36787944117144233,0.4,0.3214285714285714,1.0,0.3708912586581421
1,45,129,10,90,22,4,1,0,0,0,1,1,1,1,0.049787068367863944,0.2,0.2321428571428571,0.5,0.18542945544507763
3,60,75,6,180,9,0,0,0,1,1,1,1,1,1,0.4723665527410147,0.6,0.5535714285714286,0.3333333333333333,0.5094832791084558
3,30,89,7,90,15,1,0,0,0,2,1,1,1,1,0.1353352832366127,0.6,0.47023809523809523,0.3333333333333333,0.4353310986558927
5,60,140,8,60,18,5,1,0,0,4,1,1,1,1,0.0820849986238988,1.0,0.16666666666666663,1.0,0.460630557098091
2,30,142,6,60,16,2,0,0,0,2,1,1,1,1,0.0820849986238988,0.4,0.15476190476190477,0.5,0.31613116836214367
5,30,36,6,180,17,2,1,0,1,5,1,1,1,1,0.06392786120670757,1.0,0.7857142857142857,0.16666666666666666,0.6361084336166861
1,150,99,7,180,14,6,0,1,0,5,1,1,1,1,0.17377394345044514,0.2,0.4107142857142857,0.8333333333333334,0.2665444573621496
1,30,149,11,150,16,2,1,0,0,4,1,1,1,1,0.2865047968601901,0.2,0.11309523809523814,0.2,0.17940749450586851
1,30,155,10,90,7,1,1,1,1,5,1,1,1,1,0.4723665527410147,0.2,0.07738095238095233,0.3333333333333333,0.2584459421453718
2,30,139,9,60,18,4,1,1,0,2,1,1,1,1,0.10539922456186433,0.4,0.17261904761904767,0.5,0.2594897443454504
2,30,110,9,45,9,4,0,1,0,1,1,1,1,1,1.0,0.4,0.34523809523809523,0.6666666666666666,0.5784397962056104
4,120,165,9,150,11,2,0,0,0,3,1,1,1,1,0.6065306597126334,0.8,0.017857142857142905,0.8,0.4987432044996721
3,180,159,9,180,16,5,0,1,0,2,1,1,1,1,0.17377394345044514,0.6,0.0535714285714286,1.0,0.35806944476936053
1,30,141,11,30,12,3,0,0,1,2,1,1,1,1,0.7788007830714049,0.2,0.1607142857142857,1.0,0.45431390212552714
4,60,146,7,180,15,0,1,0,1,0,1,1,1,1,0.1353352832366127,0.8,0.13095238095238093,0.3333333333333333,0.4307791094852287
4,30,166,10,60,7,6,0,0,0,3,1,1,1,1,0.4723665527410147,0.8,0.011904761904761862,0.5,0.4459647833094544
2,45,129,8,180,9,3,0,0,0,1,1,1,1,1,0.7788007830714049,0.4,0.2321428571428571,0.25,0.41906228426688363
2,120,149,7,180,19,6,0,0,0,2,1,1,1,1,0.049787068367863944,0.4,0.11309523809523814,0.6666666666666666,0.21526783594812152
5,90,133,6,180,12,1,0,0,0,0,1,1,1,1,0.22313016014842982,1.0,0.20833333333333337,0.5,0.49023430835880044
4,60,75,8,150,10,4,1,0,1,5,1,1,1,1,0.6065306597126334,0.8,0.5535714285714286,0.4,0.5958898306008116
2,90,154,8,180,20,6,1,0,1,0,1,1,1,1,0.049787068367863944,0.4,0.08333333333333337,0.5,0.18460243463859166
3,45,131,8,180,8,4,1,1,0,0,1,1,1,1,1.0,0.6,0.22023809523809523,0.25,0.5569423922900476
5,60,87,6,180,22,5,0,1,1,3,1,1,1,1,0.1353352832366127,1.0,0.4821428571428571,0.3333333333333333,0.5730190713333622
3,150,152,9,180,7,5,0,0,1,0,1,1,1,1,0.6065306597126334,0.6,0.09523809523809523,0.8333333333333334,0.4629969835617551
3,60,50,7,60,16,5,0,1,0,3,1,1,1,1,0.10539922456186433,0.6,0.7023809523809523,1.0,0.4797961967527249
3,30,89,6,150,21,6,1,0,0,5,1,1,1,1,0.10539922456186433,0.6,0.47023809523809523,0.2,0.3986680152391256
4,45,161,10,90,12,3,1,0,0,0,1,1,1,1,0.6065306597126334,0.8,0.04166666666666663,0.5,0.4540124924485937
3,30,82,7,150,8,0,0,0,1,0,1,1,1,1,0.7788007830714049,0.6,0.5119047619047619,0.2,0.5687363496297893
1,90,137,10,150,16,1,1,0,1,1,1,1,1,1,0.22313016014842982,0.2,0.18452380952380953,0.6,0.23888230447587616
5,60,104,6,120,15,6,0,0,1,1,1,1,1,1,0.10539922456186433,1.0,0.38095238095238093,0.5,0.560409711865915
5,90,151,7,90,18,2,1,0,0,0,1,1,1,1,0.06392786120670757,1.0,0.10119047619047616,1.0,0.4508434680555874
2,60,93,8,90,10,1,1,0,0,4,1,1,1,1,0.6065306597126334,0.4,0.4464285714285714,0.6666666666666666,0.47340802646463925
3,30,28,6,30,22,2,0,0,0,1,1,1,1,1,0.1353352832366127,0.6,0.8333333333333334,1.0,0.6022787321073798
4,60,86,8,120,13,3,0,1,0,3,1,1,1,1,0.2865047968601901,0.8,0.48809523809523814,0.5,0.5217061816659067
2,150,80,6,150,18,5,0,0,1,0,1,1,1,1,0.049787068367863944,0.4,0.5238095238095238,1.0,0.35206948179829933
4,30,95,9,180,11,5,1,1,1,3,1,1,1,1,0.6065306597126334,0.8,0.43452380952380953,0.16666666666666666,0.6113509203470703
2,30,110,6,90,15,3,1,1,0,3,1,1,1,1,0.10539922456186433,0.4,0.34523809523809523,0.3333333333333333,0.3093723778583192
5,60,154,8,180,21,2,0,0,0,2,1,1,1,1,0.06392786120670757,1.0,0.08333333333333337,0.3333333333333333,0.3914669066395263
2,30,96,6,90,7,6,1,0,1,0,1,1,1,1,0.7788007830714049,0.4,0.4285714285714286,0.3333333333333333,0.5004737203024596
1,90,159,10,90,22,2,0,1,1,3,1,1,1,1,0.049787068367863944,0.2,0.0535714285714286,1.0,0.24241524917251556
2,30,162,11,120,12,2,1,0,0,2,1,1,1,1,0.7788007830714049,0.4,0.0357142857142857,0.25,0.3297125997514849
5,45,65,7,150,18,6,0,0,0,0,1,1,1,1,0.06392786120670757,1.0,0.6130952380952381,0.3,0.5489746545565466
2,60,82,7,150,7,6,0,0,0,3,1,1,1,1,1.0,0.4,0.5119047619047619,0.4,0.5651142680434766
3,45,88,6,90,6,6,1,1,0,3,1,1,1,1,1.0,0.6,0.47619047619047616,0.5,0.6629505381307892
4,150,120,6,180,15,1,1,0,0,0,1,1,1,1,0.10539922456186433,0.8,0.2857142857142857,0.8333333333333334,0.45267276781912336
5,30,94,6,150,13,0,0,0,1,0,1,1,1,1,0.17377394345044514,1.0,0.44047619047619047,0.2,0.5356376042069889
2,90,160,9,90,20,6,0,0,0,1,1,1,1,1,0.06392786120670757,0.4,0.04761904761904767,1.0,0.19549978990679787
4,45,97,7,60,6,6,1,0,1,0,1,1,1,1,0.7788007830714049,0.8,0.42261904761904767,0.75,0.6856037334417987
5,30,129,6,90,11,1,0,1,0,4,1,1,1,1,0.2865047968601901,1.0,0.2321428571428571,0.3333333333333333,0.539042085821686
5,30,80,7,120,8,6,0,1,1,2,1,1,1,1,0.7788007830714049,1.0,0.5238095238095238,0.25,0.7476067557517285
3,150,136,8,150,9,6,0,0,1,1,1,1,1,1,0.7788007830714049,0.6,0.19047619047619047,1.0,0.5242496930834218
1,45,167,9,120,10,6,1,1,0,3,1,1,1,1,0.7788007830714049,0.2,0.005952380952380931,0.375,0.34426328500896036
1,120,168,9,180,18,6,0,0,0,2,1,1,1,1,0.10539922456186433,0.2,0.0,0.6666666666666666,0.12087572656041402
1,45,117,6,150,11,3,1,0,1,4,1,1,1,1,0.2865047968601901,0.2,0.3035714285714286,0.3,0.29048146928326174
5,120,161,8,150,10,1,0,1,1,1,1,1,1,1,0.6065306597126334,1.0,0.04166666666666663,0.8,0.5777438184198387
2,90,86,8,150,19,3,1,1,0,0,1,1,1,1,0.06392786120670757,0.4,0.48809523809523814,0.6,0.33708864676523415
3,120,159,8,120,16,1,0,0,0,3,1,1,1,1,0.1353352832366127,0.6,0.0535714285714286,1.0,0.33291865319359415
1,45,118,7,45,9,2,1,0,0,2,1,1,1,1,0.6065306597126334,0.2,0.29761904761904767,1.0,0.35342781850057553
2,90,56,6,90,13,6,1,0,0,5,1,1,1,1,0.17377394345044514,0.4,0.6666666666666667,1.0,0.41363070219938985
1,30,167,8,45,14,6,1,0,0,4,1,1,1,1,0.22313016014842982,0.2,0.005952380952380931,0.6666666666666666,0.14636378012197365
3,30,98,7,180,17,5,1,0,0,0,1,1,1,1,0.0820849986238988,0.6,0.41666666666666663,0.16666666666666666,0.34633487805748664
3,60,73,7,150,13,6,1,0,0,5,1,1,1,1,0.22313016014842982,0.6,0.5654761904761905,0.4,0.45734637672796297
4,60,112,9,120,16,3,1,0,0,3,1,1,1,1,0.17377394345044514,0.8,0.33333333333333337,0.5,0.4480080676529743
5,30,75,7,120,11,5,0,0,1,0,1,1,1,1,0.36787944117144233,1.0,0.5535714285714286,0.25,0.6386426628238355
5,45,49,6,120,15,1,0,0,0,2,1,1,1,1,0.10539922456186433,1.0,0.7083333333333333,0.375,0.6120366387721791
1,30,56,6,90,17,1,1,0,0,5,1,1,1,1,0.06392786120670757,0.2,0.6666666666666667,0.3333333333333333,0.2848283238717014
5,45,86,6,90,19,5,1,1,1,5,1,1,1,1,0.06392786120670757,1.0,0.48809523809523814,0.5,0.5977703019624626
5,30,134,10,90,20,1,1,0,0,3,1,1,1,1,0.0820849986238988,1.0,0.20238095238095233,0.3333333333333333,0.3923046426546025
4,30,85,6,120,7,1,1,0,0,4,1,1,1,1,0.7788007830714049,0.8,0.49404761904761907,0.25,0.6426766859469916
2,45,74,6,60,10,6,0,0,1,4,1,1,1,1,0.36787944117144233,0.4,0.5595238095238095,0.75,0.4431189601748986
1,60,163,9,150,19,5,0,0,0,2,1,1,1,1,0.0820849986238988,0.2,0.029761904761904767,0.4,0.1437307959748066
4,30,67,8,90,13,6,1,0,0,4,1,1,1,1,0.2865047968601901,0.8,0.6011904761904762,0.3333333333333333,0.5929798356553275
5,90,164,8,150,18,5,1,0,0,4,1,1,1,1,0.0820849986238988,1.0,0.023809523809523836,0.6,0.44300955586492197
1,90,97,6,180,8,6,0,0,0,3,1,1,1,1,0.6065306597126334,0.2,0.42261904761904767,0.5,0.3864439304958072
1,90,53,6,150,9,3,1,1,0,0,1,1,1,1,0.4723665527410147,0.2,0.6845238095238095,0.6,0.4720950015224016
2,45,103,7,150,14,6,0,0,1,2,1,1,1,1,0.17377394345044514,0.4,0.38690476190476186,0.3,0.3420343772033756
1,45,55,6,150,22,0,0,0,1,3,1,1,1,1,0.1353352832366127,0.2,0.6726190476190477,0.3,0.3554450282632102
3,150,88,7,150,12,4,1,0,0,0,1,1,1,1,0.2865047968601901,0.6,0.47619047619047616,1.0,0.4721249827602614
3,45,47,6,180,14,6,1,0,0,1,1,1,1,1,0.1353352832366127,0.6,0.7202380952380952,0.25,0.4681045873674058
3,150,163,9,180,22,2,0,0,1,1,1,1,1,1,0.06392786120670757,0.6,0.029761904761904767,0.8333333333333334,0.3130974280355406
2,120,89,6,150,12,1,0,0,1,2,1,1,1,1,0.22313016014842982,0.4,0.47023809523809523,0.8,0.4221417441164605
5,45,25,6,180,20,1,0,0,0,2,1,1,1,1,0.0820849986238988,1.0,0.8511904761904762,0.25,0.6676215239713936
2,30,109,7,150,21,1,0,0,1,3,1,1,1,1,0.0820849986238988,0.4,0.35119047619047616,0.2,0.3389036569657416
1,120,126,6,180,7,0,1,0,0,0,1,1,1,1,0.7788007830714049,0.2,0.25,0.6666666666666666,0.4284081512510515
4,45,153,7,180,7,5,1,0,0,0,1,1,1,1,1.0,0.8,0.0892857142857143,0.25,0.5383963882818602
3,45,131,6,90,13,1,0,0,0,4,1,1,1,1,0.17377394345044514,0.6,0.22023809523809523,0.5,0.33422608269887183
3,30,72,7,60,21,2,1,0,1,5,1,1,1,1,0.0820849986238988,0.6,0.5714285714285714,0.5,0.4580013257899837
3,90,141,6,90,19,2,1,0,1,4,1,1,1,1,0.06392786120670757,0.6,0.1607142857142857,1.0,0.33830150001656134
1,45,156,7,150,16,5,1,1,1,0,1,1,1,1,0.10539922456186433,0.2,0.0714285714285714,0.3,0.19421706572450873
3,45,140,10,120,15,1,1,0,1,1,1,1,1,1,0.2865047968601901,0.6,0.16666666666666663,0.375,0.3895039534835763
3,45,103,7,150,7,3,1,0,0,4,1,1,1,1,1.0,0.6,0.38690476190476186,0.3,0.5789438967662623
3,60,102,8,150,8,1,0,1,1,5,1,1,1,1,1.0,0.6,0.3928571428571429,0.4,0.6076775142046318
3,30,79,6,30,20,6,0,0,1,1,1,1,1,1,0.0820849986238988,0.6,0.5297619047619048,1.0,0.47205810226801725
5,45,118,6,90,10,4,1,0,0,4,1,1,1,1,0.36787944117144233,1.0,0.29761904761904767,0.5,0.5639893490788817
1,30,134,9,90,7,2,1,1,1,5,1,1,1,1,0.6065306597126334,0.2,0.20238095238095233,0.3333333333333333,0.39339806101863145
1,30,129,7,120,20,2,0,0,0,4,1,1,1,1,0.06392786120670757,0.2,0.2321428571428571,0.25,0.16053005050004673
2,30,112,10,150,13,3,1,0,0,0,1,1,1,1,0.4723665527410147,0.4,0.33333333333333337,0.2,0.33461986690060364
1,90,133,8,120,18,6,0,1,0,3,1,1,1,1,0.0820849986238988,0.2,0.20833333333333337,0.75,0.2705349862034287
1,45,80,6,90,17,3,0,0,0,3,1,1,1,1,0.06392786120670757,0.2,0.5238095238095238,0.5,0.22316287827040568
1,120,145,7,180,19,2,1,1,0,2,1,1,1,1,0.049787068367863944,0.2,0.13690476190476186,0.6666666666666666,0.17583016102782315
3,90,132,9,180,16,5,0,0,0,4,1,1,1,1,0.17377394345044514,0.6,0.2142857142857143,0.5,0.35399097855867373
4,60,153,10,120,16,2,0,0,1,5,1,1,1,1,0.22313016014842982,0.8,0.0892857142857143,0.5,0.41451194529579555
1,60,132,9,180,21,6,1,1,1,4,1,1,1,1,0.049787068367863944,0.2,0.2142857142857143,0.3333333333333333,0.18688824487179898
5,45,91,9,180,21,1,0,1,1,4,1,1,1,1,0.049787068367863944,1.0,0.45833333333333337,0.25,0.5457420295733002
5,90,164,11,120,6,1,1,1,0,4,1,1,1,1,0.2865047968601901,1.0,0.023809523809523836,0.75,0.5017260587762713
5,30,74,8,60,18,5,1,0,1,0,1,1,1,1,0.0820849986238988,1.0,0.5595238095238095,0.5,0.622445158570419
5,45,90,8,180,22,0,0,1,0,2,1,1,1,1,0.0820849986238988,1.0,0.4642857142857143,0.25,0.5619843795460441
1,90,115,7,150,15,5,0,0,1,4,1,1,1,1,0.1353352832366127,0.2,0.31547619047619047,0.6,0.2281602590579761
5,45,144,10,60,20,2,1,0,0,1,1,1,1,1,0.0820849986238988,1.0,0.1428571428571429,0.75,0.47161573995231343
4,60,136,7,150,19,6,1,0,0,1,1,1,1,1,0.049787068367863944,0.8,0.19047619047619047,0.4,0.3474863723800946
2,30,57,6,90,17,4,1,0,0,2,1,1,1,1,0.06392786120670757,0.4,0.6607142857142857,0.3333333333333333,0.33665662975900834
1,30,38,6,30,16,0,1,0,0,3,1,1,1,1,0.0820849986238988,0.2,0.7738095238095238,1.0,0.389973216050153
3,60,93,7,150,15,6,0,1,1,0,1,1,1,1,0.1353352832366127,0.6,0.4464285714285714,0.4,0.4616938190033512
3,120,163,6,180,18,4,1,0,0,5,1,1,1,1,0.049787068367863944,0.6,0.029761904761904767,0.6666666666666666,0.27163775376532096
1,45,121,7,150,19,2,1,0,1,0,1,1,1,1,0.049787068367863944,0.2,0.27976190476190477,0.3,0.1736004452781621
2,30,145,9,60,9,4,1,0,1,1,1,1,1,1,1.0,0.4,0.13690476190476186,0.5,0.4880755112122458
2,45,115,9,60,9,0,0,0,0,4,1,1,1,1,1.0,0.4,0.31547619047619047,0.75,0.5095411149217454
4,120,160,10,150,15,4,1,0,1,1,1,1,1,1,0.2865047968601901,0.8,0.04761904761904767,0.8,0.40375868145105065
1,30,77,6,120,8,6,0,1,0,1,1,1,1,1,0.6065306597126334,0.2,0.5416666666666667,0.25,0.4296566160594534
1,90,84,7,180,22,2,0,0,0,5,1,1,1,1,0.10539922456186433,0.2,0.5,0.5,0.2959319197981666
4,120,71,6,150,12,3,1,1,0,3,1,1,1,1,0.22313016014842982,0.8,0.5773809523809523,0.8,0.5515588297749384
3,45,92,6,150,16,3,1,0,1,3,1,1,1,1,0.0820849986238988,0.6,0.45238095238095233,0.3,0.3952977871224907
3,30,138,7,30,22,6,0,0,0,1,1,1,1,1,0.10539922456186433,0.6,0.1785714285714286,1.0,0.3417220071040474
3,30,130,6,60,13,2,1,0,1,2,1,1,1,1,0.17377394345044514,0.6,0.22619047619047616,0.5,0.3481639146529882
2,90,103,6,120,12,0,1,0,0,0,1,1,1,1,0.22313016014842982,0.4,0.38690476190476186,0.75,0.37159503348623646
1,30,115,7,120,15,2,1,0,1,0,1,1,1,1,0.1353352832366127,0.2,0.31547619047619047,0.25,0.20310783330863028
5,45,145,11,60,22,3,0,1,0,0,1,1,1,1,0.06392786120670757,1.0,0.13690476190476186,0.75,0.4767346890116452
2,90,138,6,150,19,0,0,1,1,4,1,1,1,1,0.06392786120670757,0.4,0.1785714285714286,0.6,0.2511332174939658
4,45,114,10,120,6,0,0,0,1,2,1,1,1,1,0.36787944117144233,0.8,0.3214285714285714,0.375,0.5105079315814909
4,30,69,6,180,18,1,1,0,0,0,1,1,1,1,0.049787068367863944,0.8,0.5892857142857143,0.16666666666666666,0.47437316731687434
1,45,69,6,150,16,4,0,1,0,0,1,1,1,1,0.0820849986238988,0.2,0.5892857142857143,0.3,0.3057132974911411
2,120,144,6,120,11,2,1,0,1,0,1,1,1,1,0.2865047968601901,0.4,0.1428571428571429,1.0,0.3412960892369352
4,90,101,8,120,20,2,0,0,1,4,1,1,1,1,0.049787068367863944,0.8,0.39880952380952384,0.75,0.4780899835858176
1,45,102,6,120,11,2,0,1,0,1,1,1,1,1,0.2865047968601901,0.2,0.3928571428571429,0.375,0.3012427741777687
1,150,164,7,150,17,6,1,0,1,5,1,1,1,1,0.0820849986238988,0.2,0.023809523809523836,1.0,0.14484277072174492
4,60,122,10,60,8,0,1,1,0,3,1,1,1,1,0.6065306597126334,0.8,0.27380952380952384,1.0,0.6000511611181865
2,60,168,6,150,8,1,1,0,0,5,1,1,1,1,0.6065306597126334,0.4,0.0,0.4,0.30411514356007047
1,45,141,6,90,21,1,1,0,1,0,1,1,1,1,0.10539922456186433,0.2,0.1607142857142857,0.5,0.19282421954273724
1,45,123,7,45,20,5,1,0,0,1,1,1,1,1,0.06392786120670757,0.2,0.2678571428571429,1.0,0.20609557395275047
2,60,110,6,60,17,1,0,0,0,4,1,1,1,1,0.06392786120670757,0.4,0.34523809523809523,1.0,0.3257242333596037
5,60,163,6,120,21,2,0,0,1,4,1,1,1,1,0.10539922456186433,1.0,0.029761904761904767,0.5,0.444788976972227
2,180,140,7,180,16,1,0,0,0,3,1,1,1,1,0.10539922456186433,0.4,0.16666666666666663,1.0,0.26290473553037846
3,45,19,6,120,20,1,0,0,0,5,1,1,1,1,0.0820849986238988,0.6,0.8869047619047619,0.375,0.5132978778393031
4,90,139,8,180,17,4,1,0,0,2,1,1,1,1,0.10539922456186433,0.8,0.17261904761904767,0.5,0.4010268595055236
2,30,125,7,180,15,5,0,1,0,2,1,1,1,1,0.1353352832366127,0.4,0.25595238095238093,0.16666666666666666,0.29009269911129854
3,45,162,12,45,8,0,0,0,1,4,1,1,1,1,0.36787944117144233,0.6,0.0357142857142857,1.0,0.40369365813723357
5,45,153,6,180,22,3,0,0,0,2,1,1,1,1,0.1353352832366127,1.0,0.0892857142857143,0.25,0.42729474667000583
1,30,156,6,30,20,2,1,0,0,5,1,1,1,1,0.0820849986238988,0.2,0.0714285714285714,1.0,0.18524343799553183
4,30,93,7,180,22,4,0,1,0,4,1,1,1,1,0.10539922456186433,0.8,0.4464285714285714,0.16666666666666666,0.5368941088405813
3,90,80,6,90,10,4,1,1,0,1,1,1,1,1,0.36787944117144233,0.6,0.5238095238095238,1.0,0.47492834129004646
5,30,141,10,120,14,3,0,0,0,4,1,1,1,1,0.36787944117144233,1.0,0.1607142857142857,0.25,0.4902867712482178
1,60,112,7,150,12,5,0,1,1,5,1,1,1,1,0.2865047968601901,0.2,0.33333333333333337,0.4,0.3365001063825353
1,45,107,8,120,14,4,0,0,0,2,1,1,1,1,0.22313016014842982,0.2,0.36309523809523814,0.375,0.25100056458273534
2,45,158,8,180,21,0,0,0,1,4,1,1,1,1,0.06392786120670757,0.4,0.059523809523809534,0.25,0.1769684193763911
5,45,90,8,180,21,1,0,0,1,3,1,1,1,1,0.06392786120670757,1.0,0.4642857142857143,0.25,0.5789924412944815
4,45,116,10,45,6,0,1,1,1,1,1,1,1,1,0.36787944117144233,0.8,0.30952380952380953,1.0,0.6085371281241732
1,30,115,10,60,22,5,0,0,0,2,1,1,1,1,0.049787068367863944,0.2,0.31547619047619047,0.5,0.20518715247961195
4,120,161,10,180,13,3,0,1,1,0,1,1,1,1,0.4723665527410147,0.8,0.04166666666666663,0.6666666666666666,0.4809601283860924
3,45,123,10,60,6,0,1,1,0,4,1,1,1,1,0.36787944117144233,0.6,0.2678571428571429,0.75,0.48409855570349325
2,30,168,11,45,15,0,0,1,0,2,1,1,1,1,0.36787944117144233,0.4,0.0,0.6666666666666666,0.35497385520549873
1,60,91,6,120,17,2,1,1,1,4,1,1,1,1,0.06392786120670757,0.2,0.45833333333333337,0.5,0.30688628418332903
3,90,136,9,90,9,4,1,0,0,5,1,1,1,1,1.0,0.6,0.19047619047619047,1.0,0.5591900533996149
2,60,103,7,60,7,6,1,1,1,2,1,1,1,1,1.0,0.4,0.38690476190476186,1.0,0.6035799797267066
1,30,144,9,180,20,4,1,0,0,0,1,1,1,1,0.06392786120670757,0.2,0.1428571428571429,0.16666666666666666,0.11407064558177761
2,45,41,6,120,19,1,1,0,1,4,1,1,1,1,0.06392786120670757,0.4,0.7559523809523809,0.375,0.43103897074864217
4,30,114,6,120,8,6,1,0,0,4,1,1,1,1,0.6065306597126334,0.8,0.3214285714285714,0.25,0.5332489063122169
2,150,153,7,180,18,2,1,0,0,0,1,1,1,1,0.06392786120670757,0.4,0.0892857142857143,0.8333333333333334,0.2413965828464486
2,60,168,10,60,7,6,1,0,1,1,1,1,1,1,0.4723665527410147,0.4,0.0,1.0,0.31557074887764713
3,120,163,8,180,18,4,1,0,1,3,1,1,1,1,0.0820849986238988,0.6,0.029761904761904767,0.6666666666666666,0.2819914152123893
5,45,145,7,60,22,6,0,0,1,5,1,1,1,1,0.10539922456186433,1.0,0.13690476190476186,0.75,0.514771522806671
3,30,45,6,150,20,5,0,0,1,1,1,1,1,1,0.0820849986238988,0.6,0.7321428571428572,0.2,0.489294387252829
2,150,143,9,180,12,0,1,0,0,1,1,1,1,1,0.4723665527410147,0.4,0.14880952380952384,0.8333333333333334,0.34608105667072075
3,45,89,6,180,8,6,1,0,0,5,1,1,1,1,0.6065306597126334,0.6,0.47023809523809523,0.25,0.5217654798681942
1,45,95,6,120,20,1,0,0,0,1,1,1,1,1,0.0820849986238988,0.2,0.43452380952380953,0.375,0.2974053562212771
3,45,84,6,120,13,2,1,1,0,5,1,1,1,1,0.17377394345044514,0.6,0.5,0.375,0.4425244091406633
4,30,96,8,45,12,4,1,1,1,3,1,1,1,1,0.36787944117144233,0.8,0.4285714285714286,0.6666666666666666,0.5568037766035736
2,45,40,6,90,13,2,1,1,1,3,1,1,1,1,0.17377394345044514,0.4,0.7619047619047619,0.5,0.47228356248056186
4,120,150,7,180,12,6,1,1,1,0,1,1,1,1,0.2865047968601901,0.8,0.1071428571428571,0.6666666666666666,0.4507382207274042
2,60,76,7,60,12,2,1,0,1,4,1,1,1,1,0.2865047968601901,0.4,0.5476190476190477,1.0,0.4727213901164266
5,45,168,9,45,21,3,0,0,0,1,1,1,1,1,0.049787068367863944,1.0,0.0,1.0,0.41561877565002164
2,30,86,7,90,11,0,0,0,0,5,1,1,1,1,0.36787944117144233,0.4,0.48809523809523814,0.3333333333333333,0.4183904518184154
5,90,155,10,120,7,0,1,0,1,3,1,1,1,1,0.4723665527410147,1.0,0.07738095238095233,0.75,0.5181395522371612
5,60,90,6,120,17,4,0,1,0,2,1,1,1,1,0.06392786120670757,1.0,0.4642857142857143,0.5,0.5443003688124695
1,30,74,6,90,19,5,1,0,1,4,1,1,1,1,0.06392786120670757,0.2,0.5595238095238095,0.3333333333333333,0.2525894898399761
3,30,68,6,180,8,0,1,1,0,1,1,1,1,1,0.6065306597126334,0.6,0.5952380952380952,0.16666666666666666,0.5994095381845258
1,90,139,10,120,18,3,1,0,1,4,1,1,1,1,0.1353352832366127,0.2,0.17261904761904767,0.75,0.21967763846915125
1,45,85,8,150,22,6,0,1,0,3,1,1,1,1,0.0820849986238988,0.2,0.49404761904761907,0.3,0.28497094798673056
4,120,86,6,120,22,4,1,0,0,3,1,1,1,1,0.1353352832366127,0.8,0.48809523809523814,1.0,0.4736440584082081
1,45,152,9,45,15,1,0,0,0,3,1,1,1,1,0.22313016014842982,0.2,0.09523809523809523,1.0,0.16230499180009478
2,90,158,11,180,22,3,0,0,0,2,1,1,1,1,0.06392786120670757,0.4,0.059523809523809534,0.5,0.24225539798743628
3,60,57,6,150,13,1,1,0,1,2,1,1,1,1,0.17377394345044514,0.6,0.6607142857142857,0.4,0.49924340989459065
5,30,141,8,30,11,6,1,0,0,2,1,1,1,1,0.4723665527410147,1.0,0.1607142857142857,1.0,0.5716196481992071
4,45,103,8,120,8,6,1,0,0,0,1,1,1,1,1.0,0.8,0.38690476190476186,0.375,0.6462323617641315
4,90,133,8,120,11,3,1,0,1,5,1,1,1,1,0.4723665527410147,0.8,0.20833333333333337,0.75,0.5404940274385033
3,180,124,7,180,17,0,0,1,0,2,1,1,1,1,0.0820849986238988,0.6,0.26190476190476186,1.0,0.3440481984589663
5,90,141,7,150,8,3,0,1,1,3,1,1,1,1,0.7788007830714049,1.0,0.1607142857142857,0.6,0.6725717369378843
4,90,160,7,150,7,1,0,1,0,0,1,1,1,1,1.0,0.8,0.04761904761904767,0.6,0.5953626452066832
3,150,146,8,150,17,2,1,0,0,4,1,1,1,1,0.10539922456186433,0.6,0.13095238095238093,1.0,0.28096589693231705
3,30,45,6,180,19,6,0,0,1,3,1,1,1,1,0.06392786120670757,0.6,0.7321428571428572,0.16666666666666666,0.4749219752294999
4,60,152,8,120,17,6,1,0,0,4,1,1,1,1,0.10539922456186433,0.8,0.09523809523809523,0.5,0.3842042766219981
2,45,66,8,120,19,2,0,1,0,4,1,1,1,1,0.06392786120670757,0.4,0.6071428571428572,0.375,0.3906081969069239
5,45,134,9,45,7,0,0,1,0,1,1,1,1,1,0.6065306597126334,1.0,0.20238095238095233,1.0,0.6146237725582259
1,90,83,7,180,19,2,0,0,1,1,1,1,1,1,0.049787068367863944,0.2,0.5059523809523809,0.5,0.3136253678784682
1,45,139,10,150,12,5,0,0,0,4,1,1,1,1,0.6065306597126334,0.2,0.17261904761904767,0.3,0.2589392037340683
1,60,163,9,150,20,3,0,0,0,3,1,1,1,1,0.06392786120670757,0.2,0.029761904761904767,0.4,0.1504745419164201
3,30,155,9,30,14,4,0,0,0,0,1,1,1,1,0.2865047968601901,0.6,0.07738095238095233,1.0,0.36916099764444443
1,120,116,6,120,12,2,0,0,1,0,1,1,1,1,0.22313016014842982,0.2,0.30952380952380953,1.0,0.2916851816480566
3,30,144,7,90,19,6,0,0,0,1,1,1,1,1,0.049787068367863944,0.6,0.1428571428571429,0.3333333333333333,0.2690640323526522
3,120,120,6,150,15,2,0,0,1,4,1,1,1,1,0.10539922456186433,0.6,0.2857142857142857,0.8,0.36339397548267105
4,45,74,7,150,17,6,0,0,1,2,1,1,1,1,0.0820849986238988,0.8,0.5595238095238095,0.3,0.48538893932652705
5,60,150,6,60,21,3,1,0,0,3,1,1,1,1,0.10539922456186433,1.0,0.1071428571428571,1.0,0.4836917910842174
3,150,147,7,150,20,5,0,0,1,1,1,1,1,1,0.06392786120670757,0.6,0.125,1.0,0.3295164322757014
4,60,68,7,120,18,4,1,0,1,5,1,1,1,1,0.06392786120670757,0.8,0.5952380952380952,0.5,0.5424710576916623
2,120,110,7,120,16,1,0,1,1,4,1,1,1,1,0.10539922456186433,0.4,0.34523809523809523,1.0,0.36354456525485285
3,30,37,7,45,8,3,0,0,1,3,1,1,1,1,0.7788007830714049,0.6,0.7797619047619048,0.6666666666666666,0.7095596139790155
5,30,157,11,90,11,6,1,0,0,4,1,1,1,1,1.0,1.0,0.06547619047619047,0.3333333333333333,0.646394161153909
3,45,160,8,180,18,5,1,0,0,1,1,1,1,1,0.0820849986238988,0.6,0.04761904761904767,0.25,0.27859626730713005
3,30,115,10,180,18,6,1,0,0,4,1,1,1,1,0.1353352832366127,0.6,0.31547619047619047,0.16666666666666666,0.33335928783043006
2,60,142,9,60,17,4,1,1,0,3,1,1,1,1,0.1353352832366127,0.4,0.15476190476190477,1.0,0.2928377831855252
1,30,20,6,30,14,4,1,0,1,5,1,1,1,1,0.1353352832366127,0.2,0.8809523809523809,1.0,0.4719109626210404
3,30,151,8,150,8,4,0,0,0,4,1,1,1,1,1.0,0.6,0.10119047619047616,0.2,0.499211630063772
1,60,98,9,120,21,5,1,1,0,0,1,1,1,1,0.049787068367863944,0.2,0.41666666666666663,0.5,0.27750131823240204
5,120,160,6,120,20,6,1,0,1,5,1,1,1,1,0.0820849986238988,1.0,0.04761904761904767,1.0,0.44471605598107433
5,45,141,10,45,21,0,0,0,0,5,1,1,1,1,0.06392786120670757,1.0,0.1607142857142857,1.0,0.45509519789377173
2,30,150,10,120,17,0,0,1,0,3,1,1,1,1,0.17377394345044514,0.4,0.1071428571428571,0.25,0.2467234248828872
1,60,60,7,120,14,4,0,0,1,1,1,1,1,1,0.17377394345044514,0.2,0.6428571428571428,0.5,0.3163772017772123
2,45,155,7,90,13,4,1,0,1,2,1,1,1,1,0.22313016014842982,0.4,0.07738095238095233,0.5,0.27186281638233756
3,90,121,6,90,11,5,0,0,0,1,1,1,1,1,0.2865047968601901,0.6,0.27976190476190477,1.0,0.38035106125517754
1,45,165,6,180,20,2,0,0,0,2,1,1,1,1,0.0820849986238988,0.2,0.017857142857142905,0.25,0.10927388752000927
1,45,98,9,60,6,2,1,0,0,4,1,1,1,1,0.4723665527410147,0.2,0.41666666666666663,0.75,0.3557078326524638
4,60,137,7,150,12,6,0,0,0,2,1,1,1,1,0.2865047968601901,0.8,0.18452380952380953,0.4,0.4393656097577376
1,30,155,8,150,21,0,1,0,1,5,1,1,1,1,0.06392786120670757,0.2,0.07738095238095233,0.2,0.17581988694739661
3,30,145,10,150,22,2,0,0,0,2,1,1,1,1,0.049787068367863944,0.6,0.13690476190476186,0.2,0.27539299898358843
5,120,97,8,180,17,0,1,0,1,2,1,1,1,1,0.10539922456186433,1.0,0.42261904761904767,0.6666666666666666,0.5704995738337056
2,30,167,12,150,6,0,1,0,0,0,1,1,1,1,0.22313016014842982,0.4,0.005952380952380931,0.2,0.19736774711518545
2,45,125,6,60,11,4,0,1,0,1,1,1,1,1,0.2865047968601901,0.4,0.25595238095238093,0.75,0.36873835872470323
1,45,84,7,60,7,0,0,0,1,3,1,1,1,1,1.0,0.2,0.5,0.75,0.5188746468388235
1,30,29,6,180,19,4,0,0,0,4,1,1,1,1,0.06392786120670757,0.2,0.8273809523809523,0.16666666666666666,0.309155143785769
1,30,132,10,45,14,1,1,0,0,1,1,1,1,1,0.36787944117144233,0.2,0.2142857142857143,0.6666666666666666,0.2745870004551614
1,30,115,10,150,13,2,0,1,0,5,1,1,1,1,0.4723665527410147,0.2,0.31547619047619047,0.2,0.28154531924514975
4,150,161,9,150,18,3,0,1,1,1,1,1,1,1,0.10539922456186433,0.8,0.04166666666666663,1.0,0.40268019787508424
4,30,154,11,60,21,3,1,0,0,0,1,1,1,1,0.0820849986238988,0.8,0.08333333333333337,0.5,0.3435918824040761
3,90,146,7,150,19,1,1,0,0,2,1,1,1,1,0.049787068367863944,0.6,0.13095238095238093,0.6,0.2923916357337287
3,90,160,8,90,19,2,1,0,1,0,1,1,1,1,0.06392786120670757,0.6,0.04761904761904767,1.0,0.3336816805505974
5,60,109,8,120,22,4,1,0,1,5,1,1,1,1,0.0820849986238988,1.0,0.35119047619047616,0.5,0.5523896848402705
2,90,78,7,150,6,4,0,0,0,5,1,1,1,1,0.7788007830714049,0.4,0.5357142857142857,0.6,0.536417120986619
5,30,152,8,45,10,4,1,0,0,4,1,1,1,1,0.6065306597126334,1.0,0.09523809523809523,0.6666666666666666,0.5822675956350153
1,30,73,8,90,8,5,1,0,0,1,1,1,1,1,1.0,0.2,0.5654761904761905,0.3333333333333333,0.4938619921738498
2,60,73,8,60,8,6,1,1,1,4,1,1,1,1,1.0,0.4,0.5654761904761905,1.0,0.6724555708487117
2,45,47,6,90,17,3,0,1,1,0,1,1,1,1,0.06392786120670757,0.4,0.7202380952380952,0.5,0.4466359227188618
1,30,80,6,150,9,5,0,1,0,1,1,1,1,1,0.4723665527410147,0.2,0.5238095238095238,0.2,0.3980385149863103
1,90,165,10,90,19,6,1,1,0,2,1,1,1,1,0.10539922456186433,0.2,0.017857142857142905,1.0,0.1807387694827726
3,60,137,8,150,13,1,0,0,0,4,1,1,1,1,0.2865047968601901,0.6,0.18452380952380953,0.4,0.3312469310513948
3,30,161,9,150,20,5,0,1,1,1,1,1,1,1,0.06392786120670757,0.6,0.04166666666666663,0.2,0.2826513272292203
4,45,158,11,150,16,2,0,0,1,3,1,1,1,1,0.2865047968601901,0.8,0.059523809523809534,0.3,0.4617661822969946
2,30,122,9,120,20,4,0,0,0,5,1,1,1,1,0.06392786120670757,0.4,0.27380952380952384,0.25,0.31058454036469757
3,45,71,7,60,17,2,0,0,0,1,1,1,1,1,0.0820849986238988,0.6,0.5773809523809523,0.75,0.48514765949275945
3,180,93,6,180,19,2,0,1,0,0,1,1,1,1,0.06392786120670757,0.6,0.4464285714285714,1.0,0.48330789873066876
5,30,55,7,90,9,6,0,1,1,3,1,1,1,1,0.6065306597126334,1.0,0.6726190476190477,0.3333333333333333,0.8063302354336706
3,60,88,8,120,16,6,0,0,0,5,1,1,1,1,0.1353352832366127,0.6,0.47619047619047616,0.5,0.42281985765361174
1,45,106,9,90,19,2,0,1,0,1,1,1,1,1,0.0820849986238988,0.2,0.36904761904761907,0.5,0.2521815761833705
1,30,136,9,90,18,5,0,0,0,4,1,1,1,1,0.10539922456186433,0.2,0.19047619047619047,0.3333333333333333,0.22657055686023783
1,60,110,7,60,15,3,0,1,0,5,1,1,1,1,0.1353352832366127,0.2,0.34523809523809523,1.0,0.3127834207557352
3,30,85,7,30,13,5,0,1,0,4,1,1,1,1,0.22313016014842982,0.6,0.49404761904761907,1.0,0.46724221339664523
4,90,144,7,180,7,1,1,1,0,0,1,1,1,1,1.0,0.8,0.1428571428571429,0.5,0.6175822594105624
4,30,104,9,30,18,6,0,1,1,4,1,1,1,1,0.10539922456186433,0.8,0.38095238095238093,1.0,0.502742280284348
3,30,54,7,90,13,4,0,0,0,2,1,1,1,1,0.22313016014842982,0.6,0.6785714285714286,0.3333333333333333,0.5127271554325591
3,60,82,8,180,12,6,0,1,1,4,1,1,1,1,0.36787944117144233,0.6,0.5119047619047619,0.3333333333333333,0.5213458294597451
5,180,151,8,180,10,6,1,0,1,2,1,1,1,1,0.6065306597126334,1.0,0.10119047619047616,1.0,0.5746963118415612
3,30,137,9,180,9,1,1,0,0,0,1,1,1,1,1.0,0.6,0.18452380952380953,0.16666666666666666,0.5223564886027972
5,30,45,6,180,11,6,1,1,1,5,1,1,1,1,0.2865047968601901,1.0,0.7321428571428572,0.16666666666666666,0.6917506663028918
5,30,147,7,90,10,5,0,0,0,1,1,1,1,1,0.4723665527410147,1.0,0.125,0.3333333333333333,0.5054173796886644
2,30,168,8,90,16,6,1,0,1,4,1,1,1,1,0.1353352832366127,0.4,0.0,0.3333333333333333,0.17720258753918777
2,45,90,8,150,8,0,0,0,1,4,1,1,1,1,1.0,0.4,0.4642857142857143,0.3,0.5526227559799457
2,60,168,6,150,9,6,0,0,1,4,1,1,1,1,0.4723665527410147,0.4,0.0,0.4,0.2616508654789454
1,90,111,8,180,10,6,0,0,0,2,1,1,1,1,0.6065306597126334,0.2,0.3392857142857143,0.5,0.32552402094113114
4,30,152,7,60,9,3,0,1,0,1,1,1,1,1,0.6065306597126334,0.8,0.09523809523809523,0.5,0.5230365423791793
5,60,105,8,60,20,6,1,1,1,1,1,1,1,1,0.049787068367863944,1.0,0.375,1.0,0.5830205264570943
2,30,167,9,180,19,3,0,0,0,5,1,1,1,1,0.0820849986238988,0.4,0.005952380952380931,0.16666666666666666,0.16221210684992632
4,60,49,7,90,12,5,0,0,1,0,1,1,1,1,0.2865047968601901,0.8,0.7083333333333333,0.6666666666666666,0.6124511642327306
5,45,143,10,180,12,6,0,0,0,2,1,1,1,1,0.6065306597126334,1.0,0.14880952380952384,0.25,0.5607237607339034
3,30,24,6,180,6,3,0,0,0,1,1,1,1,1,1.0,0.6,0.8571428571428572,0.16666666666666666,0.6956138785191426
4,90,119,6,120,14,1,1,0,0,3,1,1,1,1,0.1353352832366127,0.8,0.29166666666666663,0.75,0.43593817096495824
1,90,143,7,120,20,4,0,0,1,1,1,1,1,1,0.06392786120670757,0.2,0.14880952380952384,0.75,0.2035257512946057
5,150,161,9,180,13,4,0,0,1,4,1,1,1,1,0.36787944117144233,1.0,0.04166666666666663,0.8333333333333334,0.5153649580282991
2,45,69,7,60,16,6,0,1,1,0,1,1,1,1,0.10539922456186433,0.4,0.5892857142857143,0.75,0.4443758101645801
1,30,138,8,90,21,1,1,1,1,0,1,1,1,1,0.06392786120670757,0.2,0.1785714285714286,0.3333333333333333,0.15919924344794434
5,45,165,7,180,10,0,0,0,0,1,1,1,1,1,0.4723665527410147,1.0,0.017857142857142905,0.25,0.44880317677868414
1,30,155,8,120,13,0,1,0,0,1,1,1,1,1,0.2865047968601901,0.2,0.07738095238095233,0.25,0.19975236478487393
3,60,73,8,60,17,2,0,0,1,1,1,1,1,1,0.10539922456186433,0.6,0.5654761904761905,1.0,0.4853425741998052
4,30,21,6,45,20,1,1,0,0,1,1,1,1,1,0.0820849986238988,0.8,0.875,0.6666666666666666,0.6194999726679541
1,60,151,8,180,16,2,0,0,0,2,1,1,1,1,0.1353352832366127,0.2,0.10119047619047616,0.3333333333333333,0.20787446411065125
1,45,117,10,150,10,3,0,0,0,3,1,1,1,1,1.0,0.2,0.3035714285714286,0.3,0.4515771748456527
4,45,126,10,150,18,6,0,1,0,0,1,1,1,1,0.1353352832366127,0.8,0.25,0.3,0.3666890850468696
3,60,45,6,180,6,0,1,0,0,1,1,1,1,1,1.0,0.6,0.7321428571428572,0.3333333333333333,0.6722528324193556
3,45,143,9,120,6,1,0,0,1,3,1,1,1,1,0.4723665527410147,0.6,0.14880952380952384,0.375,0.4017028297484958
5,30,112,8,60,20,1,1,0,0,2,1,1,1,1,0.049787068367863944,1.0,0.33333333333333337,0.5,0.445543090866042
1,45,30,6,90,6,4,0,1,1,0,1,1,1,1,1.0,0.2,0.8214285714285714,0.5,0.6376580945082919
1,45,99,9,60,17,3,1,1,0,5,1,1,1,1,0.1353352832366127,0.2,0.4107142857142857,0.75,0.30527893421211444
3,60,126,8,150,7,3,0,0,1,3,1,1,1,1,0.7788007830714049,0.6,0.25,0.4,0.5282811597620447
4,45,167,8,60,10,3,1,0,1,2,1,1,1,1,0.6065306597126334,0.8,0.005952380952380931,0.75,0.5197094751252276
3,60,90,6,180,16,6,1,1,1,2,1,1,1,1,0.0820849986238988,0.6,0.4642857142857143,0.3333333333333333,0.4169530290899404
2,30,40,7,90,18,2,0,1,0,4,1,1,1,1,0.06392786120670757,0.4,0.7619047619047619,0.3333333333333333,0.4306038971956767
2,150,161,10,180,18,2,0,0,0,5,1,1,1,1,0.1353352832366127,0.4,0.04166666666666663,0.8333333333333334,0.23494500952860076
1,120,101,8,150,8,2,1,0,0,1,1,1,1,1,1.0,0.2,0.39880952380952384,0.8,0.45889526483669146
4,90,130,6,180,17,5,0,0,0,0,1,1,1,1,0.06392786120670757,0.8,0.22619047619047616,0.5,0.38639230389413964
3,45,100,8,180,16,3,1,1,0,3,1,1,1,1,0.1353352832366127,0.6,0.40476190476190477,0.25,0.39118917140628645
4,45,97,7,45,8,3,0,1,1,1,1,1,1,1,0.7788007830714049,0.8,0.42261904761904767,1.0,0.7013077095902559
4,30,120,6,30,7,1,0,1,0,2,1,1,1,1,0.7788007830714049,0.8,0.2857142857142857,1.0,0.6199172986932314
2,90,164,7,120,18,6,0,0,0,3,1,1,1,1,0.06392786120670757,0.4,0.023809523809523836,0.75,0.18951162387539025
2,60,144,10,60,17,3,1,0,0,2,1,1,1,1,0.17377394345044514,0.4,0.1428571428571429,1.0,0.273726979136178
3,30,146,7,180,9,3,0,0,0,2,1,1,1,1,0.6065306597126334,0.6,0.13095238095238093,0.16666666666666666,0.396203676312711
3,60,154,11,90,16,3,1,0,0,4,1,1,1,1,0.2865047968601901,0.6,0.08333333333333337,0.6666666666666666,0.34682864495572263
5,45,139,6,60,15,0,1,0,1,2,1,1,1,1,0.10539922456186433,1.0,0.17261904761904767,0.75,0.47920847441545555
4,45,80,7,90,18,1,1,0,1,4,1,1,1,1,0.06392786120670757,0.8,0.5238095238095238,0.5,0.4820130525454264
5,90,124,7,180,10,5,0,1,0,3,1,1,1,1,0.4723665527410147,1.0,0.26190476190476186,0.5,0.6000868981784573
4,30,113,8,90,20,6,1,0,0,3,1,1,1,1,0.049787068367863944,0.8,0.32738095238095233,0.3333333333333333,0.42060627153857455
4,60,67,6,120,12,0,1,0,0,1,1,1,1,1,0.22313016014842982,0.8,0.6011904761904762,0.5,0.5377402046317799
5,30,74,7,30,11,1,1,0,0,2,1,1,1,1,0.36787944117144233,1.0,0.5595238095238095,1.0,0.6980099383155569
2,30,135,8,120,6,6,0,0,1,4,1,1,1,1,0.6065306597126334,0.4,0.1964285714285714,0.25,0.3886207714419047
1,45,26,6,45,22,3,1,0,0,2,1,1,1,1,0.1353352832366127,0.2,0.8452380952380952,1.0,0.4279177268913439
4,45,50,7,150,19,4,0,0,1,1,1,1,1,1,0.049787068367863944,0.8,0.7023809523809523,0.3,0.539822745837548
1,45,21,6,180,12,5,0,0,0,5,1,1,1,1,0.22313016014842982,0.2,0.875,0.25,0.44472867876341315
5,120,164,9,120,15,6,0,0,0,0,1,1,1,1,0.22313016014842982,1.0,0.023809523809523836,1.0,0.4554320563792009
1,45,131,8,45,15,5,0,0,1,0,1,1,1,1,0.17377394345044514,0.2,0.22023809523809523,1.0,0.2975270507808271
5,60,118,6,180,15,4,1,1,1,4,1,1,1,1,0.10539922456186433,1.0,0.29761904761904767,0.3333333333333333,0.5272581838732919
2,60,80,8,150,12,4,0,1,0,1,1,1,1,1,0.36787944117144233,0.4,0.5238095238095238,0.4,0.40017498458071304
1,30,84,8,45,9,4,1,0,0,1,1,1,1,1,0.7788007830714049,0.2,0.5,0.6666666666666666,0.4340179970414765
3,30,156,11,120,12,3,0,1,0,2,1,1,1,1,0.7788007830714049,0.6,0.0714285714285714,0.25,0.4424124008394264
2,60,121,8,150,21,6,1,0,0,0,1,1,1,1,0.06392786120670757,0.4,0.27976190476190477,0.4,0.30239044339704524
3,30,65,6,30,13,6,1,0,0,2,1,1,1,1,0.17377394345044514,0.6,0.6130952380952381,1.0,0.5056851634399574
2,120,156,9,120,12,0,0,0,1,2,1,1,1,1,0.4723665527410147,0.4,0.0714285714285714,1.0,0.3622467722493452
3,45,112,7,60,17,4,0,1,0,2,1,1,1,1,0.0820849986238988,0.6,0.33333333333333337,0.75,0.3689294638958668
5,45,137,7,150,6,3,0,0,1,0,1,1,1,1,0.7788007830714049,1.0,0.18452380952380953,0.3,0.6907523894009558
3,45,89,6,120,10,0,1,0,1,3,1,1,1,1,0.36787944117144233,0.6,0.47023809523809523,0.375,0.5035194582698687
1,180,143,6,180,21,2,0,0,1,3,1,1,1,1,0.10539922456186433,0.2,0.14880952380952384,1.0,0.2440570543965288
3,45,136,9,90,6,5,0,0,1,1,1,1,1,1,0.4723665527410147,0.6,0.19047619047619047,0.5,0.468155636092246
2,90,105,8,90,17,6,1,1,0,5,1,1,1,1,0.10539922456186433,0.4,0.375,1.0,0.3425595236938081
2,60,117,8,90,14,1,0,0,0,3,1,1,1,1,0.22313016014842982,0.4,0.3035714285714286,0.6666666666666666,0.3160330171271757
5,45,119,9,180,16,0,1,0,1,5,1,1,1,1,0.17377394345044514,1.0,0.29166666666666663,0.25,0.5111748262689934
1,150,137,7,180,12,3,1,1,1,2,1,1,1,1,0.2865047968601901,0.2,0.18452380952380953,0.8333333333333334,0.28419470976087574
4,60,107,9,90,11,5,1,0,0,3,1,1,1,1,0.6065306597126334,0.8,0.36309523809523814,0.6666666666666666,0.5609193715012285
4,150,89,6,150,10,5,0,0,1,0,1,1,1,1,0.36787944117144233,0.8,0.47023809523809523,1.0,0.6134784682976109
1,45,133,6,90,21,4,1,0,0,4,1,1,1,1,0.10539922456186433,0.2,0.20833333333333337,0.5,0.15792135593773593
2,30,116,10,120,12,5,1,0,1,1,1,1,1,1,0.6065306597126334,0.4,0.30952380952380953,0.25,0.4438286702766175
2,45,138,11,120,15,0,1,0,0,5,1,1,1,1,0.36787944117144233,0.4,0.1785714285714286,0.375,0.35332601437179145
1,120,162,7,150,21,5,0,0,1,5,1,1,1,1,0.0820849986238988,0.2,0.0357142857142857,0.8,0.1689860431078491
3,45,141,10,45,17,0,0,0,1,1,1,1,1,1,0.17377394345044514,0.6,0.1607142857142857,1.0,0.35584801797832993
1,30,99,7,30,11,0,0,0,1,4,1,1,1,1,0.36787944117144233,0.2,0.4107142857142857,1.0,0.3856978502959613
5,60,146,8,60,21,0,0,0,0,1,1,1,1,1,0.06392786120670757,1.0,0.13095238095238093,1.0,0.5010152596604052
2,30,118,6,60,10,0,0,0,0,2,1,1,1,1,0.36787944117144233,0.4,0.29761904761904767,0.5,0.3479292623062329
5,120,117,6,180,17,3,1,0,1,3,1,1,1,1,0.06392786120670757,1.0,0.3035714285714286,0.6666666666666666,0.5309093449495342
1,150,87,7,150,22,0,1,0,1,3,1,1,1,1,0.10539922456186433,0.2,0.4821428571428571,1.0,0.30957006359617195
2,60,146,8,90,6,6,0,0,1,0,1,1,1,1,0.6065306597126334,0.4,0.13095238095238093,0.6666666666666666,0.38675180610411675
3,30,129,7,120,14,6,1,0,1,4,1,1,1,1,0.17377394345044514,0.6,0.2321428571428571,0.25,0.35019398514593825
4,30,109,10,90,19,1,1,0,0,2,1,1,1,1,0.10539922456186433,0.8,0.35119047619047616,0.3333333333333333,0.4415072913660584
2,30,12,6,90,18,1,1,0,0,0,1,1,1,1,0.049787068367863944,0.4,0.9285714285714286,0.3333333333333333,0.4463683536068887
4,30,89,8,30,14,2,0,1,0,5,1,1,1,1,0.22313016014842982,0.8,0.47023809523809523,1.0,0.5456991573500907
4,90,114,8,90,21,5,1,0,0,3,1,1,1,1,0.06392786120670757,0.8,0.3214285714285714,1.0,0.4104631686025787
3,60,124,6,120,21,4,0,0,0,0,1,1,1,1,0.10539922456186433,0.6,0.26190476190476186,0.5,0.3633092326485235
5,45,151,9,90,8,0,1,0,1,0,1,1,1,1,0.7788007830714049,1.0,0.10119047619047616,0.5,0.6380519483632274
4,30,168,12,45,13,0,1,0,0,5,1,1,1,1,0.7788007830714049,0.8,0.0,0.6666666666666666,0.511563571518316
2,90,128,7,90,7,3,0,0,1,2,1,1,1,1,1.0,0.4,0.23809523809523814,1.0,0.5281701847885366
2,60,39,6,180,15,6,0,1,0,5,1,1,1,1,0.10539922456186433,0.4,0.7678571428571428,0.3333333333333333,0.45208793545011866
5,90,120,9,150,22,2,1,0,1,2,1,1,1,1,0.06392786120670757,1.0,0.2857142857142857,0.6,0.540472331384366
1,90,167,10,180,11,4,1,0,1,2,1,1,1,1,0.7788007830714049,0.2,0.005952380952380931,0.5,0.30267416589538093
4,90,167,8,120,10,6,1,0,0,3,1,1,1,1,0.6065306597126334,0.8,0.005952380952380931,0.75,0.4880370676399461
1,150,147,7,180,13,4,0,0,0,0,1,1,1,1,0.22313016014842982,0.2,0.125,0.8333333333333334,0.19696411217854748
5,30,89,8,150,9,6,0,1,1,5,1,1,1,1,0.7788007830714049,1.0,0.47023809523809523,0.2,0.7340996411967877
1,30,138,6,45,15,6,0,0,1,3,1,1,1,1,0.10539922456186433,0.2,0.1785714285714286,0.6666666666666666,0.19698480580103478
5,45,153,11,180,22,1,0,0,0,4,1,1,1,1,0.06392786120670757,1.0,0.0892857142857143,0.25,0.41757860263577073
3,45,157,9,180,16,1,1,0,1,0,1,1,1,1,0.17377394345044514,0.6,0.06547619047619047,0.25,0.25793331242275835
2,120,139,7,150,6,4,1,0,0,0,1,1,1,1,0.7788007830714049,0.4,0.17261904761904767,0.8,0.4316946063128868
1,30,135,11,60,19,0,0,0,1,3,1,1,1,1,0.1353352832366127,0.2,0.1964285714285714,0.5,0.1679101184213322
3,90,96,8,150,14,3,0,0,1,2,1,1,1,1,0.22313016014842982,0.6,0.4285714285714286,0.6,0.43952204597582784
1,30,139,9,45,19,2,0,0,0,3,1,1,1,1,0.0820849986238988,0.2,0.17261904761904767,0.6666666666666666,0.1483580615872212
2,45,159,8,150,13,0,0,1,1,3,1,1,1,1,0.2865047968601901,0.4,0.0535714285714286,0.3,0.2981493175839233
1,30,133,10,120,20,6,0,0,0,1,1,1,1,1,0.0820849986238988,0.2,0.20833333333333337,0.25,0.09652405522174126
5,90,56,6,90,12,5,0,0,1,5,1,1,1,1,0.22313016014842982,1.0,0.6666666666666667,1.0,0.6389874096825846
1,30,151,11,120,16,3,0,0,1,3,1,1,1,1,0.2865047968601901,0.2,0.10119047619047616,0.25,0.2090303854721021
1,30,72,7,60,22,0,1,0,0,4,1,1,1,1,0.10539922456186433,0.2,0.5714285714285714,0.5,0.3063293390808852
3,30,87,9,150,21,1,0,1,0,3,1,1,1,1,0.049787068367863944,0.6,0.4821428571428571,0.2,0.40077979762033356
2,60,89,7,60,12,1,0,1,1,4,1,1,1,1,0.2865047968601901,0.4,0.47023809523809523,1.0,0.5033424166143845
3,30,111,8,150,7,1,0,0,1,3,1,1,1,1,0.7788007830714049,0.6,0.3392857142857143,0.2,0.5574502579917734
1,30,135,10,60,21,0,1,0,0,5,1,1,1,1,0.06392786120670757,0.2,0.1964285714285714,0.5,0.1172471515041176
5,30,45,6,180,11,5,0,1,0,1,1,1,1,1,0.2865047968601901,1.0,0.7321428571428572,0.16666666666666666,0.6814961976739132
5,30,118,10,45,6,3,0,1,0,0,1,1,1,1,0.36787944117144233,1.0,0.29761904761904767,0.6666666666666666,0.5995709835798094
4,30,144,8,45,15,5,1,0,0,4,1,1,1,1,0.17377394345044514,0.8,0.1428571428571429,0.6666666666666666,0.4313857003148384
4,45,52,7,180,6,0,1,0,0,0,1,1,1,1,0.7788007830714049,0.8,0.6904761904761905,0.25,0.6820207880316334
2,120,90,6,150,15,0,0,0,1,0,1,1,1,1,0.10539922456186433,0.4,0.4642857142857143,0.8,0.40038906429724336
3,90,52,6,90,22,4,0,0,1,2,1,1,1,1,0.1353352832366127,0.6,0.6904761904761905,1.0,0.5014054390428554
4,30,123,7,90,16,2,0,0,0,3,1,1,1,1,0.10539922456186433,0.8,0.2678571428571429,0.3333333333333333,0.37389246959273365
4,45,98,8,45,22,2,1,0,0,4,1,1,1,1,0.0820849986238988,0.8,0.41666666666666663,1.0,0.49456037963414434
3,30,156,9,120,10,3,0,0,1,4,1,1,1,1,0.7788007830714049,0.6,0.0714285714285714,0.25,0.48661343329779844
1,90,51,6,120,20,3,0,0,0,0,1,1,1,1,0.0820849986238988,0.2,0.6964285714285714,0.75,0.3727116972406307
4,30,88,8,90,19,3,0,0,0,5,1,1,1,1,0.06392786120670757,0.8,0.47619047619047616,0.3333333333333333,0.46136520096520967
2,30,154,7,60,22,2,1,1,0,3,1,1,1,1,0.10539922456186433,0.4,0.08333333333333337,0.5,0.2699995919592115
3,45,130,8,45,13,3,1,0,0,1,1,1,1,1,0.2865047968601901,0.6,0.22619047619047616,1.0,0.38207418446571223
5,30,157,12,90,8,1,1,0,0,5,1,1,1,1,0.36787944117144233,1.0,0.06547619047619047,0.3333333333333333,0.48311700002409935
3,30,135,7,180,12,3,1,1,0,5,1,1,1,1,0.2865047968601901,0.6,0.1964285714285714,0.16666666666666666,0.39460425306026414
2,30,142,11,90,16,5,0,1,0,1,1,1,1,1,0.2865047968601901,0.4,0.15476190476190477,0.3333333333333333,0.3286099166558233
2,90,136,10,90,12,6,1,0,1,1,1,1,1,1,0.6065306597126334,0.4,0.19047619047619047,1.0,0.37587641621399465
3,45,86,8,45,14,4,1,0,0,0,1,1,1,1,0.22313016014842982,0.6,0.48809523809523814,1.0,0.4185257708819387
5,45,146,9,150,10,2,1,0,0,0,1,1,1,1,0.7788007830714049,1.0,0.13095238095238093,0.3,0.5942110182252527
2,30,120,10,120,16,3,0,0,1,1,1,1,1,1,0.22313016014842982,0.4,0.2857142857142857,0.25,0.3073454599957665
3,45,115,9,45,9,3,0,0,1,4,1,1,1,1,1.0,0.6,0.31547619047619047,1.0,0.5857029023029624
3,30,154,6,120,6,3,0,0,0,1,1,1,1,1,1.0,0.6,0.08333333333333337,0.25,0.45784013520470096
1,30,147,11,180,11,1,0,0,0,5,1,1,1,1,1.0,0.2,0.125,0.16666666666666666,0.3354705129204233
2,45,126,10,45,8,6,0,0,0,2,1,1,1,1,0.6065306597126334,0.4,0.25,1.0,0.4442730654180273
5,45,54,6,90,17,0,0,0,1,4,1,1,1,1,0.06392786120670757,1.0,0.6785714285714286,0.5,0.6433793569708253
3,30,157,9,60,22,4,0,0,1,5,1,1,1,1,0.06392786120670757,0.6,0.06547619047619047,0.5,0.3012478040937737
1,45,161,6,45,18,3,1,0,0,5,1,1,1,1,0.049787068367863944,0.2,0.04166666666666663,1.0,0.16297095690697616
5,30,109,7,120,14,3,1,0,1,3,1,1,1,1,0.17377394345044514,1.0,0.35119047619047616,0.25,0.5203067920757677
1,120,99,6,180,13,4,1,0,1,3,1,1,1,1,0.17377394345044514,0.2,0.4107142857142857,0.6666666666666666,0.3165720398923069
5,120,129,8,180,22,3,0,0,0,3,1,1,1,1,0.0820849986238988,1.0,0.2321428571428571,0.6666666666666666,0.47601616667119556
3,30,124,9,180,15,2,1,0,1,5,1,1,1,1,0.22313016014842982,0.6,0.26190476190476186,0.16666666666666666,0.4078883069707266
2,150,141,9,180,16,6,1,1,1,2,1,1,1,1,0.17377394345044514,0.4,0.1607142857142857,0.8333333333333334,0.31221342101093985
4,30,162,9,180,7,0,0,0,1,0,1,1,1,1,0.6065306597126334,0.8,0.0357142857142857,0.16666666666666666,0.49029832619427244
4,60,136,7,150,8,4,0,0,0,3,1,1,1,1,0.7788007830714049,0.8,0.19047619047619047,0.4,0.5343151936159928
1,45,111,7,45,21,2,1,0,1,4,1,1,1,1,0.0820849986238988,0.2,0.3392857142857143,1.0,0.2664520659149142
4,90,144,8,90,11,1,0,1,1,0,1,1,1,1,0.4723665527410147,0.8,0.1428571428571429,1.0,0.5280133579135668
2,45,146,10,150,22,2,0,0,1,1,1,1,1,1,0.049787068367863944,0.4,0.13095238095238093,0.3,0.25152691719783254
5,30,146,9,180,8,6,0,1,1,2,1,1,1,1,0.7788007830714049,1.0,0.13095238095238093,0.16666666666666666,0.6065741225350321
5,45,109,6,180,16,5,0,0,1,5,1,1,1,1,0.0820849986238988,1.0,0.35119047619047616,0.25,0.5257897828235986
2,150,107,7,150,8,1,1,0,0,2,1,1,1,1,0.7788007830714049,0.4,0.36309523809523814,1.0,0.5275959550769652
5,45,154,7,120,19,4,1,0,0,3,1,1,1,1,0.049787068367863944,1.0,0.08333333333333337,0.375,0.3988284141528212
5,120,159,6,180,14,3,0,0,1,5,1,1,1,1,0.1353352832366127,1.0,0.0535714285714286,0.6666666666666666,0.4715811760986541
3,90,155,9,90,10,4,1,1,1,0,1,1,1,1,0.7788007830714049,0.6,0.07738095238095233,1.0,0.5233470774962915
3,30,141,11,120,11,2,0,0,0,5,1,1,1,1,1.0,0.6,0.1607142857142857,0.25,0.5672701447459934
1,30,75,8,60,17,3,0,0,0,2,1,1,1,1,0.10539922456186433,0.2,0.5535714285714286,0.5,0.28554178861870616
5,60,70,6,90,15,6,0,0,0,2,1,1,1,1,0.10539922456186433,1.0,0.5833333333333333,0.6666666666666666,0.5922359146866621
1,60,134,7,90,14,2,1,0,0,1,1,1,1,1,0.17377394345044514,0.2,0.20238095238095233,0.6666666666666666,0.1827684982609788
3,60,154,6,180,6,5,1,0,1,4,1,1,1,1,1.0,0.6,0.08333333333333337,0.3333333333333333,0.5313832957539538
4,30,146,10,150,19,5,1,0,0,2,1,1,1,1,0.10539922456186433,0.8,0.13095238095238093,0.2,0.3789188820932042
1,120,160,9,150,22,2,1,1,0,4,1,1,1,1,0.06392786120670757,0.2,0.04761904761904767,0.8,0.1697307865202313
1,60,160,11,120,12,3,1,0,0,4,1,1,1,1,0.7788007830714049,0.2,0.04761904761904767,0.5,0.2780506536835917
3,45,139,11,45,6,6,1,0,1,0,1,1,1,1,0.2865047968601901,0.6,0.17261904761904767,1.0,0.3841868204876244
2,45,73,6,180,17,5,0,0,0,5,1,1,1,1,0.06392786120670757,0.4,0.5654761904761905,0.25,0.3445578290810897
5,45,139,10,45,18,6,1,0,0,5,1,1,1,1,0.1353352832366127,1.0,0.17261904761904767,1.0,0.4984856864424145
1,45,125,7,120,8,6,0,1,0,1,1,1,1,1,0.7788007830714049,0.2,0.25595238095238093,0.375,0.3647181992438819
2,45,93,6,180,8,5,0,0,0,4,1,1,1,1,0.6065306597126334,0.4,0.4464285714285714,0.25,0.45383691927628284
2,90,126,7,90,11,0,0,0,1,0,1,1,1,1,0.36787944117144233,0.4,0.25,1.0,0.3857249694506807
1,30,127,8,90,12,2,0,0,1,4,1,1,1,1,0.36787944117144233,0.2,0.24404761904761907,0.3333333333333333,0.23349871856215595
3,30,104,6,120,9,2,0,0,0,4,1,1,1,1,0.4723665527410147,0.6,0.38095238095238093,0.25,0.4611046450859523
2,60,65,7,180,20,0,0,0,0,5,1,1,1,1,0.06392786120670757,0.4,0.6130952380952381,0.3333333333333333,0.3588952508445136
4,45,44,6,150,17,0,0,0,1,0,1,1,1,1,0.06392786120670757,0.8,0.7380952380952381,0.3,0.5705621352139373
4,120,145,10,150,22,4,0,1,0,1,1,1,1,1,0.049787068367863944,0.8,0.13690476190476186,0.8,0.4039062797289024
3,60,82,8,90,14,3,1,0,0,0,1,1,1,1,0.22313016014842982,0.6,0.5119047619047619,0.6666666666666666,0.426428619216874
2,120,107,6,150,14,3,1,0,1,4,1,1,1,1,0.1353352832366127,0.4,0.36309523809523814,0.8,0.32188871893722676
2,30,73,6,120,14,2,1,0,1,0,1,1,1,1,0.1353352832366127,0.4,0.5654761904761905,0.25,0.3715143814719017
5,45,73,6,150,6,2,0,0,0,0,1,1,1,1,1.0,1.0,0.5654761904761905,0.3,0.7648182228720183
1,30,135,10,90,16,3,0,1,0,2,1,1,1,1,0.22313016014842982,0.2,0.1964285714285714,0.3333333333333333,0.273031007463307
4,60,50,7,120,19,6,0,0,0,2,1,1,1,1,0.049787068367863944,0.8,0.7023809523809523,0.5,0.5337041146361334
5,45,75,8,120,10,6,1,0,0,0,1,1,1,1,0.6065306597126334,1.0,0.5535714285714286,0.375,0.6985266582679799
3,120,146,6,120,15,5,0,0,0,1,1,1,1,1,0.10539922456186433,0.6,0.13095238095238093,1.0,0.2599386827971867
4,60,150,9,90,21,4,1,1,0,5,1,1,1,1,0.049787068367863944,0.8,0.1071428571428571,0.6666666666666666,0.39054274269108036
3,90,163,8,150,12,2,1,0,1,2,1,1,1,1,0.36787944117144233,0.6,0.029761904761904767,0.6,0.34750839759406427
5,30,84,8,60,11,2,0,0,0,3,1,1,1,1,0.4723665527410147,1.0,0.5,0.5,0.6261007444665696
2,60,32,6,180,6,2,1,0,0,2,1,1,1,1,1.0,0.4,0.8095238095238095,0.3333333333333333,0.6173998976308585
1,90,140,6,90,20,5,1,0,1,5,1,1,1,1,0.0820849986238988,0.2,0.16666666666666663,1.0,0.23860997801153938
4,60,161,6,120,21,0,0,0,1,1,1,1,1,1,0.10539922456186433,0.8,0.04166666666666663,0.5,0.3811079725254992
2,120,91,6,180,22,4,0,1,0,0,1,1,1,1,0.1353352832366127,0.4,0.45833333333333337,0.6666666666666666,0.36619029359846217
1,150,85,7,180,13,1,1,1,1,5,1,1,1,1,0.22313016014842982,0.2,0.49404761904761907,0.8333333333333334,0.36717387869628576
4,120,161,10,120,18,1,0,0,0,5,1,1,1,1,0.1353352832366127,0.8,0.04166666666666663,1.0,0.3839441740739394
2,30,149,6,45,12,4,0,0,0,4,1,1,1,1,0.22313016014842982,0.4,0.11309523809523814,0.6666666666666666,0.25056443944262907
3,30,100,6,180,20,1,1,0,1,4,1,1,1,1,0.0820849986238988,0.6,0.40476190476190477,0.16666666666666666,0.3883369064451399
4,45,103,8,60,12,4,1,0,1,2,1,1,1,1,0.36787944117144233,0.8,0.38690476190476186,0.75,0.5445748001813722
2,45,89,8,60,11,0,1,1,0,5,1,1,1,1,0.4723665527410147,0.4,0.47023809523809523,0.75,0.43667080535809727
1,180,150,9,180,12,0,0,0,1,5,1,1,1,1,0.4723665527410147,0.2,0.1071428571428571,1.0,0.2975422322237186
4,45,133,10,60,17,2,1,1,0,0,1,1,1,1,0.17377394345044514,0.8,0.20833333333333337,0.75,0.4454166748390879
2,60,141,9,60,19,2,0,1,1,4,1,1,1,1,0.0820849986238988,0.4,0.1607142857142857,1.0,0.30075814995539346
4,45,127,9,60,13,6,1,0,0,4,1,1,1,1,0.36787944117144233,0.8,0.24404761904761907,0.75,0.4671518686855813
4,90,105,8,90,9,6,1,0,0,2,1,1,1,1,0.7788007830714049,0.8,0.375,1.0,0.6195143478015347
4,45,36,6,90,15,1,0,1,1,3,1,1,1,1,0.10539922456186433,0.8,0.7857142857142857,0.5,0.5726642128821685
2,45,145,8,150,10,6,1,1,1,2,1,1,1,1,0.6065306597126334,0.4,0.13690476190476186,0.3,0.4301785387433955
4,120,157,8,150,7,0,0,0,1,0,1,1,1,1,0.7788007830714049,0.8,0.06547619047619047,0.8,0.5778907781441867
5,45,112,6,180,17,5,0,0,0,5,1,1,1,1,0.06392786120670757,1.0,0.33333333333333337,0.25,0.4671314284000993
2,30,73,7,60,16,4,0,0,1,4,1,1,1,1,0.10539922456186433,0.4,0.5654761904761905,0.5,0.3918844927210236
1,120,121,9,180,22,1,0,0,1,4,1,1,1,1,0.06392786120670757,0.2,0.27976190476190477,0.6666666666666666,0.21855092264710102
1,60,155,9,60,11,5,0,0,1,4,1,1,1,1,0.6065306597126334,0.2,0.07738095238095233,1.0,0.2797338864539868
3,30,119,6,60,9,5,1,1,0,3,1,1,1,1,0.4723665527410147,0.6,0.29166666666666663,0.5,0.5056256407015125
1,45,138,11,120,18,2,0,1,1,5,1,1,1,1,0.17377394345044514,0.2,0.1785714285714286,0.375,0.2447842897273272
2,45,168,8,90,12,1,1,0,1,2,1,1,1,1,0.36787944117144233,0.4,0.0,0.5,0.30441578195223556
5,60,141,7,180,6,5,0,0,1,1,1,1,1,1,0.7788007830714049,1.0,0.1607142857142857,0.3333333333333333,0.6618744379335644
3,30,37,7,180,15,6,0,1,1,4,1,1,1,1,0.1353352832366127,0.6,0.7797619047619048,0.16666666666666666,0.54846446795493
5,45,93,8,150,16,2,1,0,1,4,1,1,1,1,0.1353352832366127,1.0,0.4464285714285714,0.3,0.5168866803521701
4,45,105,6,150,9,5,0,1,1,1,1,1,1,1,0.4723665527410147,0.8,0.375,0.3,0.5638775843596164
5,30,114,6,120,17,6,0,0,1,1,1,1,1,1,0.06392786120670757,1.0,0.3214285714285714,0.25,0.5200349555096144
2,30,90,7,90,11,4,1,0,0,0,1,1,1,1,0.36787944117144233,0.4,0.4642857142857143,0.3333333333333333,0.39641363010118924
4,90,111,7,120,6,6,1,0,0,2,1,1,1,1,0.7788007830714049,0.8,0.3392857142857143,0.75,0.6029628311221532
3,45,85,8,180,11,4,1,0,0,2,1,1,1,1,0.4723665527410147,0.6,0.49404761904761907,0.25,0.4711766733524744
5,60,124,7,150,15,6,0,1,1,5,1,1,1,1,0.1353352832366127,1.0,0.26190476190476186,0.4,0.5491651672461594
5,45,160,9,150,11,1,0,0,1,4,1,1,1,1,0.6065306597126334,1.0,0.04761904761904767,0.3,0.5691258754105912
1,120,125,8,120,22,6,0,0,0,0,1,1,1,1,0.0820849986238988,0.2,0.25595238095238093,1.0,0.1585815607793173
4,45,108,8,120,7,1,0,0,1,0,1,1,1,1,0.7788007830714049,0.8,0.3571428571428571,0.375,0.6271807057611479
3,60,166,10,60,19,6,1,0,0,2,1,1,1,1,0.10539922456186433,0.6,0.011904761904761862,1.0,0.29755108228808363
5,45,138,7,45,10,5,1,0,0,1,1,1,1,1,0.4723665527410147,1.0,0.1785714285714286,1.0,0.5683520720412909
1,45,82,7,45,15,1,0,0,0,1,1,1,1,1,0.1353352832366127,0.2,0.5119047619047619,1.0,0.2652369394433593
4,120,106,7,120,11,2,1,0,1,0,1,1,1,1,0.36787944117144233,0.8,0.36904761904761907,1.0,0.5737889704003614
1,45,40,6,180,14,3,1,0,1,5,1,1,1,1,0.1353352832366127,0.2,0.7619047619047619,0.25,0.3416250613496235
4,90,84,6,150,10,4,1,1,0,1,1,1,1,1,0.36787944117144233,0.8,0.5,0.6,0.5646300667881909
5,30,111,8,150,8,6,0,0,0,3,1,1,1,1,1.0,1.0,0.3392857142857143,0.2,0.7421640057875206
2,45,154,11,45,9,5,0,0,0,5,1,1,1,1,0.6065306597126334,0.4,0.08333333333333337,1.0,0.3457821491874369
3,90,165,7,120,8,6,1,1,0,1,1,1,1,1,0.7788007830714049,0.6,0.017857142857142905,0.75,0.4299100479344084
4,60,153,6,180,16,5,0,0,0,1,1,1,1,1,0.0820849986238988,0.8,0.0892857142857143,0.3333333333333333,0.3209771484214578
3,45,127,7,45,22,1,0,0,0,1,1,1,1,1,0.10539922456186433,0.6,0.24404761904761907,1.0,0.37501967482101656
1,30,132,6,120,17,0,1,0,0,5,1,1,1,1,0.06392786120670757,0.2,0.2142857142857143,0.25,0.14843314570785351
2,120,114,6,120,7,6,1,1,0,1,1,1,1,1,0.7788007830714049,0.4,0.3214285714285714,1.0,0.48837031396421593
1,30,125,8,120,19,2,1,0,1,1,1,1,1,1,0.06392786120670757,0.2,0.25595238095238093,0.25,0.17764343139886357
3,150,130,8,150,22,3,1,0,0,0,1,1,1,1,0.0820849986238988,0.6,0.22619047619047616,1.0,0.3285228435847575
5,90,160,9,120,21,5,0,0,0,5,1,1,1,1,0.049787068367863944,1.0,0.04761904761904767,0.75,0.43423889930873394
3,90,133,6,90,6,0,0,0,0,2,1,1,1,1,1.0,0.6,0.20833333333333337,1.0,0.5654607972156147
4,60,59,6,150,12,3,1,0,0,5,1,1,1,1,0.22313016014842982,0.8,0.6488095238095238,0.4,0.5382221360686379
5,180,76,6,180,15,2,0,0,0,4,1,1,1,1,0.10539922456186433,1.0,0.5476190476190477,1.0,0.6121061126118587
2,45,57,6,120,16,2,0,0,0,4,1,1,1,1,0.0820849986238988,0.4,0.6607142857142857,0.375,0.36782371228641714
5,90,43,6,180,18,2,1,0,1,3,1,1,1,1,0.049787068367863944,1.0,0.7440476190476191,0.5,0.6461070678502994
1,45,117,8,150,14,5,1,0,0,4,1,1,1,1,0.22313016014842982,0.2,0.3035714285714286,0.3,0.24457831915342626
3,30,115,6,90,18,0,1,0,0,3,1,1,1,1,0.049787068367863944,0.6,0.31547619047619047,0.3333333333333333,0.3234033666804682
2,30,64,6,120,19,4,1,1,0,2,1,1,1,1,0.06392786120670757,0.4,0.6190476190476191,0.25,0.40327174454608167
2,90,129,6,120,9,2,1,0,0,4,1,1,1,1,0.4723665527410147,0.4,0.2321428571428571,0.75,0.3623480826505321
1,45,77,7,60,16,1,1,0,1,3,1,1,1,1,0.10539922456186433,0.2,0.5416666666666667,0.75,0.3846843521660024
4,45,41,6,45,9,5,1,0,1,3,1,1,1,1,0.4723665527410147,0.8,0.7559523809523809,1.0,0.7148217044055676
2,120,88,6,180,19,2,1,0,0,4,1,1,1,1,0.06392786120670757,0.4,0.47619047619047616,0.6666666666666666,0.3610655660362062
1,120,107,8,120,7,6,1,1,1,3,1,1,1,1,0.7788007830714049,0.2,0.36309523809523814,1.0,0.47897231803003604
1,30,73,8,180,7,6,0,0,0,1,1,1,1,1,0.7788007830714049,0.2,0.5654761904761905,0.16666666666666666,0.414643600457424
4,45,101,8,150,12,0,0,1,0,1,1,1,1,1,0.36787944117144233,0.8,0.39880952380952384,0.3,0.5228380526879829
3,120,153,7,150,18,1,0,0,0,0,1,1,1,1,0.06392786120670757,0.6,0.0892857142857143,0.8,0.28160525808451653
2,60,122,8,180,18,4,0,1,1,5,1,1,1,1,0.0820849986238988,0.4,0.27380952380952384,0.3333333333333333,0.29932120368813353
5,30,120,10,150,19,4,1,1,0,4,1,1,1,1,0.10539922456186433,1.0,0.2857142857142857,0.2,0.5196028100262537
4,120,162,10,120,17,6,1,0,0,1,1,1,1,1,0.17377394345044514,0.8,0.0357142857142857,1.0,0.3865119162956683
1,30,140,9,30,14,5,0,0,1,5,1,1,1,1,0.2865047968601901,0.2,0.16666666666666663,1.0,0.2283444128716102
4,90,116,9,90,20,2,1,0,0,2,1,1,1,1,0.06392786120670757,0.8,0.30952380952380953,1.0,0.4794825202876768
5,30,153,8,150,10,6,1,0,1,4,1,1,1,1,0.6065306597126334,1.0,0.0892857142857143,0.2,0.5707834573076497
3,30,69,6,45,18,0,0,0,1,1,1,1,1,1,0.049787068367863944,0.6,0.5892857142857143,0.6666666666666666,0.4403709185492599
1,30,19,6,60,19,5,1,1,1,2,1,1,1,1,0.06392786120670757,0.2,0.8869047619047619,0.5,0.4105022804864775
5,45,167,7,120,19,5,0,0,1,0,1,1,1,1,0.049787068367863944,1.0,0.005952380952380931,0.375,0.3925049300912563
2,45,157,10,120,12,3,1,1,0,4,1,1,1,1,0.6065306597126334,0.4,0.06547619047619047,0.375,0.39038171138084743
2,45,119,6,45,11,0,1,0,0,2,1,1,1,1,0.2865047968601901,0.4,0.29166666666666663,1.0,0.34023997481005447
3,30,118,7,60,13,4,0,0,0,2,1,1,1,1,0.22313016014842982,0.6,0.29761904761904767,0.5,0.3807488672340984
2,30,101,9,180,14,2,0,0,0,3,1,1,1,1,0.2865047968601901,0.4,0.39880952380952384,0.16666666666666666,0.3857411603159407
4,60,88,8,120,10,5,0,0,1,3,1,1,1,1,0.6065306597126334,0.8,0.47619047619047616,0.5,0.6173738095243743
3,30,77,8,30,20,0,1,0,1,1,1,1,1,1,0.049787068367863944,0.6,0.5416666666666667,1.0,0.4810326870981265
2,60,168,12,90,7,1,0,1,1,5,1,1,1,1,0.2865047968601901,0.4,0.0,0.6666666666666666,0.28761593936802393
3,60,90,6,60,20,0,0,1,0,3,1,1,1,1,0.0820849986238988,0.6,0.4642857142857143,1.0,0.4540285037419083
3,45,126,9,180,18,4,0,0,0,3,1,1,1,1,0.10539922456186433,0.6,0.25,0.25,0.2924003867891885
5,45,148,8,150,14,5,1,0,0,0,1,1,1,1,0.22313016014842982,1.0,0.11904761904761907,0.3,0.409408548319629
1,60,138,7,60,17,0,1,0,0,4,1,1,1,1,0.0820849986238988,0.2,0.1785714285714286,1.0,0.1865775101204809
2,30,29,6,45,14,0,0,0,1,5,1,1,1,1,0.1353352832366127,0.4,0.8273809523809523,0.6666666666666666,0.4644278174262858
2,90,129,7,90,13,5,0,1,1,2,1,1,1,1,0.22313016014842982,0.4,0.2321428571428571,1.0,0.39227858248046205
3,90,113,8,120,17,2,1,0,0,0,1,1,1,1,0.10539922456186433,0.6,0.32738095238095233,0.75,0.3823306518550563
5,60,146,7,60,10,2,1,0,0,1,1,1,1,1,0.4723665527410147,1.0,0.13095238095238093,1.0,0.5201327432888629
2,30,24,6,60,7,6,1,1,1,0,1,1,1,1,0.7788007830714049,0.4,0.8571428571428572,0.5,0.7007627153253597
3,90,97,8,120,13,1,0,0,0,3,1,1,1,1,0.2865047968601901,0.6,0.42261904761904767,0.75,0.4531420220935485
5,30,106,7,180,8,1,0,1,0,5,1,1,1,1,0.7788007830714049,1.0,0.36904761904761907,0.16666666666666666,0.6856686897129836
2,45,74,7,180,7,3,1,1,0,1,1,1,1,1,1.0,0.4,0.5595238095238095,0.25,0.6073422054107266
1,30,112,6,45,10,1,0,0,1,0,1,1,1,1,0.36787944117144233,0.2,0.33333333333333337,0.6666666666666666,0.3083856437626007
5,45,114,9,120,21,2,1,0,1,0,1,1,1,1,0.049787068367863944,1.0,0.3214285714285714,0.375,0.533004607435592
2,60,77,8,90,14,1,1,1,0,1,1,1,1,1,0.22313016014842982,0.4,0.5416666666666667,0.6666666666666666,0.4310871483043209
1,90,153,10,180,19,5,0,1,1,3,1,1,1,1,0.10539922456186433,0.2,0.0892857142857143,0.5,0.1842609896211702
4,90,72,7,180,17,3,0,0,0,1,1,1,1,1,0.0820849986238988,0.8,0.5714285714285714,0.5,0.47477716884302423
5,30,138,11,60,10,2,0,0,1,5,1,1,1,1,0.7788007830714049,1.0,0.1785714285714286,0.5,0.700652605018425
4,30,78,8,120,11,4,1,1,0,5,1,1,1,1,0.4723665527410147,0.8,0.5357142857142857,0.25,0.5449289848463003
2,90,117,8,120,21,4,0,1,0,4,1,1,1,1,0.06392786120670757,0.4,0.3035714285714286,0.75,0.30732053201851567
2,30,144,8,60,9,4,0,0,0,2,1,1,1,1,0.7788007830714049,0.4,0.1428571428571429,0.5,0.39767350687417125
3,90,123,8,90,9,5,1,0,0,1,1,1,1,1,0.7788007830714049,0.6,0.2678571428571429,1.0,0.5300573098127369
1,60,54,7,60,15,6,1,1,0,0,1,1,1,1,0.1353352832366127,0.2,0.6785714285714286,1.0,0.42240771316032505
3,30,132,9,90,14,5,0,1,0,3,1,1,1,1,0.2865047968601901,0.6,0.2142857142857143,0.3333333333333333,0.38842150125166924
3,60,83,7,90,11,2,1,0,1,3,1,1,1,1,0.36787944117144233,0.6,0.5059523809523809,0.6666666666666666,0.5508500412671931
4,45,93,9,45,18,0,0,0,1,2,1,1,1,1,0.10539922456186433,0.8,0.4464285714285714,1.0,0.5621154958071487
2,30,113,8,30,19,4,0,0,0,2,1,1,1,1,0.06392786120670757,0.4,0.32738095238095233,1.0,0.320413742145001
1,90,125,8,180,15,1,0,1,0,5,1,1,1,1,0.17377394345044514,0.2,0.25595238095238093,0.5,0.23968136504886237
3,30,114,7,60,12,4,0,0,1,5,1,1,1,1,0.2865047968601901,0.6,0.3214285714285714,0.5,0.4163957401063068
5,30,120,8,60,19,0,1,1,1,5,1,1,1,1,0.06392786120670757,1.0,0.2857142857142857,0.5,0.5285101294696255
4,90,162,10,150,8,1,0,0,0,5,1,1,1,1,0.6065306597126334,0.8,0.0357142857142857,0.6,0.4693705275053993
5,45,159,10,150,10,4,1,0,1,3,1,1,1,1,1.0,1.0,0.0535714285714286,0.3,0.6465258903710198
3,120,164,9,180,6,2,1,1,0,1,1,1,1,1,0.4723665527410147,0.6,0.023809523809523836,0.6666666666666666,0.3927350859887406
4,60,70,7,120,9,0,1,0,0,2,1,1,1,1,0.6065306597126334,0.8,0.5833333333333333,0.5,0.6269114526922983
5,30,42,7,90,14,5,1,0,0,1,1,1,1,1,0.17377394345044514,1.0,0.75,0.3333333333333333,0.6713170366453901
5,150,121,8,180,9,4,0,0,1,3,1,1,1,1,0.7788007830714049,1.0,0.27976190476190477,0.8333333333333334,0.7057948165945895
4,60,73,8,180,16,1,1,0,0,3,1,1,1,1,0.1353352832366127,0.8,0.5654761904761905,0.3333333333333333,0.528708256123932
4,30,150,7,120,8,2,1,0,0,2,1,1,1,1,0.7788007830714049,0.8,0.1071428571428571,0.25,0.5700735037696174
4,30,158,7,150,10,2,1,0,1,1,1,1,1,1,0.4723665527410147,0.8,0.059523809523809534,0.2,0.4504786652935174
3,60,138,9,90,19,1,1,0,0,4,1,1,1,1,0.0820849986238988,0.6,0.1785714285714286,0.6666666666666666,0.2999162176509928
2,30,134,9,120,6,2,0,0,1,4,1,1,1,1,0.4723665527410147,0.4,0.20238095238095233,0.25,0.309416974993349
5,45,60,6,60,21,4,1,0,1,3,1,1,1,1,0.10539922456186433,1.0,0.6428571428571428,0.75,0.6619977072932417
4,180,144,6,180,20,4,1,0,0,3,1,1,1,1,0.0820849986238988,0.8,0.1428571428571429,1.0,0.3898399062879758
5,120,149,6,150,14,6,0,0,1,2,1,1,1,1,0.1353352832366127,1.0,0.11309523809523814,0.8,0.4798509170352276
3,120,145,9,150,7,5,1,0,1,3,1,1,1,1,0.6065306597126334,0.6,0.13690476190476186,0.8,0.48342102576033547
1,60,120,6,180,18,1,1,0,1,0,1,1,1,1,0.049787068367863944,0.2,0.2857142857142857,0.3333333333333333,0.2257774926341855
1,45,98,6,180,8,1,0,0,0,5,1,1,1,1,0.6065306597126334,0.2,0.41666666666666663,0.25,0.340966437167515
3,45,136,10,150,19,0,0,1,0,0,1,1,1,1,0.10539922456186433,0.6,0.19047619047619047,0.3,0.3485359650818307
4,180,150,8,180,18,5,1,1,0,3,1,1,1,1,0.0820849986238988,0.8,0.1071428571428571,1.0,0.4223584523008364
1,60,61,7,90,17,4,1,0,0,2,1,1,1,1,0.0820849986238988,0.2,0.6369047619047619,0.6666666666666666,0.3270589118355818
4,60,102,6,180,16,1,0,0,1,4,1,1,1,1,0.0820849986238988,0.8,0.3928571428571429,0.3333333333333333,0.4577945262726214
2,45,151,9,45,7,0,1,1,0,4,1,1,1,1,0.6065306597126334,0.4,0.10119047619047616,1.0,0.44879367457191943
3,60,129,9,120,8,3,1,0,0,4,1,1,1,1,0.7788007830714049,0.6,0.2321428571428571,0.5,0.510099149364953
4,30,99,6,60,21,1,1,1,0,5,1,1,1,1,0.10539922456186433,0.8,0.4107142857142857,0.5,0.49662661175188383
2,30,54,6,60,16,1,0,1,1,5,1,1,1,1,0.0820849986238988,0.4,0.6785714285714286,0.5,0.44901828473974537
4,30,71,6,90,6,6,0,1,0,1,1,1,1,1,1.0,0.8,0.5773809523809523,0.3333333333333333,0.7371674567252864
3,45,125,6,90,10,6,1,1,1,5,1,1,1,1,0.36787944117144233,0.6,0.25595238095238093,0.5,0.4750399590264067
4,30,148,8,180,12,3,1,0,0,5,1,1,1,1,0.36787944117144233,0.8,0.11904761904761907,0.16666666666666666,0.42067077564731953
4,45,148,8,45,10,0,0,0,1,5,1,1,1,1,0.6065306597126334,0.8,0.11904761904761907,1.0,0.5418114966120238
5,30,50,7,60,22,2,1,0,1,4,1,1,1,1,0.10539922456186433,1.0,0.7023809523809523,0.5,0.6355151459475042
2,60,165,10,90,12,3,0,0,1,0,1,1,1,1,0.6065306597126334,0.4,0.017857142857142905,0.6666666666666666,0.3585115648020102
4,120,115,6,150,21,1,0,0,0,1,1,1,1,1,0.10539922456186433,0.8,0.31547619047619047,0.8,0.4408910897096404
5,90,123,9,150,21,6,1,0,1,0,1,1,1,1,0.049787068367863944,1.0,0.2678571428571429,0.6,0.5084360402192781
1,45,132,6,150,19,1,1,0,0,5,1,1,1,1,0.06392786120670757,0.2,0.2142857142857143,0.3,0.16611493787661596
1,60,132,8,150,11,0,1,1,0,4,1,1,1,1,0.4723665527410147,0.2,0.2142857142857143,0.4,0.2797368078015548
2,60,127,10,90,20,0,0,0,1,1,1,1,1,1,0.0820849986238988,0.4,0.24404761904761907,0.6666666666666666,0.32651173147397494
4,45,154,8,45,13,0,0,0,0,5,1,1,1,1,0.2865047968601901,0.8,0.08333333333333337,1.0,0.39123563368274145
5,120,167,6,150,11,0,0,0,1,2,1,1,1,1,0.2865047968601901,1.0,0.005952380952380931,0.8,0.4517121046533772
2,45,55,6,60,22,5,1,0,0,5,1,1,1,1,0.1353352832366127,0.4,0.6726190476190477,0.75,0.3993112082865819
2,30,36,6,45,21,0,1,0,1,5,1,1,1,1,0.10539922456186433,0.4,0.7857142857142857,0.6666666666666666,0.461112123281453
2,60,118,9,120,15,1,1,0,1,1,1,1,1,1,0.22313016014842982,0.4,0.29761904761904767,0.5,0.3679171909558116
2,30,115,8,90,14,2,0,0,1,2,1,1,1,1,0.22313016014842982,0.4,0.31547619047619047,0.3333333333333333,0.35799421677297694
5,60,61,7,60,16,3,0,0,1,2,1,1,1,1,0.10539922456186433,1.0,0.6369047619047619,1.0,0.6159516207828808
1,30,119,9,90,18,0,1,1,0,2,1,1,1,1,0.10539922456186433,0.2,0.29166666666666663,0.3333333333333333,0.2890416054982345
2,45,108,6,45,19,1,1,1,0,0,1,1,1,1,0.06392786120670757,0.4,0.3571428571428571,1.0,0.3204707474505046
3,30,113,9,180,20,4,1,1,0,4,1,1,1,1,0.06392786120670757,0.6,0.32738095238095233,0.16666666666666666,0.35755665378009216
1,30,135,8,120,22,3,0,0,0,4,1,1,1,1,0.0820849986238988,0.2,0.1964285714285714,0.25,0.133263736545349
2,60,98,6,90,6,1,0,0,0,4,1,1,1,1,1.0,0.4,0.41666666666666663,0.6666666666666666,0.5114324601540429
5,30,127,8,45,8,1,0,0,0,0,1,1,1,1,1.0,1.0,0.24404761904761907,0.6666666666666666,0.7198053897905553
3,60,132,8,180,19,0,0,0,0,4,1,1,1,1,0.06392786120670757,0.6,0.2142857142857143,0.3333333333333333,0.30492521618702356
1,90,65,6,120,22,2,1,0,1,4,1,1,1,1,0.1353352832366127,0.2,0.6130952380952381,0.75,0.3801562548638012
4,30,94,8,150,18,2,0,0,0,2,1,1,1,1,0.0820849986238988,0.8,0.44047619047619047,0.2,0.42454084083783117
5,30,79,8,45,8,4,0,0,0,5,1,1,1,1,1.0,1.0,0.5297619047619048,0.6666666666666666,0.8129924493271805
3,30,149,10,180,11,0,0,0,0,0,1,1,1,1,0.7788007830714049,0.6,0.11309523809523814,0.16666666666666666,0.4423378163385381
3,150,146,8,150,16,6,1,0,0,4,1,1,1,1,0.1353352832366127,0.6,0.13095238095238093,1.0,0.31466706050715154
1,30,115,8,30,8,4,0,0,0,5,1,1,1,1,1.0,0.2,0.31547619047619047,1.0,0.48148959557743093
1,45,166,8,45,17,1,0,0,1,1,1,1,1,1,0.10539922456186433,0.2,0.011904761904761862,1.0,0.19000304975652688
1,60,158,6,120,22,2,1,1,1,5,1,1,1,1,0.1353352832366127,0.2,0.059523809523809534,0.5,0.17848857853540756
5,45,159,6,120,18,3,0,1,1,5,1,1,1,1,0.049787068367863944,1.0,0.0535714285714286,0.375,0.4925665386615671
2,30,165,12,120,22,3,1,0,1,4,1,1,1,1,0.0820849986238988,0.4,0.017857142857142905,0.25,0.19389056413261363
1,30,138,10,45,7,0,0,1,0,2,1,1,1,1,0.4723665527410147,0.2,0.1785714285714286,0.6666666666666666,0.29269929525479826
5,90,49,6,90,17,5,1,1,0,0,1,1,1,1,0.06392786120670757,1.0,0.7083333333333333,1.0,0.7056167451339819
4,45,87,6,150,21,3,1,0,1,3,1,1,1,1,0.10539922456186433,0.8,0.4821428571428571,0.3,0.512559486027892
3,45,94,6,180,13,2,0,0,0,4,1,1,1,1,0.17377394345044514,0.6,0.44047619047619047,0.25,0.4045063281432569
2,30,148,10,45,18,4,1,1,0,0,1,1,1,1,0.1353352832366127,0.4,0.11904761904761907,0.6666666666666666,0.32108809918811154
4,60,111,7,180,19,6,1,0,0,5,1,1,1,1,0.049787068367863944,0.8,0.3392857142857143,0.3333333333333333,0.41312922832066984
3,90,114,6,120,6,0,0,0,0,3,1,1,1,1,1.0,0.6,0.3214285714285714,0.75,0.5684529982649563
5,30,24,6,30,6,1,0,0,1,4,1,1,1,1,1.0,1.0,0.8571428571428572,1.0,0.9140977542541228
4,45,124,7,180,21,5,1,0,1,1,1,1,1,1,0.0820849986238988,0.8,0.26190476190476186,0.25,0.43296506637612886
5,90,104,7,120,13,2,1,0,0,4,1,1,1,1,0.22313016014842982,1.0,0.38095238095238093,0.75,0.5305275578120663
5,30,136,7,120,10,3,1,0,0,5,1,1,1,1,0.4723665527410147,1.0,0.19047619047619047,0.25,0.5422775308816837
1,30,160,9,120,10,2,0,0,0,1,1,1,1,1,0.7788007830714049,0.2,0.04761904761904767,0.25,0.2845521829501374
5,45,157,7,90,10,0,0,0,1,5,1,1,1,1,0.4723665527410147,1.0,0.06547619047619047,0.5,0.5512990402516775
3,120,159,6,180,10,4,1,0,1,1,1,1,1,1,0.36787944117144233,0.6,0.0535714285714286,0.6666666666666666,0.372427364728615
4,60,60,6,90,13,6,0,0,0,4,1,1,1,1,0.17377394345044514,0.8,0.6428571428571428,0.6666666666666666,0.5440720565175649
2,45,161,11,180,8,0,1,0,0,0,1,1,1,1,0.4723665527410147,0.4,0.04166666666666663,0.25,0.28471255810958146
1,120,141,6,150,11,3,0,0,1,0,1,1,1,1,0.2865047968601901,0.2,0.1607142857142857,0.8,0.26589858219745915
5,45,48,6,180,10,2,1,0,0,4,1,1,1,1,0.36787944117144233,1.0,0.7142857142857143,0.25,0.6739516952205482
4,45,79,8,60,6,4,1,0,0,5,1,1,1,1,0.6065306597126334,0.8,0.5297619047619048,0.75,0.6665152553981448
5,90,156,11,150,10,4,1,0,0,2,1,1,1,1,0.7788007830714049,1.0,0.0714285714285714,0.6,0.5916658388478274
5,60,167,7,60,20,4,1,0,0,2,1,1,1,1,0.06392786120670757,1.0,0.005952380952380931,1.0,0.4272036260914192
2,45,96,9,90,6,1,1,1,0,4,1,1,1,1,0.4723665527410147,0.4,0.4285714285714286,0.5,0.4352936050597614
2,45,111,8,120,17,6,0,0,0,4,1,1,1,1,0.10539922456186433,0.4,0.3392857142857143,0.375,0.3211763295399071
2,90,140,6,120,22,1,1,0,1,2,1,1,1,1,0.1353352832366127,0.4,0.16666666666666663,0.75,0.3650039116457476
1,30,167,12,90,12,0,0,1,0,0,1,1,1,1,1.0,0.2,0.005952380952380931,0.3333333333333333,0.3475203904829471
4,45,123,10,60,16,5,0,0,0,3,1,1,1,1,0.22313016014842982,0.8,0.2678571428571429,0.75,0.4300400408781871
3,60,114,9,60,8,0,0,0,1,0,1,1,1,1,0.7788007830714049,0.6,0.3214285714285714,1.0,0.5978416632176142
5,60,151,8,180,13,2,0,0,0,5,1,1,1,1,0.2865047968601901,1.0,0.10119047619047616,0.3333333333333333,0.43357927648914374
4,180,168,9,180,7,5,0,1,1,0,1,1,1,1,0.6065306597126334,0.8,0.0,1.0,0.47852349405230005
2,150,145,7,180,7,2,1,0,0,4,1,1,1,1,1.0,0.4,0.13690476190476186,0.8333333333333334,0.5175029369998773
2,30,54,6,150,19,3,0,0,0,2,1,1,1,1,0.06392786120670757,0.4,0.6785714285714286,0.2,0.35456033197024656
3,60,150,10,60,15,5,0,0,1,0,1,1,1,1,0.2865047968601901,0.6,0.1071428571428571,1.0,0.3983528251402036
1,90,163,7,150,14,3,0,0,0,5,1,1,1,1,0.17377394345044514,0.2,0.029761904761904767,0.6,0.15670394184837913
3,60,139,9,180,11,5,1,0,1,5,1,1,1,1,0.6065306597126334,0.6,0.17261904761904767,0.3333333333333333,0.44039070860690754
5,45,106,6,90,7,2,1,0,1,4,1,1,1,1,0.7788007830714049,1.0,0.36904761904761907,0.5,0.6961335667919163
1,150,124,6,150,19,2,1,0,1,1,1,1,1,1,0.06392786120670757,0.2,0.26190476190476186,1.0,0.26187578408019674
5,45,125,6,120,20,6,1,1,0,2,1,1,1,1,0.0820849986238988,1.0,0.25595238095238093,0.375,0.49393850266726935
5,30,127,9,45,20,2,0,1,1,2,1,1,1,1,0.06392786120670757,1.0,0.24404761904761907,0.6666666666666666,0.5501326776214756
1,30,122,10,150,14,6,1,0,1,0,1,1,1,1,0.36787944117144233,0.2,0.27380952380952384,0.2,0.28669296883595485
1,45,60,6,90,6,3,1,0,0,1,1,1,1,1,1.0,0.2,0.6428571428571428,0.5,0.5732937992954213
1,120,97,7,120,15,3,0,0,1,4,1,1,1,1,0.1353352832366127,0.2,0.42261904761904767,1.0,0.266511863020565
1,30,118,8,90,8,2,0,0,0,1,1,1,1,1,1.0,0.2,0.29761904761904767,0.3333333333333333,0.39817551137049695
5,30,146,10,120,19,3,0,0,1,2,1,1,1,1,0.10539922456186433,1.0,0.13095238095238093,0.25,0.4452023610621468
1,60,109,9,120,11,2,0,0,1,4,1,1,1,1,0.6065306597126334,0.2,0.35119047619047616,0.5,0.4209612745667406
5,45,139,7,90,16,2,1,0,1,2,1,1,1,1,0.10539922456186433,1.0,0.17261904761904767,0.5,0.5098480330248409
4,60,149,9,150,13,1,0,0,0,5,1,1,1,1,0.36787944117144233,0.8,0.11309523809523814,0.4,0.42106774496871263
3,30,160,6,60,18,3,1,0,0,4,1,1,1,1,0.049787068367863944,0.6,0.04761904761904767,0.5,0.2497916497570333
3,150,107,6,180,9,3,1,0,1,3,1,1,1,1,0.4723665527410147,0.6,0.36309523809523814,0.8333333333333334,0.5326735456418059
4,90,80,7,150,9,3,0,0,1,0,1,1,1,1,0.6065306597126334,0.8,0.5238095238095238,0.6,0.6627025812319343
2,45,150,11,180,21,5,1,0,1,0,1,1,1,1,0.0820849986238988,0.4,0.1071428571428571,0.25,0.2635124909483999
5,60,110,9,180,19,5,1,0,0,5,1,1,1,1,0.0820849986238988,1.0,0.34523809523809523,0.3333333333333333,0.49091976513813096
3,90,160,9,120,15,6,1,0,0,0,1,1,1,1,0.22313016014842982,0.6,0.04761904761904767,0.75,0.2811763697625943
1,150,73,6,180,17,0,1,1,1,2,1,1,1,1,0.06392786120670757,0.2,0.5654761904761905,0.8333333333333334,0.3650630747126308
3,30,111,9,150,16,0,1,0,1,0,1,1,1,1,0.17377394345044514,0.6,0.3392857142857143,0.2,0.37488182348484617
4,45,74,6,60,22,3,0,0,0,3,1,1,1,1,0.1353352832366127,0.8,0.5595238095238095,0.75,0.5036564046372732
3,30,106,9,90,21,6,1,0,1,4,1,1,1,1,0.049787068367863944,0.6,0.36904761904761907,0.3333333333333333,0.365611604288527
1,30,48,6,60,18,0,0,0,0,0,1,1,1,1,0.049787068367863944,0.2,0.7142857142857143,0.5,0.33650346829021965
3,45,131,6,150,14,6,1,0,0,3,1,1,1,1,0.1353352832366127,0.6,0.22023809523809523,0.3,0.3203353821419893
4,90,106,6,180,10,1,0,0,0,2,1,1,1,1,0.36787944117144233,0.8,0.36904761904761907,0.5,0.4776503929184086
4,180,148,6,180,17,5,0,0,0,4,1,1,1,1,0.06392786120670757,0.8,0.11904761904761907,1.0,0.36220981328259727
4,90,160,10,120,14,3,0,0,1,3,1,1,1,1,0.36787944117144233,0.8,0.04761904761904767,0.75,0.47287681027959827
5,45,106,9,180,17,2,0,0,1,3,1,1,1,1,0.1353352832366127,1.0,0.36904761904761907,0.25,0.5239401546407826
4,30,144,8,60,6,5,1,0,1,4,1,1,1,1,0.6065306597126334,0.8,0.1428571428571429,0.5,0.5026771466342522
3,45,119,10,180,11,0,0,0,1,0,1,1,1,1,0.7788007830714049,0.6,0.29166666666666663,0.25,0.5420217565902354
5,90,150,7,180,9,1,1,1,1,2,1,1,1,1,0.6065306597126334,1.0,0.1071428571428571,0.5,0.6146866833916483
3,90,108,9,120,15,6,1,1,1,5,1,1,1,1,0.22313016014842982,0.6,0.3571428571428571,0.75,0.47497245446541625
3,45,92,7,45,21,2,1,0,1,4,1,1,1,1,0.0820849986238988,0.6,0.45238095238095233,1.0,0.43797886263642927
5,45,127,9,60,17,2,1,0,0,5,1,1,1,1,0.1353352832366127,1.0,0.24404761904761907,0.75,0.4766184563437614
5,90,148,6,120,10,5,0,0,1,0,1,1,1,1,0.36787944117144233,1.0,0.11904761904761907,0.75,0.5564915843124725
5,30,142,8,180,8,6,1,0,0,4,1,1,1,1,1.0,1.0,0.15476190476190477,0.16666666666666666,0.641283600181097
5,120,72,7,180,12,6,1,0,1,3,1,1,1,1,0.2865047968601901,1.0,0.5714285714285714,0.6666666666666666,0.6124079223769763
3,30,103,7,150,19,0,1,0,0,1,1,1,1,1,0.049787068367863944,0.6,0.38690476190476186,0.2,0.3356720513588483
5,45,152,8,45,7,0,0,0,0,4,1,1,1,1,0.7788007830714049,1.0,0.09523809523809523,1.0,0.5986306147029857
3,30,137,11,120,15,2,0,0,1,3,1,1,1,1,0.36787944117144233,0.6,0.18452380952380953,0.25,0.37988195894484883
1,30,151,7,180,12,4,0,0,1,3,1,1,1,1,0.2865047968601901,0.2,0.10119047619047616,0.16666666666666666,0.1703665574730967
3,45,104,9,45,18,1,0,0,0,4,1,1,1,1,0.10539922456186433,0.6,0.38095238095238093,1.0,0.34618448118836387
4,60,149,8,150,14,4,1,0,0,1,1,1,1,1,0.22313016014842982,0.8,0.11309523809523814,0.4,0.4167112530034897
5,90,157,7,180,8,2,0,0,1,2,1,1,1,1,0.7788007830714049,1.0,0.06547619047619047,0.5,0.6585092893207364
1,60,150,8,150,8,5,0,0,0,5,1,1,1,1,1.0,0.2,0.1071428571428571,0.4,0.3805538213661297
1,45,109,7,120,21,2,0,0,0,5,1,1,1,1,0.0820849986238988,0.2,0.35119047619047616,0.375,0.22721163068107264
5,30,167,12,90,14,2,1,0,0,3,1,1,1,1,0.6065306597126334,1.0,0.005952380952380931,0.3333333333333333,0.5387354658068036
4,45,121,9,90,19,5,0,0,0,2,1,1,1,1,0.0820849986238988,0.8,0.27976190476190477,0.5,0.43906610246030875
1,30,116,9,180,16,1,0,0,1,3,1,1,1,1,0.17377394345044514,0.2,0.30952380952380953,0.16666666666666666,0.2531746073226513
2,90,148,7,180,7,5,0,0,1,2,1,1,1,1,1.0,0.4,0.11904761904761907,0.5,0.485827539107435
3,60,114,9,60,11,3,1,0,0,5,1,1,1,1,0.6065306597126334,0.6,0.3214285714285714,1.0,0.5242068601253965
1,60,157,7,90,9,4,0,1,0,3,1,1,1,1,0.6065306597126334,0.2,0.06547619047619047,0.6666666666666666,0.31353134596445953
3,150,100,7,150,19,4,1,0,0,1,1,1,1,1,0.049787068367863944,0.6,0.40476190476190477,1.0,0.37260102813160034
2,60,155,11,120,21,6,1,0,1,0,1,1,1,1,0.0820849986238988,0.4,0.07738095238095233,0.5,0.24671252641552438
2,30,120,6,30,9,5,1,1,0,4,1,1,1,1,0.4723665527410147,0.4,0.2857142857142857,1.0,0.41028521441757604
3,150,143,6,150,17,0,0,1,0,1,1,1,1,1,0.06392786120670757,0.6,0.14880952380952384,1.0,0.33715609816404574
2,60,96,7,60,7,4,1,1,1,5,1,1,1,1,1.0,0.4,0.4285714285714286,1.0,0.663066719710529
1,60,160,7,150,20,3,1,0,0,1,1,1,1,1,0.06392786120670757,0.2,0.04761904761904767,0.4,0.12799883562290962
4,90,152,9,90,16,2,0,0,1,2,1,1,1,1,0.17377394345044514,0.8,0.09523809523809523,1.0,0.3863454211621925
4,60,167,7,60,17,5,0,0,0,1,1,1,1,1,0.0820849986238988,0.8,0.005952380952380931,1.0,0.33872575401462884
5,30,49,7,150,6,6,0,0,0,5,1,1,1,1,0.7788007830714049,1.0,0.7083333333333333,0.2,0.7772300524293583
4,120,166,6,180,19,5,1,0,0,3,1,1,1,1,0.06392786120670757,0.8,0.011904761904761862,0.6666666666666666,0.3317988866532814
5,60,118,7,90,10,5,0,0,1,4,1,1,1,1,0.4723665527410147,1.0,0.29761904761904767,0.6666666666666666,0.6329244518692962
3,30,56,7,60,17,2,0,0,1,3,1,1,1,1,0.0820849986238988,0.6,0.6666666666666667,0.5,0.4981471498733368
5,60,118,8,180,19,3,1,1,0,3,1,1,1,1,0.06392786120670757,1.0,0.29761904761904767,0.3333333333333333,0.5118717601300933
5,45,30,6,120,13,5,1,0,0,1,1,1,1,1,0.17377394345044514,1.0,0.8214285714285714,0.375,0.6578518418042919
1,60,149,10,150,12,3,0,0,0,2,1,1,1,1,0.6065306597126334,0.2,0.11309523809523814,0.4,0.3223656224513569
4,45,119,7,180,9,3,0,0,0,2,1,1,1,1,0.6065306597126334,0.8,0.29166666666666663,0.25,0.5602344125598703
1,60,156,11,180,12,3,1,1,0,4,1,1,1,1,0.7788007830714049,0.2,0.0714285714285714,0.3333333333333333,0.34148888680605427
5,30,153,10,90,9,2,0,1,0,4,1,1,1,1,0.7788007830714049,1.0,0.0892857142857143,0.3333333333333333,0.6103209037649497
3,120,122,9,180,7,3,1,1,0,4,1,1,1,1,0.6065306597126334,0.6,0.27380952380952384,0.6666666666666666,0.48563460773737016
4,30,163,9,45,8,2,1,0,0,0,1,1,1,1,0.7788007830714049,0.8,0.029761904761904767,0.6666666666666666,0.5238478099708456
4,45,121,6,45,22,0,1,0,1,3,1,1,1,1,0.1353352832366127,0.8,0.27976190476190477,1.0,0.4816973396446912
1,60,158,8,60,9,6,0,0,0,0,1,1,1,1,0.7788007830714049,0.2,0.059523809523809534,1.0,0.3199347519570956
1,60,116,8,90,19,6,0,0,1,1,1,1,1,1,0.06392786120670757,0.2,0.30952380952380953,0.6666666666666666,0.2822925375360138
5,30,122,9,150,10,2,0,0,0,3,1,1,1,1,0.7788007830714049,1.0,0.27380952380952384,0.2,0.6311197009866584
5,45,136,7,60,15,6,0,0,1,3,1,1,1,1,0.1353352832366127,1.0,0.19047619047619047,0.75,0.4787048360458229
4,60,163,7,60,15,5,1,1,0,3,1,1,1,1,0.1353352832366127,0.8,0.029761904761904767,1.0,0.41467477954386717
3,60,95,7,60,11,1,1,0,0,3,1,1,1,1,0.36787944117144233,0.6,0.43452380952380953,1.0,0.47597673932483753
3,120,92,7,180,16,6,0,0,0,2,1,1,1,1,0.10539922456186433,0.6,0.45238095238095233,0.6666666666666666,0.42661187275221796
4,150,117,6,150,6,4,1,0,0,0,1,1,1,1,1.0,0.8,0.3035714285714286,1.0,0.6789536333702033
3,45,97,9,45,17,4,1,0,0,1,1,1,1,1,0.1353352832366127,0.6,0.42261904761904767,1.0,0.39832034473206707
1,45,122,6,120,13,4,1,0,1,5,1,1,1,1,0.17377394345044514,0.2,0.27380952380952384,0.375,0.20695246319701982
3,45,166,7,60,13,2,0,1,0,3,1,1,1,1,0.22313016014842982,0.6,0.011904761904761862,0.75,0.3194575789787853
2,180,112,6,180,13,4,1,0,1,5,1,1,1,1,0.17377394345044514,0.4,0.33333333333333337,1.0,0.3987529188554718
2,45,139,6,120,15,0,1,0,0,1,1,1,1,1,0.10539922456186433,0.4,0.17261904761904767,0.375,0.26487675448791714
2,45,162,11,90,15,5,1,0,1,0,1,1,1,1,0.36787944117144233,0.4,0.0357142857142857,0.5,0.29619612056802763
5,120,103,6,180,17,0,0,0,1,5,1,1,1,1,0.06392786120670757,1.0,0.38690476190476186,0.6666666666666666,0.5135968715385659
4,30,122,9,120,20,0,0,0,0,2,1,1,1,1,0.06392786120670757,0.8,0.27380952380952384,0.25,0.399133142320754
1,60,77,8,60,6,5,1,1,0,4,1,1,1,1,0.6065306597126334,0.2,0.5416666666666667,1.0,0.4344582089381972
1,45,115,7,90,12,6,0,0,1,2,1,1,1,1,0.2865047968601901,0.2,0.31547619047619047,0.5,0.29601712628492555
2,180,138,8,180,10,0,0,0,1,3,1,1,1,1,0.6065306597126334,0.4,0.1785714285714286,1.0,0.4628515589224382
2,30,65,7,30,9,2,1,1,0,3,1,1,1,1,0.6065306597126334,0.4,0.6130952380952381,1.0,0.5203438870629437
5,30,20,6,45,14,1,1,0,0,0,1,1,1,1,0.1353352832366127,1.0,0.8809523809523809,0.6666666666666666,0.6473761321492056
4,30,115,7,45,8,0,0,0,0,5,1,1,1,1,0.7788007830714049,0.8,0.31547619047619047,0.6666666666666666,0.6200977933126381
2,45,153,9,60,7,6,0,0,0,5,1,1,1,1,0.6065306597126334,0.4,0.0892857142857143,0.75,0.3872876142800299
2,30,76,6,150,15,6,1,0,1,0,1,1,1,1,0.10539922456186433,0.4,0.5476190476190477,0.2,0.33943129208645484
1,45,66,8,180,12,0,0,0,1,2,1,1,1,1,0.36787944117144233,0.2,0.6071428571428572,0.25,0.37398196583497006
3,30,163,10,90,14,4,0,0,0,3,1,1,1,1,0.36787944117144233,0.6,0.029761904761904767,0.3333333333333333,0.3546848205524631
5,45,150,11,180,21,4,1,0,1,1,1,1,1,1,0.0820849986238988,1.0,0.1071428571428571,0.25,0.42779616855602726
5,90,148,9,120,18,1,1,0,1,4,1,1,1,1,0.10539922456186433,1.0,0.11904761904761907,0.75,0.48770403901609766
1,150,83,6,180,13,2,0,0,1,4,1,1,1,1,0.17377394345044514,0.2,0.5059523809523809,0.8333333333333334,0.33574233242052043
4,60,92,8,60,6,4,1,1,0,3,1,1,1,1,0.6065306597126334,0.8,0.45238095238095233,1.0,0.6342599855821006
1,120,151,9,120,17,1,0,0,0,2,1,1,1,1,0.1353352832366127,0.2,0.10119047619047616,1.0,0.16942646620409807
1,45,58,6,60,21,4,1,0,0,0,1,1,1,1,0.10539922456186433,0.2,0.6547619047619048,0.75,0.35686569884355845
5,30,64,6,90,6,5,0,1,1,3,1,1,1,1,1.0,1.0,0.6190476190476191,0.3333333333333333,0.8083746647926273
2,120,144,9,180,13,2,1,1,1,1,1,1,1,1,0.36787944117144233,0.4,0.1428571428571429,0.6666666666666666,0.3562077958459989
1,30,137,7,90,17,1,1,0,1,4,1,1,1,1,0.0820849986238988,0.2,0.18452380952380953,0.3333333333333333,0.22173611522153264
4,45,130,6,150,6,6,0,1,0,2,1,1,1,1,1.0,0.8,0.22619047619047616,0.3,0.6226460981881634
1,90,147,8,120,13,6,0,0,0,2,1,1,1,1,0.2865047968601901,0.2,0.125,0.75,0.24293725337526542
2,30,164,12,45,20,1,0,0,0,0,1,1,1,1,0.1353352832366127,0.4,0.023809523809523836,0.6666666666666666,0.20882166446114883
4,30,89,7,30,18,2,0,1,0,0,1,1,1,1,0.06392786120670757,0.8,0.47023809523809523,1.0,0.5082300192009083
5,30,146,11,30,12,0,1,1,0,3,1,1,1,1,0.7788007830714049,1.0,0.13095238095238093,1.0,0.6408404197437756
1,90,166,7,120,6,5,0,0,1,4,1,1,1,1,0.7788007830714049,0.2,0.011904761904761862,0.75,0.3421375832980358
5,45,55,7,150,16,4,1,0,1,1,1,1,1,1,0.10539922456186433,1.0,0.6726190476190477,0.3,0.5907510577919839
5,60,60,6,60,9,4,0,0,0,5,1,1,1,1,0.4723665527410147,1.0,0.6428571428571428,1.0,0.7076092163131202
3,45,88,8,45,22,0,0,0,0,2,1,1,1,1,0.0820849986238988,0.6,0.47619047619047616,1.0,0.42537320394177225
1,150,156,10,150,6,4,1,0,0,3,1,1,1,1,0.36787944117144233,0.2,0.0714285714285714,1.0,0.25682988842037735
4,150,147,9,180,14,6,1,0,0,4,1,1,1,1,0.2865047968601901,0.8,0.125,0.8333333333333334,0.47939637313035566
5,30,143,7,45,9,6,1,0,0,3,1,1,1,1,0.6065306597126334,1.0,0.14880952380952384,0.6666666666666666,0.5615094896509063
1,120,167,7,180,17,1,0,1,0,2,1,1,1,1,0.0820849986238988,0.2,0.005952380952380931,0.6666666666666666,0.14115105589268093
5,30,80,7,180,21,4,0,0,1,1,1,1,1,1,0.0820849986238988,1.0,0.5238095238095238,0.16666666666666666,0.5146004823471818
4,90,119,8,90,19,0,0,0,0,5,1,1,1,1,0.06392786120670757,0.8,0.29166666666666663,1.0,0.3927157155872652
3,45,125,7,45,11,1,0,0,0,0,1,1,1,1,0.36787944117144233,0.6,0.25595238095238093,1.0,0.38599769348074237
2,60,96,6,90,14,2,1,1,1,2,1,1,1,1,0.1353352832366127,0.4,0.4285714285714286,0.6666666666666666,0.37472603349605504
5,45,125,10,60,18,2,0,1,1,1,1,1,1,1,0.1353352832366127,1.0,0.25595238095238093,0.75,0.5316236546770671
4,30,137,6,150,22,0,0,1,1,3,1,1,1,1,0.1353352832366127,0.8,0.18452380952380953,0.2,0.40659470574289636
5,30,115,7,180,18,2,1,1,1,4,1,1,1,1,0.06392786120670757,1.0,0.31547619047619047,0.16666666666666666,0.5491905133199385
2,30,68,7,60,6,5,0,0,0,5,1,1,1,1,0.7788007830714049,0.4,0.5952380952380952,0.5,0.5001738708559462
2,60,147,6,150,18,0,1,0,1,3,1,1,1,1,0.049787068367863944,0.4,0.125,0.4,0.2589452602356254
5,30,139,9,30,14,0,1,0,0,3,1,1,1,1,0.2865047968601901,1.0,0.17261904761904767,1.0,0.5460825771206013
1,45,70,6,150,12,4,1,1,0,0,1,1,1,1,0.22313016014842982,0.2,0.5833333333333333,0.3,0.3452992606435013
4,45,61,6,180,18,0,0,0,1,2,1,1,1,1,0.049787068367863944,0.8,0.6369047619047619,0.25,0.5615346221320551
4,45,76,6,60,8,5,1,1,0,4,1,1,1,1,0.6065306597126334,0.8,0.5476190476190477,0.75,0.6315834102753658
2,45,68,7,120,12,1,0,0,1,5,1,1,1,1,0.2865047968601901,0.4,0.5952380952380952,0.375,0.40421323819100796
4,120,121,8,180,12,2,0,1,0,2,1,1,1,1,0.36787944117144233,0.8,0.27976190476190477,0.6666666666666666,0.4784814453439692
2,45,134,10,120,9,4,0,1,0,3,1,1,1,1,0.7788007830714049,0.4,0.20238095238095233,0.375,0.4464104119843643
2,120,157,7,180,14,1,1,1,0,0,1,1,1,1,0.17377394345044514,0.4,0.06547619047619047,0.6666666666666666,0.2663852868980448
5,90,118,7,90,10,3,0,0,1,3,1,1,1,1,0.4723665527410147,1.0,0.29761904761904767,1.0,0.6118027921753273
1,30,103,6,120,19,2,0,0,0,4,1,1,1,1,0.06392786120670757,0.2,0.38690476190476186,0.25,0.1769056788184945
4,30,93,9,60,16,3,0,0,1,5,1,1,1,1,0.17377394345044514,0.8,0.4464285714285714,0.5,0.5058353464607497
2,60,106,8,90,15,6,0,1,1,3,1,1,1,1,0.17377394345044514,0.4,0.36904761904761907,0.6666666666666666,0.3976279161726652
4,60,111,7,60,13,2,1,0,0,4,1,1,1,1,0.22313016014842982,0.8,0.3392857142857143,1.0,0.47794974626920367
2,30,111,6,30,7,6,1,0,0,2,1,1,1,1,0.7788007830714049,0.4,0.3392857142857143,1.0,0.47018113520835497
1,30,115,9,30,22,0,1,0,1,3,1,1,1,1,0.06392786120670757,0.2,0.31547619047619047,1.0,0.26353550899229766
4,90,81,6,180,21,5,1,0,0,0,1,1,1,1,0.10539922456186433,0.8,0.5178571428571428,0.5,0.4833187813664897
4,30,133,11,30,17,6,0,1,0,5,1,1,1,1,0.22313016014842982,0.8,0.20833333333333337,1.0,0.4290494939429642
4,60,152,6,120,9,6,0,0,0,3,1,1,1,1,0.4723665527410147,0.8,0.09523809523809523,0.5,0.45486948113503717
4,30,68,7,120,15,2,0,0,1,4,1,1,1,1,0.1353352832366127,0.8,0.5952380952380952,0.25,0.4755180898481397
1,90,128,8,120,17,0,1,0,0,4,1,1,1,1,0.10539922456186433,0.2,0.23809523809523814,0.75,0.22378989495934432
1,30,137,6,90,20,2,1,0,0,0,1,1,1,1,0.0820849986238988,0.2,0.18452380952380953,0.3333333333333333,0.17353278964693283
4,45,135,8,60,18,0,1,0,0,4,1,1,1,1,0.0820849986238988,0.8,0.1964285714285714,0.75,0.42431494959522326
5,45,147,10,60,10,4,1,0,1,5,1,1,1,1,1.0,1.0,0.125,0.75,0.6957496798792824
1,30,84,6,45,15,1,1,0,0,5,1,1,1,1,0.10539922456186433,0.2,0.5,0.6666666666666666,0.2814816996182079
4,120,146,6,180,16,3,1,0,0,3,1,1,1,1,0.0820849986238988,0.8,0.13095238095238093,0.6666666666666666,0.38454673415309365
4,60,136,10,60,8,4,0,0,0,2,1,1,1,1,0.6065306597126334,0.8,0.19047619047619047,1.0,0.5469111502374638
2,30,67,7,150,9,5,1,0,0,4,1,1,1,1,0.6065306597126334,0.4,0.6011904761904762,0.2,0.5143179199464814
2,60,136,7,60,19,0,0,0,0,2,1,1,1,1,0.049787068367863944,0.4,0.19047619047619047,1.0,0.24036860816834757
5,60,88,8,90,16,5,1,1,1,3,1,1,1,1,0.1353352832366127,1.0,0.47619047619047616,0.6666666666666666,0.5907557642522684
4,45,151,11,60,18,4,1,0,0,3,1,1,1,1,0.17377394345044514,0.8,0.10119047619047616,0.75,0.36982923047638305
4,60,115,7,90,22,4,1,0,1,5,1,1,1,1,0.10539922456186433,0.8,0.31547619047619047,0.6666666666666666,0.4736109893791847
1,90,113,9,120,20,6,1,0,0,0,1,1,1,1,0.06392786120670757,0.2,0.32738095238095233,0.75,0.22230560210730077
5,45,110,7,180,15,5,1,0,1,5,1,1,1,1,0.1353352832366127,1.0,0.34523809523809523,0.25,0.49938480619764297
2,90,164,10,180,12,2,0,0,0,5,1,1,1,1,0.6065306597126334,0.4,0.023809523809523836,0.5,0.2833003678417115
3,120,89,6,180,13,6,0,1,1,0,1,1,1,1,0.17377394345044514,0.6,0.47023809523809523,0.6666666666666666,0.4852223029124075
2,150,110,6,150,20,0,0,0,1,4,1,1,1,1,0.0820849986238988,0.4,0.34523809523809523,1.0,0.3336127897483888
3,90,138,7,150,6,1,0,0,0,4,1,1,1,1,0.7788007830714049,0.6,0.1785714285714286,0.6,0.4749776595006277
1,150,162,6,150,16,0,1,0,0,2,1,1,1,1,0.0820849986238988,0.2,0.0357142857142857,1.0,0.17837762082170175
3,150,128,8,150,18,3,1,0,0,4,1,1,1,1,0.0820849986238988,0.6,0.23809523809523814,1.0,0.35243199523932983
1,45,68,6,45,14,5,1,1,0,1,1,1,1,1,0.1353352832366127,0.2,0.5952380952380952,1.0,0.362786420670978
3,30,142,11,150,9,6,0,0,0,4,1,1,1,1,0.6065306597126334,0.6,0.15476190476190477,0.2,0.394484152110345
3,45,45,6,120,15,4,0,0,1,1,1,1,1,1,0.10539922456186433,0.6,0.7321428571428572,0.375,0.504312208364658
2,60,79,6,180,9,6,0,0,0,5,1,1,1,1,0.4723665527410147,0.4,0.5297619047619048,0.3333333333333333,0.4576459723444109
1,60,139,8,120,10,6,1,0,1,5,1,1,1,1,0.6065306597126334,0.2,0.17261904761904767,0.5,0.31844823257272586
2,30,110,10,90,12,5,0,0,0,2,1,1,1,1,0.6065306597126334,0.4,0.34523809523809523,0.3333333333333333,0.4256937506394047
3,60,139,8,120,19,6,1,0,0,1,1,1,1,1,0.06392786120670757,0.6,0.17261904761904767,0.5,0.31851426132575456
3,30,131,8,120,16,4,1,0,0,5,1,1,1,1,0.1353352832366127,0.6,0.22023809523809523,0.25,0.28533872195206
2,45,127,8,180,16,0,1,0,0,5,1,1,1,1,0.1353352832366127,0.4,0.24404761904761907,0.25,0.2444784876021993
3,30,108,7,30,15,0,1,0,0,1,1,1,1,1,0.1353352832366127,0.6,0.3571428571428571,1.0,0.3819079513617655
5,45,71,6,45,17,1,1,0,0,5,1,1,1,1,0.06392786120670757,1.0,0.5773809523809523,1.0,0.5406431207861283
4,30,146,9,180,22,2,1,0,0,2,1,1,1,1,0.06392786120670757,0.8,0.13095238095238093,0.16666666666666666,0.3702431058849068
1,45,82,8,150,19,0,1,0,0,2,1,1,1,1,0.06392786120670757,0.2,0.5119047619047619,0.3,0.21937691190399117
3,90,149,7,90,19,1,1,0,0,1,1,1,1,1,0.049787068367863944,0.6,0.11309523809523814,1.0,0.3340372745262611
4,45,106,9,45,7,3,0,0,1,5,1,1,1,1,0.6065306597126334,0.8,0.36904761904761907,1.0,0.6185967596116454
2,60,157,8,180,13,2,1,0,0,2,1,1,1,1,0.2865047968601901,0.4,0.06547619047619047,0.3333333333333333,0.22253952466561064
1,30,163,9,180,16,5,1,1,0,5,1,1,1,1,0.17377394345044514,0.2,0.029761904761904767,0.16666666666666666,0.14146723356651622
1,30,126,8,60,16,6,1,0,0,3,1,1,1,1,0.1353352832366127,0.2,0.25,0.5,0.1764716166373473
1,45,77,7,45,10,3,1,0,0,1,1,1,1,1,0.4723665527410147,0.2,0.5416666666666667,1.0,0.36288564692244774
5,45,134,9,45,8,1,1,0,1,3,1,1,1,1,0.7788007830714049,1.0,0.20238095238095233,1.0,0.6387885120192802
5,30,113,8,30,18,1,1,0,0,3,1,1,1,1,0.0820849986238988,1.0,0.32738095238095233,1.0,0.5187911566219509
2,120,115,7,180,10,4,0,1,0,5,1,1,1,1,0.4723665527410147,0.4,0.31547619047619047,0.6666666666666666,0.38348770488918854
1,30,127,9,30,7,1,1,0,1,2,1,1,1,1,0.6065306597126334,0.2,0.24404761904761907,1.0,0.3231753360834932
3,45,109,8,150,18,1,1,0,1,5,1,1,1,1,0.0820849986238988,0.6,0.35119047619047616,0.3,0.36725082121398606
1,60,76,8,120,14,1,0,0,1,4,1,1,1,1,0.22313016014842982,0.2,0.5476190476190477,0.5,0.3286042445052525
1,30,66,7,150,15,2,1,1,1,2,1,1,1,1,0.1353352832366127,0.2,0.6071428571428572,0.2,0.35784384781439543
2,30,156,11,90,12,4,0,1,0,0,1,1,1,1,0.7788007830714049,0.4,0.0714285714285714,0.3333333333333333,0.38215161295186184
4,30,149,6,180,12,5,0,0,1,4,1,1,1,1,0.22313016014842982,0.8,0.11309523809523814,0.16666666666666666,0.41106659322171385
3,45,124,7,180,17,1,1,1,1,4,1,1,1,1,0.0820849986238988,0.6,0.26190476190476186,0.25,0.3324777905646873
3,30,103,9,120,14,1,0,0,1,1,1,1,1,1,0.2865047968601901,0.6,0.38690476190476186,0.25,0.42108193187177073
4,120,79,7,150,11,4,0,1,0,2,1,1,1,1,0.36787944117144233,0.8,0.5297619047619048,0.8,0.595808332969405
3,30,145,11,150,19,1,0,0,0,3,1,1,1,1,0.1353352832366127,0.6,0.13690476190476186,0.2,0.2692535302426525
1,120,144,10,180,7,3,1,0,0,5,1,1,1,1,0.4723665527410147,0.2,0.1428571428571429,0.6666666666666666,0.3161222731960649
4,180,130,7,180,15,1,0,0,1,1,1,1,1,1,0.1353352832366127,0.8,0.22619047619047616,1.0,0.4924316001031452
2,45,94,8,90,14,6,0,1,0,2,1,1,1,1,0.22313016014842982,0.4,0.44047619047619047,0.5,0.3624078494056898
5,45,154,9,45,12,0,1,1,1,0,1,1,1,1,0.4723665527410147,1.0,0.08333333333333337,1.0,0.5899850249722036
1,30,95,6,150,6,4,0,1,1,3,1,1,1,1,1.0,0.2,0.43452380952380953,0.2,0.49881666344533443
1,30,122,7,90,17,0,1,0,0,2,1,1,1,1,0.0820849986238988,0.2,0.27380952380952384,0.3333333333333333,0.1731566227854514
3,30,166,9,150,10,6,1,0,0,1,1,1,1,1,0.7788007830714049,0.6,0.011904761904761862,0.2,0.395992870245145
2,30,85,8,30,17,4,0,0,0,4,1,1,1,1,0.10539922456186433,0.4,0.49404761904761907,1.0,0.36656496904527675
2,60,126,7,120,7,4,1,1,0,1,1,1,1,1,1.0,0.4,0.25,0.5,0.5201105692094946
4,45,38,6,150,22,6,1,1,1,4,1,1,1,1,0.1353352832366127,0.8,0.7738095238095238,0.3,0.6089709169801217
2,60,166,10,180,10,3,1,0,1,3,1,1,1,1,1.0,0.4,0.011904761904761862,0.3333333333333333,0.4003024784246425
1,30,101,7,120,11,4,0,0,0,3,1,1,1,1,0.36787944117144233,0.2,0.39880952380952384,0.25,0.30648238243327725
5,45,134,9,60,19,1,0,1,0,1,1,1,1,1,0.0820849986238988,1.0,0.20238095238095233,0.75,0.450235104899143
1,90,85,7,180,22,3,1,0,1,2,1,1,1,1,0.10539922456186433,0.2,0.49404761904761907,0.5,0.30034788080884806
2,60,142,10,120,8,3,0,1,0,0,1,1,1,1,0.6065306597126334,0.4,0.15476190476190477,0.5,0.38903813116722097
3,60,100,9,150,19,1,0,0,0,2,1,1,1,1,0.0820849986238988,0.6,0.40476190476190477,0.4,0.38382644207051886
4,45,99,7,45,14,2,1,1,1,3,1,1,1,1,0.17377394345044514,0.8,0.4107142857142857,1.0,0.506142225219096
5,45,162,8,180,7,2,0,0,0,4,1,1,1,1,0.7788007830714049,1.0,0.0357142857142857,0.25,0.5184690605646644
2,30,140,10,30,17,2,1,1,0,1,1,1,1,1,0.17377394345044514,0.4,0.16666666666666663,1.0,0.31882761424170053
3,45,110,6,60,21,1,0,0,0,0,1,1,1,1,0.10539922456186433,0.6,0.34523809523809523,0.75,0.3639315929827924
1,90,165,10,90,11,3,0,1,1,2,1,1,1,1,0.7788007830714049,0.2,0.017857142857142905,1.0,0.39562340055310097
3,60,92,8,60,20,6,1,0,1,1,1,1,1,1,0.049787068367863944,0.6,0.45238095238095233,1.0,0.39927907906531496
4,30,147,11,30,12,2,0,0,0,0,1,1,1,1,0.7788007830714049,0.8,0.125,1.0,0.5625174088342947
2,30,156,7,180,15,6,1,0,0,3,1,1,1,1,0.1353352832366127,0.4,0.0714285714285714,0.16666666666666666,0.21009124469837526
2,60,120,7,120,13,5,0,1,0,3,1,1,1,1,0.22313016014842982,0.4,0.2857142857142857,0.5,0.3108770534730309
1,30,150,11,180,6,2,1,0,0,1,1,1,1,1,0.2865047968601901,0.2,0.1071428571428571,0.16666666666666666,0.1876629427711903
1,30,64,6,150,14,3,1,0,0,1,1,1,1,1,0.1353352832366127,0.2,0.6190476190476191,0.2,0.2978294387128375
2,30,95,7,30,22,4,0,0,1,1,1,1,1,1,0.10539922456186433,0.4,0.43452380952380953,1.0,0.36231046297077696
4,30,100,8,90,12,5,1,0,1,0,1,1,1,1,0.36787944117144233,0.8,0.40476190476190477,0.3333333333333333,0.5400978682098775
5,30,115,9,120,15,6,0,0,0,2,1,1,1,1,0.22313016014842982,1.0,0.31547619047619047,0.25,0.519612911692157
4,30,167,9,150,9,6,1,0,1,4,1,1,1,1,1.0,0.8,0.005952380952380931,0.2,0.5618118836064409
2,45,142,6,90,16,3,0,0,0,2,1,1,1,1,0.0820849986238988,0.4,0.15476190476190477,0.5,0.21817480180561785
3,30,144,9,90,21,6,1,0,0,5,1,1,1,1,0.049787068367863944,0.6,0.1428571428571429,0.3333333333333333,0.3126011581794265
4,30,92,7,30,10,5,0,1,0,3,1,1,1,1,0.4723665527410147,0.8,0.45238095238095233,1.0,0.5973668463382033
5,30,108,8,30,6,5,1,1,1,1,1,1,1,1,0.6065306597126334,1.0,0.3571428571428571,1.0,0.7135934145235693
2,45,87,6,90,20,2,1,1,0,0,1,1,1,1,0.0820849986238988,0.4,0.4821428571428571,0.5,0.3571538558942357
5,45,70,8,150,8,1,0,0,1,4,1,1,1,1,1.0,1.0,0.5833333333333333,0.3,0.8048674167940565
3,30,154,7,90,17,5,1,0,0,1,1,1,1,1,0.0820849986238988,0.6,0.08333333333333337,0.3333333333333333,0.27257612378482315
2,45,121,7,90,7,5,1,0,1,3,1,1,1,1,1.0,0.4,0.27976190476190477,0.5,0.5335685881054885
3,45,125,8,60,17,3,1,0,1,3,1,1,1,1,0.10539922456186433,0.6,0.25595238095238093,0.75,0.3261213109390476
3,45,77,7,60,9,3,1,0,0,1,1,1,1,1,0.6065306597126334,0.6,0.5416666666666667,0.75,0.5234031389594797
1,150,132,8,180,21,0,1,0,0,1,1,1,1,1,0.06392786120670757,0.2,0.2142857142857143,0.8333333333333334,0.17451595808291215
2,45,154,8,60,7,6,0,1,0,0,1,1,1,1,0.7788007830714049,0.4,0.08333333333333337,0.75,0.39390680802946454
3,60,96,9,90,20,4,0,0,1,2,1,1,1,1,0.06392786120670757,0.6,0.4285714285714286,0.6666666666666666,0.4345523676494771
1,30,126,8,150,21,6,1,0,0,4,1,1,1,1,0.06392786120670757,0.2,0.25,0.2,0.15106846975297983
1,90,144,9,90,21,3,1,0,1,5,1,1,1,1,0.049787068367863944,0.2,0.1428571428571429,1.0,0.23423716803944758
1,30,138,10,120,8,1,0,0,0,1,1,1,1,1,0.6065306597126334,0.2,0.1785714285714286,0.25,0.34914737824935327
1,90,164,7,150,7,6,1,0,1,2,1,1,1,1,1.0,0.2,0.023809523809523836,0.6,0.33905826583134724
4,30,112,6,150,17,4,1,1,1,3,1,1,1,1,0.06392786120670757,0.8,0.33333333333333337,0.2,0.44631449828797126
3,30,115,9,150,20,2,0,0,1,5,1,1,1,1,0.06392786120670757,0.6,0.31547619047619047,0.2,0.36095294441144893
2,60,61,7,90,10,2,0,1,1,3,1,1,1,1,0.4723665527410147,0.4,0.6369047619047619,0.6666666666666666,0.500568481344223
4,90,71,7,120,17,6,1,1,1,1,1,1,1,1,0.0820849986238988,0.8,0.5773809523809523,0.75,0.5539768229301114
4,30,88,6,150,16,0,0,0,0,2,1,1,1,1,0.0820849986238988,0.8,0.47619047619047616,0.2,0.46122213567431614
1,60,51,7,120,11,5,1,1,0,2,1,1,1,1,0.36787944117144233,0.2,0.6964285714285714,0.5,0.4304858238691243
3,30,74,6,45,7,4,0,1,0,3,1,1,1,1,0.7788007830714049,0.6,0.5595238095238095,0.6666666666666666,0.6180511804730341
4,90,74,6,120,14,3,1,0,1,4,1,1,1,1,0.1353352832366127,0.8,0.5595238095238095,0.75,0.5848032018317006
3,30,159,10,180,7,5,0,0,0,3,1,1,1,1,0.4723665527410147,0.6,0.0535714285714286,0.16666666666666666,0.3623259619218503
4,30,89,8,90,9,6,0,0,0,2,1,1,1,1,0.7788007830714049,0.8,0.47023809523809523,0.3333333333333333,0.6515407186683498
4,90,83,7,120,17,5,0,0,1,4,1,1,1,1,0.0820849986238988,0.8,0.5059523809523809,0.75,0.5190531907709544
3,45,121,9,45,14,1,1,0,1,3,1,1,1,1,0.2865047968601901,0.6,0.27976190476190477,1.0,0.4011395346055916
4,30,154,11,30,16,6,1,0,0,1,1,1,1,1,0.2865047968601901,0.8,0.08333333333333337,1.0,0.4134035275335784
2,90,131,6,150,20,1,1,0,0,4,1,1,1,1,0.0820849986238988,0.4,0.22023809523809523,0.6,0.20983857352720148
2,180,151,8,180,16,6,1,0,0,2,1,1,1,1,0.1353352832366127,0.4,0.10119047619047616,1.0,0.25876002000294435
5,45,82,7,150,12,1,0,0,0,2,1,1,1,1,0.2865047968601901,1.0,0.5119047619047619,0.3,0.6110248773738635
5,30,84,7,45,14,3,1,0,1,2,1,1,1,1,0.17377394345044514,1.0,0.5,0.6666666666666666,0.6285264384977903
2,45,148,6,120,11,0,0,1,0,2,1,1,1,1,0.2865047968601901,0.4,0.11904761904761907,0.375,0.24268552214641848
5,45,65,6,150,19,6,1,0,1,0,1,1,1,1,0.06392786120670757,1.0,0.6130952380952381,0.3,0.5458263680626422
1,90,143,7,120,12,0,0,1,0,3,1,1,1,1,0.2865047968601901,0.2,0.14880952380952384,0.75,0.2624340696455439
1,30,119,8,90,21,1,1,0,0,2,1,1,1,1,0.06392786120670757,0.2,0.29166666666666663,0.3333333333333333,0.20610794079945768
2,60,125,6,120,8,2,1,0,1,2,1,1,1,1,0.6065306597126334,0.4,0.25595238095238093,0.5,0.43949394618798293
4,60,145,11,180,14,6,0,0,1,3,1,1,1,1,0.4723665527410147,0.8,0.13690476190476186,0.3333333333333333,0.47637207840037166
4,45,165,10,150,6,3,1,1,1,2,1,1,1,1,0.36787944117144233,0.8,0.017857142857142905,0.3,0.4347687811790574
2,60,50,7,120,13,0,1,1,0,5,1,1,1,1,0.22313016014842982,0.4,0.7023809523809523,0.5,0.43594345050015426
3,90,134,7,90,11,5,0,0,0,5,1,1,1,1,0.36787944117144233,0.6,0.20238095238095233,1.0,0.383194156837707
4,30,116,10,90,18,5,1,0,0,4,1,1,1,1,0.1353352832366127,0.8,0.30952380952380953,0.3333333333333333,0.4516431428387771
3,90,149,9,150,9,6,0,0,1,4,1,1,1,1,1.0,0.6,0.11309523809523814,0.6,0.5606900743429745
4,45,117,8,60,22,4,1,0,0,2,1,1,1,1,0.0820849986238988,0.8,0.3035714285714286,0.75,0.43453527867479225
1,45,100,6,150,10,6,1,0,0,3,1,1,1,1,0.36787944117144233,0.2,0.40476190476190477,0.3,0.310780820232424
4,30,103,8,120,17,2,1,1,0,1,1,1,1,1,0.10539922456186433,0.8,0.38690476190476186,0.25,0.521876306149093
4,30,86,9,90,11,2,1,0,1,1,1,1,1,1,0.6065306597126334,0.8,0.48809523809523814,0.3333333333333333,0.6103319477439302
3,30,97,8,120,14,1,1,1,0,1,1,1,1,1,0.22313016014842982,0.6,0.42261904761904767,0.25,0.3929856080352358
5,60,109,9,60,21,0,0,1,0,1,1,1,1,1,0.049787068367863944,1.0,0.35119047619047616,1.0,0.555253942413552
5,60,76,6,120,14,6,0,1,0,1,1,1,1,1,0.1353352832366127,1.0,0.5476190476190477,0.5,0.6495914497546211
3,30,100,7,180,14,5,1,0,0,4,1,1,1,1,0.17377394345044514,0.6,0.40476190476190477,0.16666666666666666,0.3893708608767378
1,45,145,8,45,10,3,0,1,0,0,1,1,1,1,0.6065306597126334,0.2,0.13690476190476186,1.0,0.3333237712859887
3,150,143,8,150,7,4,0,0,0,3,1,1,1,1,0.7788007830714049,0.6,0.14880952380952384,1.0,0.508414043300959
1,60,118,8,90,14,4,1,0,1,4,1,1,1,1,0.22313016014842982,0.2,0.29761904761904767,0.6666666666666666,0.2570241787917759
3,90,76,7,120,12,2,0,0,0,1,1,1,1,1,0.2865047968601901,0.6,0.5476190476190477,0.75,0.46344310880238365
3,30,133,9,45,14,6,0,0,1,5,1,1,1,1,0.2865047968601901,0.6,0.20833333333333337,0.6666666666666666,0.43991528214095277
2,60,132,6,180,22,0,0,0,1,0,1,1,1,1,0.1353352832366127,0.4,0.2142857142857143,0.3333333333333333,0.25410847675994847
2,45,159,11,120,13,2,1,0,1,0,1,1,1,1,0.6065306597126334,0.4,0.0535714285714286,0.375,0.3553937395512008
4,60,151,11,120,20,2,1,0,0,0,1,1,1,1,0.10539922456186433,0.8,0.10119047619047616,0.5,0.3582964920903105
5,120,159,7,150,8,1,0,0,0,2,1,1,1,1,0.7788007830714049,1.0,0.0535714285714286,0.8,0.5616268738839336
2,90,135,7,120,9,0,1,0,1,0,1,1,1,1,0.6065306597126334,0.4,0.1964285714285714,0.75,0.4182990401992198
4,60,106,9,60,7,1,0,0,0,2,1,1,1,1,0.6065306597126334,0.8,0.36904761904761907,1.0,0.5881377027462104
5,30,157,10,30,15,0,0,1,1,1,1,1,1,1,0.2865047968601901,1.0,0.06547619047619047,1.0,0.546037158481496
1,60,61,7,120,20,0,0,0,0,1,1,1,1,1,0.06392786120670757,0.2,0.6369047619047619,0.5,0.2877299909330446
5,30,102,7,60,7,5,0,0,0,1,1,1,1,1,1.0,1.0,0.3928571428571429,0.5,0.7533847691404139
5,150,145,6,150,13,2,0,0,0,4,1,1,1,1,0.17377394345044514,1.0,0.13690476190476186,1.0,0.4889420062107959
2,150,126,8,180,11,1,0,0,1,4,1,1,1,1,0.4723665527410147,0.4,0.25,0.8333333333333334,0.40277313779885976
2,30,64,8,90,11,6,1,0,0,3,1,1,1,1,0.4723665527410147,0.4,0.6190476190476191,0.3333333333333333,0.418627242614837
3,45,72,8,90,7,6,0,0,1,4,1,1,1,1,0.7788007830714049,0.6,0.5714285714285714,0.5,0.6654172270310429
1,120,123,6,120,16,5,0,0,0,0,1,1,1,1,0.0820849986238988,0.2,0.2678571428571429,1.0,0.2332796081061564
1,90,71,7,150,10,6,0,0,1,0,1,1,1,1,0.4723665527410147,0.2,0.5773809523809523,0.6,0.44243420096471475
5,30,55,7,30,6,0,0,0,0,2,1,1,1,1,0.7788007830714049,1.0,0.6726190476190477,1.0,0.7663959556624202
2,45,118,7,120,22,3,0,0,0,0,1,1,1,1,0.10539922456186433,0.4,0.29761904761904767,0.375,0.27939459167941505
5,45,159,6,45,10,5,1,0,0,0,1,1,1,1,0.36787944117144233,1.0,0.0535714285714286,1.0,0.48926334419264667
5,60,151,7,180,20,6,1,0,0,4,1,1,1,1,0.06392786120670757,1.0,0.10119047619047616,0.3333333333333333,0.41581038385874053
3,45,94,6,60,11,4,0,0,1,1,1,1,1,1,0.2865047968601901,0.6,0.44047619047619047,0.75,0.46508626050520674
2,30,107,6,90,22,1,1,0,1,4,1,1,1,1,0.1353352832366127,0.4,0.36309523809523814,0.3333333333333333,0.33646975556739284
4,150,85,7,150,11,3,1,0,0,3,1,1,1,1,0.36787944117144233,0.8,0.49404761904761907,1.0,0.5829842083655385
2,60,157,7,150,22,6,0,0,1,4,1,1,1,1,0.10539922456186433,0.4,0.06547619047619047,0.4,0.1830445247845436
1,60,37,6,90,15,6,0,0,0,0,1,1,1,1,0.10539922456186433,0.2,0.7797619047619048,0.6666666666666666,0.3740209175951062
5,45,117,8,90,9,3,0,0,0,5,1,1,1,1,0.7788007830714049,1.0,0.3035714285714286,0.5,0.6587500225592786
1,60,114,9,90,18,6,1,0,0,4,1,1,1,1,0.10539922456186433,0.2,0.3214285714285714,0.6666666666666666,0.21249023969459083
5,45,56,7,60,12,6,0,0,1,5,1,1,1,1,0.2865047968601901,1.0,0.6666666666666667,0.75,0.6674297473658692
1,30,125,6,150,8,4,1,0,0,1,1,1,1,1,0.6065306597126334,0.2,0.25595238095238093,0.2,0.33044546039502376
2,30,114,9,120,16,2,0,0,1,5,1,1,1,1,0.17377394345044514,0.4,0.3214285714285714,0.25,0.2859031251618687
1,30,43,7,150,7,4,1,0,0,0,1,1,1,1,1.0,0.2,0.7440476190476191,0.2,0.6058181552449352
5,90,158,11,180,19,2,1,1,0,2,1,1,1,1,0.1353352832366127,1.0,0.059523809523809534,0.5,0.44324320073042683
2,60,116,6,120,17,2,0,0,0,5,1,1,1,1,0.06392786120670757,0.4,0.30952380952380953,0.5,0.29459530803623923
1,45,148,6,180,11,3,0,0,0,5,1,1,1,1,0.2865047968601901,0.2,0.11904761904761907,0.25,0.21620858592036096
3,90,160,9,90,14,6,1,0,0,1,1,1,1,1,0.2865047968601901,0.6,0.04761904761904767,1.0,0.3263861867003252
5,45,154,6,45,9,1,0,0,0,4,1,1,1,1,0.4723665527410147,1.0,0.08333333333333337,1.0,0.5562627883617199
2,60,129,7,60,8,6,1,1,1,5,1,1,1,1,0.7788007830714049,0.4,0.2321428571428571,1.0,0.5049379316206334
3,60,130,7,90,14,5,1,1,0,0,1,1,1,1,0.17377394345044514,0.6,0.22619047619047616,0.6666666666666666,0.3679177043055955
3,30,69,7,60,12,6,0,0,0,0,1,1,1,1,0.2865047968601901,0.6,0.5892857142857143,0.5,0.4958533402935168
4,45,102,6,120,18,3,0,0,1,4,1,1,1,1,0.049787068367863944,0.8,0.3928571428571429,0.375,0.45316873971937166
1,60,116,8,180,12,1,1,0,0,5,1,1,1,1,0.36787944117144233,0.2,0.30952380952380953,0.3333333333333333,0.25363169420418374
4,45,59,6,120,15,0,1,0,1,0,1,1,1,1,0.10539922456186433,0.8,0.6488095238095238,0.375,0.5469527388601084
5,60,127,10,90,18,6,1,0,1,4,1,1,1,1,0.1353352832366127,1.0,0.24404761904761907,0.6666666666666666,0.49615639982402115
1,45,49,6,60,9,2,1,0,1,4,1,1,1,1,0.4723665527410147,0.2,0.7083333333333333,0.75,0.423432192670659
4,30,140,10,60,7,0,0,0,1,2,1,1,1,1,0.4723665527410147,0.8,0.16666666666666663,0.5,0.5194095188748304
3,90,134,6,120,15,2,1,1,0,2,1,1,1,1,0.10539922456186433,0.6,0.20238095238095233,0.75,0.3873241265037774
4,45,164,7,180,16,2,1,0,0,0,1,1,1,1,0.10539922456186433,0.8,0.023809523809523836,0.25,0.35239367318318787
5,45,156,9,150,9,4,1,1,0,5,1,1,1,1,1.0,1.0,0.0714285714285714,0.3,0.661491043168217
1,60,159,9,180,8,3,0,0,0,0,1,1,1,1,0.7788007830714049,0.2,0.0535714285714286,0.3333333333333333,0.30473940626339235
1,30,77,6,180,17,2,1,0,1,3,1,1,1,1,0.06392786120670757,0.2,0.5416666666666667,0.16666666666666666,0.28633609628667656
1,60,159,7,180,9,0,0,1,0,4,1,1,1,1,0.6065306597126334,0.2,0.0535714285714286,0.3333333333333333,0.28943947002955855
4,60,155,10,90,8,2,1,0,0,4,1,1,1,1,0.6065306597126334,0.8,0.07738095238095233,0.6666666666666666,0.5155006193459901
5,45,123,7,120,10,4,0,0,1,5,1,1,1,1,0.4723665527410147,1.0,0.2678571428571429,0.375,0.602914681077945
3,90,160,9,120,13,5,0,0,0,0,1,1,1,1,0.36787944117144233,0.6,0.04761904761904767,0.75,0.358148568113237
1,120,109,8,180,7,6,0,0,1,2,1,1,1,1,0.7788007830714049,0.2,0.35119047619047616,0.6666666666666666,0.4650644982221155
1,60,159,9,150,11,4,0,0,0,4,1,1,1,1,0.6065306597126334,0.2,0.0535714285714286,0.4,0.24967818541760026
5,60,87,8,90,13,2,1,0,0,5,1,1,1,1,0.2865047968601901,1.0,0.4821428571428571,0.6666666666666666,0.58054438471153
3,45,62,7,90,13,4,1,0,1,4,1,1,1,1,0.22313016014842982,0.6,0.6309523809523809,0.5,0.5044203065615558
2,30,154,6,120,8,1,1,1,1,1,1,1,1,1,0.6065306597126334,0.4,0.08333333333333337,0.25,0.37431680788776533
2,90,151,7,180,6,2,1,0,0,5,1,1,1,1,0.7788007830714049,0.4,0.10119047619047616,0.5,0.3760288949952341
4,120,129,7,180,7,2,1,0,0,1,1,1,1,1,1.0,0.8,0.2321428571428571,0.6666666666666666,0.5895881875929206
2,45,147,9,150,11,6,0,0,0,1,1,1,1,1,0.6065306597126334,0.4,0.125,0.3,0.34159799717347417
4,45,31,6,150,7,3,0,0,1,5,1,1,1,1,0.7788007830714049,0.8,0.8154761904761905,0.3,0.7559864930499285
4,60,155,8,60,17,1,0,0,0,5,1,1,1,1,0.10539922456186433,0.8,0.07738095238095233,1.0,0.3981893410445516
2,45,94,6,90,9,6,1,0,1,3,1,1,1,1,0.4723665527410147,0.4,0.44047619047619047,0.5,0.45644625337413297
1,90,66,7,150,15,3,1,0,0,1,1,1,1,1,0.1353352832366127,0.2,0.6071428571428572,0.6,0.27092181588191
3,120,152,9,180,10,5,0,0,0,4,1,1,1,1,0.7788007830714049,0.6,0.09523809523809523,0.6666666666666666,0.49566855392169856
2,180,117,7,180,9,2,0,1,0,0,1,1,1,1,0.6065306597126334,0.4,0.3035714285714286,1.0,0.5170265939190511
3,45,119,8,150,10,1,0,0,0,2,1,1,1,1,0.6065306597126334,0.6,0.29166666666666663,0.3,0.41181852348614567
3,30,116,10,60,19,6,0,0,1,0,1,1,1,1,0.10539922456186433,0.6,0.30952380952380953,0.5,0.42302957126886553
5,60,153,6,150,10,1,0,0,1,5,1,1,1,1,0.36787944117144233,1.0,0.0892857142857143,0.4,0.49588897579363916
2,30,37,6,60,17,1,0,0,1,0,1,1,1,1,0.06392786120670757,0.4,0.7797619047619048,0.5,0.47995560332127307
4,30,137,10,120,20,1,0,0,0,5,1,1,1,1,0.0820849986238988,0.8,0.18452380952380953,0.25,0.3524047885589838
3,90,156,7,120,18,3,0,0,1,5,1,1,1,1,0.06392786120670757,0.6,0.0714285714285714,0.75,0.3362916349997833
1,45,164,11,120,7,4,1,0,1,5,1,1,1,1,0.36787944117144233,0.2,0.023809523809523836,0.375,0.2211600512584523
1,30,105,7,60,10,2,1,1,0,3,1,1,1,1,0.4723665527410147,0.2,0.375,0.5,0.32692878166676465
3,60,143,7,150,21,4,1,1,1,2,1,1,1,1,0.0820849986238988,0.6,0.14880952380952384,0.4,0.3510887758228123
4,90,96,7,90,6,1,0,1,0,5,1,1,1,1,0.7788007830714049,0.8,0.4285714285714286,1.0,0.6573607444498976
2,60,106,9,120,14,1,1,0,1,3,1,1,1,1,0.2865047968601901,0.4,0.36904761904761907,0.5,0.409352320074397
1,90,142,7,120,12,1,0,0,0,1,1,1,1,1,0.2865047968601901,0.2,0.15476190476190477,0.75,0.22055540581301047
2,150,156,9,150,10,3,1,1,1,3,1,1,1,1,0.7788007830714049,0.4,0.0714285714285714,1.0,0.49902566496429684
1,45,128,7,180,21,1,0,1,0,2,1,1,1,1,0.0820849986238988,0.2,0.23809523809523814,0.25,0.16448564079080502
1,45,69,6,60,9,2,1,0,1,4,1,1,1,1,0.4723665527410147,0.2,0.5892857142857143,0.75,0.4024405806357262
2,90,158,9,150,8,5,0,0,0,3,1,1,1,1,0.7788007830714049,0.4,0.059523809523809534,0.6,0.3726102722808377
5,60,155,10,60,21,0,0,0,0,5,1,1,1,1,0.06392786120670757,1.0,0.07738095238095233,1.0,0.456359052415187
1,30,81,6,180,11,0,1,0,0,5,1,1,1,1,0.2865047968601901,0.2,0.5178571428571428,0.16666666666666666,0.2994674360087609
2,30,74,6,120,19,3,0,1,1,3,1,1,1,1,0.06392786120670757,0.4,0.5595238095238095,0.25,0.42576777835077345
5,45,168,10,150,16,4,1,1,0,5,1,1,1,1,0.22313016014842982,1.0,0.0,0.3,0.45050812665654394
3,45,163,11,45,12,3,1,0,1,2,1,1,1,1,0.7788007830714049,0.6,0.029761904761904767,1.0,0.5039198577847152
3,30,163,7,30,11,1,0,1,1,0,1,1,1,1,0.36787944117144233,0.6,0.029761904761904767,1.0,0.42102807543595755
2,45,144,9,60,9,1,0,0,0,1,1,1,1,1,1.0,0.4,0.1428571428571429,0.75,0.4429984031773991
2,90,90,8,90,14,4,1,0,0,4,1,1,1,1,0.22313016014842982,0.4,0.4642857142857143,1.0,0.3951600298944267
3,120,48,6,120,19,5,0,0,0,3,1,1,1,1,0.06392786120670757,0.6,0.7142857142857143,1.0,0.5071829747685833
3,90,78,7,180,17,0,1,1,0,4,1,1,1,1,0.0820849986238988,0.6,0.5357142857142857,0.5,0.4599091234861156
4,90,158,11,150,8,6,1,1,1,3,1,1,1,1,0.4723665527410147,0.8,0.059523809523809534,0.6,0.5357976616546283
1,60,168,12,150,17,3,0,0,1,3,1,1,1,1,0.2865047968601901,0.2,0.0,0.4,0.19859826953228715
5,30,71,6,45,15,4,0,0,1,5,1,1,1,1,0.10539922456186433,1.0,0.5773809523809523,0.6666666666666666,0.5820063989361497
4,30,129,6,30,18,6,1,0,0,4,1,1,1,1,0.049787068367863944,0.8,0.2321428571428571,1.0,0.39030016993878464
4,45,124,7,120,15,0,0,1,1,4,1,1,1,1,0.1353352832366127,0.8,0.26190476190476186,0.375,0.421244083668317
3,90,46,6,120,18,5,0,1,0,3,1,1,1,1,0.049787068367863944,0.6,0.7261904761904762,0.75,0.47734210127307974
5,120,155,10,150,12,4,1,0,0,0,1,1,1,1,0.6065306597126334,1.0,0.07738095238095233,0.8,0.5905989914422586
2,60,80,6,60,8,2,1,0,0,1,1,1,1,1,0.6065306597126334,0.4,0.5238095238095238,1.0,0.5450977323410195
4,30,155,8,90,18,4,0,0,0,5,1,1,1,1,0.0820849986238988,0.8,0.07738095238095233,0.3333333333333333,0.347840518655701
5,90,76,7,120,14,1,0,0,0,1,1,1,1,1,0.17377394345044514,1.0,0.5476190476190477,0.75,0.6010322811347278
2,30,69,6,60,13,4,1,0,0,1,1,1,1,1,0.17377394345044514,0.4,0.5892857142857143,0.5,0.3776662210504659
3,30,32,6,45,19,2,0,0,0,3,1,1,1,1,0.06392786120670757,0.6,0.8095238095238095,0.6666666666666666,0.4754810896582455
4,60,111,6,90,22,2,0,1,0,1,1,1,1,1,0.1353352832366127,0.8,0.3392857142857143,0.6666666666666666,0.4586858436206112
5,30,81,7,30,22,6,1,0,0,0,1,1,1,1,0.10539922456186433,1.0,0.5178571428571428,1.0,0.6194871388766771
4,30,125,7,45,17,1,0,0,1,2,1,1,1,1,0.0820849986238988,0.8,0.25595238095238093,0.6666666666666666,0.39275314823936786
2,60,102,7,180,11,4,1,1,1,2,1,1,1,1,0.36787944117144233,0.4,0.3928571428571429,0.3333333333333333,0.39426193305734986
1,90,160,6,150,17,2,0,0,0,2,1,1,1,1,0.06392786120670757,0.2,0.04761904761904767,0.6,0.13930725716517028
3,30,124,10,120,19,0,1,0,0,2,1,1,1,1,0.10539922456186433,0.6,0.26190476190476186,0.25,0.34233329639600574
2,120,144,9,150,9,0,1,1,1,3,1,1,1,1,1.0,0.4,0.1428571428571429,0.8,0.5051918878721935
5,45,148,9,180,10,2,0,1,1,2,1,1,1,1,0.7788007830714049,1.0,0.11904761904761907,0.25,0.6477721835595605
1,60,97,9,180,7,2,0,0,0,5,1,1,1,1,0.6065306597126334,0.2,0.42261904761904767,0.3333333333333333,0.4284551819151596
2,30,128,6,30,10,0,1,0,0,1,1,1,1,1,0.36787944117144233,0.4,0.23809523809523814,1.0,0.3370936367745596
3,45,120,7,180,7,4,0,1,1,2,1,1,1,1,1.0,0.6,0.2857142857142857,0.25,0.6523799735874538
3,90,43,6,120,6,1,0,0,0,2,1,1,1,1,1.0,0.6,0.7440476190476191,0.75,0.6889795947315295
2,60,144,7,180,7,0,0,0,1,2,1,1,1,1,1.0,0.4,0.1428571428571429,0.3333333333333333,0.4815253737007142
3,150,158,9,150,22,4,1,0,1,2,1,1,1,1,0.06392786120670757,0.6,0.059523809523809534,1.0,0.34053888700418855
2,45,122,6,150,17,4,0,1,1,3,1,1,1,1,0.06392786120670757,0.4,0.27380952380952384,0.3,0.3122119228260137
1,30,90,6,150,6,2,1,0,1,2,1,1,1,1,1.0,0.2,0.4642857142857143,0.2,0.4969930507391053
4,45,86,6,150,17,4,0,1,1,1,1,1,1,1,0.06392786120670757,0.8,0.48809523809523814,0.3,0.5081142727870422
5,30,98,9,30,16,2,1,0,1,0,1,1,1,1,0.17377394345044514,1.0,0.41666666666666663,1.0,0.6179560250331415
5,45,32,6,150,15,4,1,1,1,2,1,1,1,1,0.10539922456186433,1.0,0.8095238095238095,0.3,0.7201913072189238
1,90,118,8,150,8,5,1,0,1,4,1,1,1,1,1.0,0.2,0.29761904761904767,0.6,0.4780934400321506
2,60,91,7,90,10,3,0,0,1,4,1,1,1,1,0.4723665527410147,0.4,0.45833333333333337,0.6666666666666666,0.4764905646758799
4,150,164,9,150,14,4,0,1,0,5,1,1,1,1,0.2865047968601901,0.8,0.023809523809523836,1.0,0.4914677885792377
4,45,111,9,60,21,3,1,0,1,1,1,1,1,1,0.049787068367863944,0.8,0.3392857142857143,0.75,0.49668355839781886
2,45,129,7,60,17,6,0,0,1,2,1,1,1,1,0.0820849986238988,0.4,0.2321428571428571,0.75,0.32402756650461206
2,60,132,10,120,22,6,0,0,1,5,1,1,1,1,0.049787068367863944,0.4,0.2142857142857143,0.5,0.29778062405730416
2,30,158,11,30,20,3,0,0,0,1,1,1,1,1,0.10539922456186433,0.4,0.059523809523809534,1.0,0.19306900450431186
1,30,89,6,30,6,1,1,0,1,5,1,1,1,1,1.0,0.2,0.47023809523809523,1.0,0.5684418945977188
4,45,127,6,180,18,1,0,0,0,5,1,1,1,1,0.049787068367863944,0.8,0.24404761904761907,0.25,0.3545596590474094
3,60,161,7,180,16,0,1,0,0,1,1,1,1,1,0.10539922456186433,0.6,0.04166666666666663,0.3333333333333333,0.274381443436097
4,60,155,6,180,20,0,0,0,0,5,1,1,1,1,0.0820849986238988,0.8,0.07738095238095233,0.3333333333333333,0.31276376544796924
1,90,146,8,180,20,1,0,0,0,1,1,1,1,1,0.049787068367863944,0.2,0.13095238095238093,0.5,0.16578734225588077
4,90,84,6,150,16,5,1,0,1,0,1,1,1,1,0.0820849986238988,0.8,0.5,0.6,0.5183744325250443
1,120,159,8,150,6,1,0,1,1,3,1,1,1,1,0.6065306597126334,0.2,0.0535714285714286,0.8,0.33988129732608463
4,45,154,8,180,21,6,0,0,0,2,1,1,1,1,0.06392786120670757,0.8,0.08333333333333337,0.25,0.3578465503112762
5,60,118,9,60,18,2,1,0,0,0,1,1,1,1,0.10539922456186433,1.0,0.29761904761904767,1.0,0.5462124241525393
5,30,87,8,120,21,2,0,0,0,5,1,1,1,1,0.06392786120670757,1.0,0.4821428571428571,0.25,0.5345161606993171
2,45,111,6,60,8,6,1,0,1,5,1,1,1,1,0.6065306597126334,0.4,0.3392857142857143,0.75,0.45644528480609664
1,150,77,6,150,22,5,1,1,0,1,1,1,1,1,0.1353352832366127,0.2,0.5416666666666667,1.0,0.3765725904116466
1,30,46,6,150,20,3,0,0,1,0,1,1,1,1,0.0820849986238988,0.2,0.7261904761904762,0.2,0.33096305402905934
2,30,101,7,60,9,5,0,0,0,5,1,1,1,1,0.6065306597126334,0.4,0.39880952380952384,0.5,0.4399833826754486
2,60,162,7,150,11,5,0,1,1,0,1,1,1,1,0.36787944117144233,0.4,0.0357142857142857,0.4,0.3653192272449766
1,45,147,7,60,16,2,1,0,0,4,1,1,1,1,0.10539922456186433,0.2,0.125,0.75,0.16537081635280293
3,45,53,6,150,16,1,1,1,0,2,1,1,1,1,0.0820849986238988,0.6,0.6845238095238095,0.3,0.4320970757682264
3,60,97,7,150,22,0,1,0,0,5,1,1,1,1,0.10539922456186433,0.6,0.42261904761904767,0.4,0.4066425717150612
1,30,74,6,120,6,6,1,0,0,1,1,1,1,1,1.0,0.2,0.5595238095238095,0.25,0.4772517367377703
1,90,88,8,180,22,3,0,0,0,4,1,1,1,1,0.0820849986238988,0.2,0.47619047619047616,0.5,0.25987619279465085
3,90,134,9,90,19,4,1,0,0,3,1,1,1,1,0.0820849986238988,0.6,0.20238095238095233,1.0,0.3326442506047675
5,60,127,6,150,11,1,0,0,0,5,1,1,1,1,0.2865047968601901,1.0,0.24404761904761907,0.4,0.5044792237083552
4,45,150,11,150,17,5,1,1,0,2,1,1,1,1,0.22313016014842982,0.8,0.1071428571428571,0.3,0.3723550919218872
3,60,162,8,90,20,4,1,0,1,4,1,1,1,1,0.049787068367863944,0.6,0.0357142857142857,0.6666666666666666,0.2603942871378598
4,60,139,9,120,17,5,0,1,0,5,1,1,1,1,0.1353352832366127,0.8,0.17261904761904767,0.5,0.4172748470536959
3,30,122,6,45,10,1,1,0,0,0,1,1,1,1,0.36787944117144233,0.6,0.27380952380952384,0.6666666666666666,0.42269457260574655
1,45,146,11,60,10,2,1,0,0,1,1,1,1,1,0.7788007830714049,0.2,0.13095238095238093,0.75,0.3207909322144479
1,30,155,8,120,10,3,1,0,0,3,1,1,1,1,0.6065306597126334,0.2,0.07738095238095233,0.25,0.24706213341552632
4,30,157,12,120,22,1,1,0,1,5,1,1,1,1,0.0820849986238988,0.8,0.06547619047619047,0.25,0.320794290741243
3,30,81,6,30,9,4,1,0,1,4,1,1,1,1,0.4723665527410147,0.6,0.5178571428571428,1.0,0.5586690238517587
4,30,125,10,30,6,1,0,1,1,4,1,1,1,1,0.36787944117144233,0.8,0.25595238095238093,1.0,0.5612885673441592
3,30,76,7,150,11,5,1,1,1,2,1,1,1,1,0.36787944117144233,0.6,0.5476190476190477,0.2,0.5303587219667147
2,120,166,6,150,7,1,1,0,0,4,1,1,1,1,0.7788007830714049,0.4,0.011904761904761862,0.8,0.4119573016850466
3,30,109,9,150,19,4,0,0,1,3,1,1,1,1,0.0820849986238988,0.6,0.35119047619047616,0.2,0.37077091935463946
3,90,108,7,90,16,2,0,1,0,2,1,1,1,1,0.10539922456186433,0.6,0.3571428571428571,1.0,0.4062171395772116
4,30,30,6,180,14,5,1,0,0,4,1,1,1,1,0.1353352832366127,0.8,0.8214285714285714,0.16666666666666666,0.5588342158243306
1,90,125,6,120,16,5,1,0,0,2,1,1,1,1,0.0820849986238988,0.2,0.25595238095238093,0.75,0.20279674720488172
4,90,80,7,150,21,0,0,1,0,0,1,1,1,1,0.0820849986238988,0.8,0.5238095238095238,0.6,0.5380219789968715
4,45,101,6,45,15,5,0,0,1,0,1,1,1,1,0.10539922456186433,0.8,0.39880952380952384,1.0,0.5083492891432368
4,30,124,10,90,22,4,1,0,0,3,1,1,1,1,0.049787068367863944,0.8,0.26190476190476186,0.3333333333333333,0.4176327012221528
5,45,140,10,60,9,2,1,1,1,4,1,1,1,1,0.7788007830714049,1.0,0.16666666666666663,0.75,0.660972927948649
2,30,56,7,60,6,4,1,0,1,5,1,1,1,1,0.7788007830714049,0.4,0.6666666666666667,0.5,0.6095053583851969
2,60,67,7,180,16,0,1,1,0,4,1,1,1,1,0.10539922456186433,0.4,0.6011904761904762,0.3333333333333333,0.36749126724865855
2,30,153,9,90,7,1,0,1,1,2,1,1,1,1,0.6065306597126334,0.4,0.0892857142857143,0.3333333333333333,0.3920510682877922
5,60,36,6,150,9,1,0,1,1,5,1,1,1,1,0.4723665527410147,1.0,0.7857142857142857,0.4,0.778965262768578
3,30,113,7,30,22,3,1,0,0,5,1,1,1,1,0.10539922456186433,0.6,0.32738095238095233,1.0,0.36806045889508054
3,150,162,6,150,19,5,1,1,1,0,1,1,1,1,0.06392786120670757,0.6,0.0357142857142857,1.0,0.3915793128103546
1,60,152,11,120,6,2,0,1,0,3,1,1,1,1,0.2865047968601901,0.2,0.09523809523809523,0.5,0.2363608831088845
3,45,65,6,60,10,0,0,0,0,2,1,1,1,1,0.36787944117144233,0.6,0.6130952380952381,0.75,0.5006390534865014
4,30,54,7,45,6,4,1,0,1,2,1,1,1,1,0.7788007830714049,0.8,0.6785714285714286,0.6666666666666666,0.7479795931070694
2,30,125,8,30,13,5,0,0,1,5,1,1,1,1,0.2865047968601901,0.4,0.25595238095238093,1.0,0.33964880807397396
4,30,106,8,150,8,6,1,1,0,3,1,1,1,1,1.0,0.8,0.36904761904761907,0.2,0.6817776953592534
3,45,167,10,60,16,0,1,0,0,2,1,1,1,1,0.22313016014842982,0.6,0.005952380952380931,0.75,0.29081926432769506
5,30,111,6,45,8,0,1,0,0,1,1,1,1,1,0.6065306597126334,1.0,0.3392857142857143,0.6666666666666666,0.6460394662919807
4,60,120,10,150,10,4,0,0,0,5,1,1,1,1,1.0,0.8,0.2857142857142857,0.4,0.6368233471309273
2,30,72,8,90,7,6,1,0,1,4,1,1,1,1,0.7788007830714049,0.4,0.5714285714285714,0.3333333333333333,0.5439117273395061
4,90,104,6,120,10,3,0,1,0,1,1,1,1,1,0.36787944117144233,0.8,0.38095238095238093,0.75,0.5248738230593032
2,120,136,9,180,18,0,0,0,1,3,1,1,1,1,0.10539922456186433,0.4,0.19047619047619047,0.6666666666666666,0.31850932041943414
1,90,142,6,90,16,5,1,1,0,2,1,1,1,1,0.0820849986238988,0.2,0.15476190476190477,1.0,0.19182283249793874
3,45,115,7,180,8,0,0,0,0,4,1,1,1,1,0.7788007830714049,0.6,0.31547619047619047,0.25,0.4372366461002059
1,30,57,6,60,15,5,1,1,0,4,1,1,1,1,0.10539922456186433,0.2,0.6607142857142857,0.5,0.35128517098163575
5,90,110,6,180,12,2,1,1,0,3,1,1,1,1,0.22313016014842982,1.0,0.34523809523809523,0.5,0.5813411088925702
1,120,127,8,120,21,5,1,0,0,5,1,1,1,1,0.06392786120670757,0.2,0.24404761904761907,1.0,0.2640848252893081
3,30,75,8,60,20,5,1,0,1,5,1,1,1,1,0.049787068367863944,0.6,0.5535714285714286,0.5,0.4626414763267133
2,30,77,7,30,16,4,0,1,1,0,1,1,1,1,0.10539922456186433,0.4,0.5416666666666667,1.0,0.383534235011049
5,90,155,6,150,17,1,1,0,0,0,1,1,1,1,0.06392786120670757,1.0,0.07738095238095233,0.6,0.476438508376731
1,45,133,10,90,9,5,0,0,0,1,1,1,1,1,0.7788007830714049,0.2,0.20833333333333337,0.5,0.3612106967843644
2,30,154,6,180,15,5,1,1,0,5,1,1,1,1,0.10539922456186433,0.4,0.08333333333333337,0.16666666666666666,0.24232824985021167
4,90,75,6,120,13,2,0,0,0,0,1,1,1,1,0.17377394345044514,0.8,0.5535714285714286,0.75,0.5359967506077948
3,45,118,10,60,12,5,1,0,0,5,1,1,1,1,0.6065306597126334,0.6,0.29761904761904767,0.75,0.5020966934595906
4,30,148,10,180,15,4,1,0,0,4,1,1,1,1,0.2865047968601901,0.8,0.11904761904761907,0.16666666666666666,0.4123914776509084
3,90,51,6,150,11,0,0,0,1,2,1,1,1,1,0.2865047968601901,0.6,0.6964285714285714,0.6,0.5654702602993096
3,90,54,6,120,17,0,1,0,0,4,1,1,1,1,0.06392786120670757,0.6,0.6785714285714286,0.75,0.47643718189407624
3,45,129,8,150,17,6,1,1,0,1,1,1,1,1,0.10539922456186433,0.6,0.2321428571428571,0.3,0.35079754428469656
4,60,48,6,120,11,2,0,0,1,3,1,1,1,1,0.2865047968601901,0.8,0.7142857142857143,0.5,0.5825403667059043
2,30,156,11,90,8,5,1,1,0,3,1,1,1,1,0.4723665527410147,0.4,0.0714285714285714,0.3333333333333333,0.32051623099479976
3,60,133,8,120,11,6,1,0,1,5,1,1,1,1,0.4723665527410147,0.6,0.20833333333333337,0.5,0.4043927920290565
2,120,109,8,150,20,4,1,0,0,4,1,1,1,1,0.049787068367863944,0.4,0.35119047619047616,0.8,0.263371028583461
5,90,135,9,90,11,5,0,1,1,2,1,1,1,1,0.6065306597126334,1.0,0.1964285714285714,1.0,0.6778109214377922
1,30,22,6,45,8,4,0,0,1,0,1,1,1,1,0.6065306597126334,0.2,0.8690476190476191,0.6666666666666666,0.517445050802539
2,30,112,7,30,14,0,0,0,0,2,1,1,1,1,0.17377394345044514,0.4,0.33333333333333337,1.0,0.3382766462356787
4,90,162,10,180,18,6,0,0,1,3,1,1,1,1,0.1353352832366127,0.8,0.0357142857142857,0.5,0.36482578291012335
5,60,154,11,120,11,2,1,0,1,2,1,1,1,1,1.0,1.0,0.08333333333333337,0.5,0.6442797804015844
4,30,160,11,30,6,3,0,1,0,1,1,1,1,1,0.2865047968601901,0.8,0.04761904761904767,1.0,0.42319918129366824
1,60,117,7,60,10,3,0,0,1,0,1,1,1,1,0.4723665527410147,0.2,0.3035714285714286,1.0,0.33715155336568414
3,30,64,8,45,22,3,1,1,0,3,1,1,1,1,0.0820849986238988,0.6,0.6190476190476191,0.6666666666666666,0.47386820247864686
2,90,131,7,180,11,3,1,0,1,3,1,1,1,1,0.36787944117144233,0.4,0.22023809523809523,0.5,0.35082684870009617
3,60,168,10,150,9,6,0,0,0,3,1,1,1,1,0.7788007830714049,0.6,0.0,0.4,0.45041913024276065
1,30,130,10,60,7,5,1,1,0,3,1,1,1,1,0.4723665527410147,0.2,0.22619047619047616,0.5,0.2731924913821458
1,120,123,8,150,13,5,0,1,0,0,1,1,1,1,0.2865047968601901,0.2,0.2678571428571429,0.8,0.26997918181961256
2,60,124,8,120,22,6,1,0,0,3,1,1,1,1,0.0820849986238988,0.4,0.26190476190476186,0.5,0.2700960260062734
4,120,146,10,150,16,5,1,0,1,1,1,1,1,1,0.22313016014842982,0.8,0.13095238095238093,0.8,0.42545632520891924
3,45,107,8,60,22,4,0,1,0,2,1,1,1,1,0.0820849986238988,0.6,0.36309523809523814,0.75,0.3861856933950984
4,45,122,8,180,11,0,1,0,0,4,1,1,1,1,0.4723665527410147,0.8,0.27380952380952384,0.25,0.439522761013812
1,60,87,6,90,11,5,1,1,0,1,1,1,1,1,0.2865047968601901,0.2,0.4821428571428571,0.6666666666666666,0.35282529248094807
3,45,55,7,180,20,4,0,1,0,1,1,1,1,1,0.06392786120670757,0.6,0.6726190476190477,0.25,0.45537181852568465
1,60,107,7,150,21,5,1,0,0,4,1,1,1,1,0.0820849986238988,0.2,0.36309523809523814,0.4,0.21704153149787955
1,45,156,8,60,21,3,0,0,1,4,1,1,1,1,0.06392786120670757,0.2,0.0714285714285714,0.75,0.1674479981664662
2,60,55,7,120,22,0,0,0,1,0,1,1,1,1,0.10539922456186433,0.4,0.6726190476190477,0.5,0.38761350985840604
3,30,109,8,30,20,3,0,0,0,4,1,1,1,1,0.049787068367863944,0.6,0.35119047619047616,1.0,0.38819852764425544
1,45,136,9,120,7,3,1,0,1,1,1,1,1,1,0.6065306597126334,0.2,0.19047619047619047,0.375,0.297992908112187
2,30,56,7,120,21,6,0,0,0,3,1,1,1,1,0.0820849986238988,0.4,0.6666666666666667,0.25,0.37898791859347836
2,30,66,8,60,19,4,0,0,0,1,1,1,1,1,0.06392786120670757,0.4,0.6071428571428572,0.5,0.39715594931058207
2,45,96,6,180,11,5,0,1,0,2,1,1,1,1,0.2865047968601901,0.4,0.4285714285714286,0.25,0.32911813113913213
1,45,155,8,45,11,5,1,1,0,2,1,1,1,1,0.4723665527410147,0.2,0.07738095238095233,1.0,0.2890689362182765
3,30,134,7,150,17,2,1,1,1,1,1,1,1,1,0.0820849986238988,0.6,0.20238095238095233,0.2,0.356130529177489
3,30,149,7,60,11,2,1,0,1,2,1,1,1,1,0.36787944117144233,0.6,0.11309523809523814,0.5,0.3679261217472125
2,30,124,8,45,7,2,0,1,1,1,1,1,1,1,0.7788007830714049,0.4,0.26190476190476186,0.6666666666666666,0.49406856604353705
5,120,87,6,180,16,5,0,0,0,3,1,1,1,1,0.0820849986238988,1.0,0.4821428571428571,0.6666666666666666,0.49669264799924734
5,45,105,8,180,9,2,1,0,0,2,1,1,1,1,0.7788007830714049,1.0,0.375,0.25,0.6887867860201227
5,45,53,7,120,19,5,1,1,1,4,1,1,1,1,0.049787068367863944,1.0,0.6845238095238095,0.375,0.650502993758033
5,45,132,7,45,20,3,0,1,0,0,1,1,1,1,0.06392786120670757,1.0,0.2142857142857143,1.0,0.505713182580281
2,180,138,7,180,21,5,1,1,0,1,1,1,1,1,0.0820849986238988,0.4,0.1785714285714286,1.0,0.28798132461603304
2,90,94,8,90,20,1,1,0,0,4,1,1,1,1,0.049787068367863944,0.4,0.44047619047619047,1.0,0.3349862830190348
5,90,94,7,150,22,5,1,0,0,5,1,1,1,1,0.10539922456186433,1.0,0.44047619047619047,0.6,0.5411141039161717
1,60,80,8,90,9,3,1,0,1,0,1,1,1,1,0.7788007830714049,0.2,0.5238095238095238,0.6666666666666666,0.4537695996813392
5,45,139,7,120,21,2,1,0,0,1,1,1,1,1,0.0820849986238988,1.0,0.17261904761904767,0.375,0.46775574881024556
4,150,64,6,150,19,2,0,0,0,2,1,1,1,1,0.06392786120670757,0.8,0.6190476190476191,1.0,0.5733058209823265
4,60,168,10,150,21,0,0,1,0,5,1,1,1,1,0.06392786120670757,0.8,0.0,0.4,0.37345268501295337
2,45,73,8,60,16,4,1,0,1,4,1,1,1,1,0.1353352832366127,0.4,0.5654761904761905,0.75,0.3855102133962899
2,30,74,7,90,8,4,0,1,1,4,1,1,1,1,0.7788007830714049,0.4,0.5595238095238095,0.3333333333333333,0.5789083008496164
3,30,155,8,30,20,3,0,0,0,3,1,1,1,1,0.049787068367863944,0.6,0.07738095238095233,1.0,0.3106376977952815
1,30,167,9,60,21,3,0,0,1,4,1,1,1,1,0.049787068367863944,0.2,0.005952380952380931,0.5,0.17062087928640987
1,45,123,6,180,21,4,0,0,0,5,1,1,1,1,0.10539922456186433,0.2,0.2678571428571429,0.25,0.18731437913970406
3,45,158,7,45,18,5,1,0,1,3,1,1,1,1,0.06392786120670757,0.6,0.059523809523809534,1.0,0.33261564088658335
2,30,148,6,60,21,3,0,0,1,1,1,1,1,1,0.10539922456186433,0.4,0.11904761904761907,0.5,0.27634111808406625
2,60,128,8,120,20,3,1,0,1,5,1,1,1,1,0.049787068367863944,0.4,0.23809523809523814,0.5,0.27243993778337433
5,150,152,9,150,13,0,0,0,0,2,1,1,1,1,0.36787944117144233,1.0,0.09523809523809523,1.0,0.5224448767378742
4,30,108,7,45,15,2,1,0,0,0,1,1,1,1,0.1353352832366127,0.8,0.3571428571428571,0.6666666666666666,0.46524156535194583
1,45,160,11,180,13,3,1,0,0,0,1,1,1,1,0.6065306597126334,0.2,0.04761904761904767,0.25,0.2528617156932757
5,45,158,8,90,6,3,0,0,1,4,1,1,1,1,0.6065306597126334,1.0,0.059523809523809534,0.5,0.5794893050992351
2,30,151,7,45,16,2,0,0,0,3,1,1,1,1,0.10539922456186433,0.4,0.10119047619047616,0.6666666666666666,0.23834872834997461
2,45,165,8,90,19,4,0,1,1,3,1,1,1,1,0.06392786120670757,0.4,0.017857142857142905,0.5,0.25839036948313515
5,45,86,6,60,14,3,0,0,1,4,1,1,1,1,0.1353352832366127,1.0,0.48809523809523814,0.75,0.5381400079633615
2,60,133,6,180,12,3,0,0,1,1,1,1,1,1,0.22313016014842982,0.4,0.20833333333333337,0.3333333333333333,0.33105718536992457
1,60,99,9,120,12,5,0,0,0,4,1,1,1,1,0.4723665527410147,0.2,0.4107142857142857,0.5,0.33741895308571596
4,60,85,8,60,8,6,1,0,0,5,1,1,1,1,1.0,0.8,0.49404761904761907,1.0,0.6844871706042512
1,60,160,7,90,10,1,1,0,0,5,1,1,1,1,0.4723665527410147,0.2,0.04761904761904767,0.6666666666666666,0.24052791650563785
1,45,124,6,45,12,3,1,0,0,2,1,1,1,1,0.22313016014842982,0.2,0.26190476190476186,1.0,0.24080606768650398
4,45,148,11,120,19,1,1,0,0,3,1,1,1,1,0.1353352832366127,0.8,0.11904761904761907,0.375,0.37504193188399504
5,30,147,7,150,20,2,1,0,1,2,1,1,1,1,0.06392786120670757,1.0,0.125,0.2,0.3886573413061969
3,45,115,10,180,19,2,1,1,0,4,1,1,1,1,0.10539922456186433,0.6,0.31547619047619047,0.25,0.34945432842719426
4,30,142,7,150,21,2,0,0,1,2,1,1,1,1,0.0820849986238988,0.8,0.15476190476190477,0.2,0.39670733541258785
4,30,64,7,120,14,2,0,0,0,2,1,1,1,1,0.17377394345044514,0.8,0.6190476190476191,0.25,0.5135756495379424
2,45,164,12,60,8,4,0,0,0,4,1,1,1,1,0.36787944117144233,0.4,0.023809523809523836,0.75,0.24757251073963438
4,150,86,7,180,20,4,1,0,1,2,1,1,1,1,0.06392786120670757,0.8,0.48809523809523814,0.8333333333333334,0.48110421409829957
5,45,42,6,60,14,2,1,0,0,1,1,1,1,1,0.1353352832366127,1.0,0.75,0.75,0.6410390313145534
5,30,126,10,60,9,2,1,0,1,2,1,1,1,1,0.7788007830714049,1.0,0.25,0.5,0.6953111968663713
5,120,119,7,150,11,3,0,1,0,3,1,1,1,1,0.36787944117144233,1.0,0.29166666666666663,0.8,0.5636328906380398
4,45,121,7,90,16,6,0,0,0,4,1,1,1,1,0.10539922456186433,0.8,0.27976190476190477,0.5,0.43386286802332946
5,45,158,9,150,8,4,0,0,1,4,1,1,1,1,0.7788007830714049,1.0,0.059523809523809534,0.3,0.5578141337692717
5,120,103,6,120,21,5,1,1,0,1,1,1,1,1,0.10539922456186433,1.0,0.38690476190476186,1.0,0.6003196701122493
1,150,98,7,180,9,5,1,0,1,2,1,1,1,1,0.6065306597126334,0.2,0.41666666666666663,0.8333333333333334,0.42501792603226984
1,60,136,7,120,18,6,0,1,1,2,1,1,1,1,0.06392786120670757,0.2,0.19047619047619047,0.5,0.2129663204466379
4,60,161,9,150,13,3,0,1,0,0,1,1,1,1,0.36787944117144233,0.8,0.04166666666666663,0.4,0.43019184838171814
1,45,161,10,150,14,1,0,1,1,0,1,1,1,1,0.36787944117144233,0.2,0.04166666666666663,0.3,0.2123452894941555
1,90,123,8,120,12,1,1,1,1,2,1,1,1,1,0.36787944117144233,0.2,0.2678571428571429,0.75,0.34759468305229796
2,90,81,7,180,9,4,0,1,0,1,1,1,1,1,0.6065306597126334,0.4,0.5178571428571428,0.5,0.5298659282570548
2,30,79,7,150,6,6,1,0,1,4,1,1,1,1,0.7788007830714049,0.4,0.5297619047619048,0.2,0.5486728622455539
5,90,146,10,120,11,5,1,0,0,4,1,1,1,1,0.7788007830714049,1.0,0.13095238095238093,0.75,0.5996116089914496
5,120,134,8,150,19,0,1,0,0,1,1,1,1,1,0.06392786120670757,1.0,0.20238095238095233,0.8,0.49233948337061123
4,180,134,8,180,7,5,1,0,1,0,1,1,1,1,0.7788007830714049,0.8,0.20238095238095233,1.0,0.5724678564824273
5,60,106,6,90,9,2,0,0,1,3,1,1,1,1,0.4723665527410147,1.0,0.36904761904761907,0.6666666666666666,0.6214959883035946
1,60,155,10,180,6,4,1,0,1,4,1,1,1,1,0.36787944117144233,0.2,0.07738095238095233,0.3333333333333333,0.23820786465298624
5,45,152,10,180,21,5,0,0,0,1,1,1,1,1,0.06392786120670757,1.0,0.09523809523809523,0.25,0.4213608868407775
2,120,120,7,120,10,5,1,0,0,1,1,1,1,1,0.4723665527410147,0.4,0.2857142857142857,1.0,0.41382896575566663
4,30,163,9,60,17,1,1,1,1,2,1,1,1,1,0.1353352832366127,0.8,0.029761904761904767,0.5,0.42719764709806995
2,90,82,7,90,16,5,1,0,1,1,1,1,1,1,0.10539922456186433,0.4,0.5119047619047619,1.0,0.40336268951097093
2,90,68,7,180,19,2,1,1,1,5,1,1,1,1,0.049787068367863944,0.4,0.5952380952380952,0.5,0.42843905063157867
4,60,97,6,60,21,5,0,0,1,2,1,1,1,1,0.10539922456186433,0.8,0.42261904761904767,1.0,0.5098397293031338
3,45,142,7,90,6,4,0,0,1,2,1,1,1,1,0.7788007830714049,0.6,0.15476190476190477,0.5,0.532164472181013
5,150,143,9,180,8,1,1,0,0,0,1,1,1,1,0.7788007830714049,1.0,0.14880952380952384,0.8333333333333334,0.620143520796659
5,30,158,10,60,22,1,1,0,0,5,1,1,1,1,0.049787068367863944,1.0,0.059523809523809534,0.5,0.4438458013099047
4,45,153,9,90,22,2,1,0,0,2,1,1,1,1,0.06392786120670757,0.8,0.0892857142857143,0.5,0.3293299940567604
1,90,43,6,150,15,4,1,0,0,4,1,1,1,1,0.10539922456186433,0.2,0.7440476190476191,0.6,0.35681981545365604
1,30,88,6,120,21,3,1,0,1,5,1,1,1,1,0.10539922456186433,0.2,0.47619047619047616,0.25,0.2625670365448179
3,30,151,7,180,20,4,0,0,1,3,1,1,1,1,0.06392786120670757,0.6,0.10119047619047616,0.16666666666666666,0.3337365034173106
2,60,133,9,90,17,0,1,0,0,2,1,1,1,1,0.1353352832366127,0.4,0.20833333333333337,0.6666666666666666,0.28045029971989405
5,30,130,9,45,9,1,0,0,0,0,1,1,1,1,1.0,1.0,0.22619047619047616,0.6666666666666666,0.6929635946191622
2,180,76,6,180,8,2,1,0,1,1,1,1,1,1,0.6065306597126334,0.4,0.5476190476190477,1.0,0.5177427867950146
5,30,51,7,60,22,2,0,0,1,1,1,1,1,1,0.10539922456186433,1.0,0.6964285714285714,0.5,0.6178892267992502
4,60,136,7,60,15,6,1,1,1,3,1,1,1,1,0.1353352832366127,0.8,0.19047619047619047,1.0,0.4563911789488099
5,30,109,9,90,14,5,0,0,1,2,1,1,1,1,0.2865047968601901,1.0,0.35119047619047616,0.3333333333333333,0.5727073063561683
3,45,136,10,60,22,5,0,0,1,2,1,1,1,1,0.049787068367863944,0.6,0.19047619047619047,0.75,0.3927728971889027
2,45,137,9,180,20,3,0,1,0,4,1,1,1,1,0.06392786120670757,0.4,0.18452380952380953,0.25,0.2631970515756976
5,60,163,6,90,11,0,1,0,0,5,1,1,1,1,0.2865047968601901,1.0,0.029761904761904767,0.6666666666666666,0.49873944870303816
4,120,118,6,120,16,2,0,0,0,5,1,1,1,1,0.0820849986238988,0.8,0.29761904761904767,1.0,0.4714408471443902
2,45,163,10,90,16,3,1,0,0,1,1,1,1,1,0.22313016014842982,0.4,0.029761904761904767,0.5,0.22953550159697916
4,30,113,8,45,8,4,0,0,1,1,1,1,1,1,1.0,0.8,0.32738095238095233,0.6666666666666666,0.6989592034744105
1,30,150,8,150,7,4,0,0,1,4,1,1,1,1,0.7788007830714049,0.2,0.1071428571428571,0.2,0.34611534477743056
2,60,162,11,150,15,2,0,0,1,2,1,1,1,1,0.36787944117144233,0.4,0.0357142857142857,0.4,0.2689443275449834
2,180,164,9,180,15,2,1,0,0,3,1,1,1,1,0.22313016014842982,0.4,0.023809523809523836,1.0,0.28064210868673334
1,60,66,7,120,11,3,0,0,1,5,1,1,1,1,0.36787944117144233,0.2,0.6071428571428572,0.5,0.40787963908530606
1,90,99,8,180,15,2,1,0,1,3,1,1,1,1,0.17377394345044514,0.2,0.4107142857142857,0.5,0.26721362441798935
1,90,139,9,180,12,1,0,0,1,5,1,1,1,1,0.4723665527410147,0.2,0.17261904761904767,0.5,0.2875085845938644
1,45,30,6,120,16,0,1,1,1,1,1,1,1,1,0.0820849986238988,0.2,0.8214285714285714,0.375,0.4223608191852383
1,45,133,6,120,6,2,1,1,0,5,1,1,1,1,1.0,0.2,0.20833333333333337,0.375,0.41416201724582075
1,45,141,8,60,20,5,0,0,0,0,1,1,1,1,0.049787068367863944,0.2,0.1607142857142857,0.75,0.1904656785028373
1,60,133,6,90,8,3,0,0,0,0,1,1,1,1,0.6065306597126334,0.2,0.20833333333333337,0.6666666666666666,0.3078183304237965
5,60,120,9,120,15,5,0,0,1,2,1,1,1,1,0.22313016014842982,1.0,0.2857142857142857,0.5,0.5670488850589385
1,45,162,11,120,10,2,1,1,1,2,1,1,1,1,0.7788007830714049,0.2,0.0357142857142857,0.375,0.3609641163579194
1,30,138,11,150,16,5,0,0,1,2,1,1,1,1,0.2865047968601901,0.2,0.1785714285714286,0.2,0.271832909871752
2,45,121,9,45,7,3,1,0,0,5,1,1,1,1,0.6065306597126334,0.4,0.27976190476190477,1.0,0.43642282573606445
4,30,26,6,45,11,5,1,0,1,2,1,1,1,1,0.2865047968601901,0.8,0.8452380952380952,0.6666666666666666,0.6319459836867664
5,45,111,6,180,20,3,1,1,1,2,1,1,1,1,0.0820849986238988,1.0,0.3392857142857143,0.25,0.5486685641453104
2,60,146,7,150,8,0,1,0,0,3,1,1,1,1,0.7788007830714049,0.4,0.13095238095238093,0.4,0.3827121707462931
4,60,127,9,120,15,0,1,1,1,2,1,1,1,1,0.22313016014842982,0.8,0.24404761904761907,0.5,0.5149586688432919
3,45,127,9,120,13,2,1,0,0,5,1,1,1,1,0.36787944117144233,0.6,0.24404761904761907,0.375,0.3929213341746605
3,90,94,6,90,20,0,1,0,0,4,1,1,1,1,0.0820849986238988,0.6,0.44047619047619047,1.0,0.3915314830542744
5,30,44,7,30,20,4,1,0,1,0,1,1,1,1,0.06392786120670757,1.0,0.7380952380952381,1.0,0.6429224182532537
2,45,80,6,180,19,5,0,0,1,3,1,1,1,1,0.06392786120670757,0.4,0.5238095238095238,0.25,0.3710612625470843
1,45,123,9,180,11,1,1,0,0,5,1,1,1,1,0.6065306597126334,0.2,0.2678571428571429,0.25,0.30203717960292525
5,60,45,6,180,9,5,0,0,1,5,1,1,1,1,0.4723665527410147,1.0,0.7321428571428572,0.3333333333333333,0.7249036376378927
5,150,152,7,180,13,4,0,0,1,4,1,1,1,1,0.22313016014842982,1.0,0.09523809523809523,0.8333333333333334,0.5294586708954806
2,60,153,10,120,8,0,1,0,0,0,1,1,1,1,0.6065306597126334,0.4,0.0892857142857143,0.5,0.39316816454633163
2,30,141,11,45,8,3,0,0,0,5,1,1,1,1,0.4723665527410147,0.4,0.1607142857142857,0.6666666666666666,0.32007131810974826
4,150,107,7,150,16,4,1,0,0,0,1,1,1,1,0.10539922456186433,0.8,0.36309523809523814,1.0,0.4798617056146191
3,45,91,9,150,13,1,0,0,1,1,1,1,1,1,0.36787944117144233,0.6,0.45833333333333337,0.3,0.4649789277999785
3,30,27,6,180,15,6,1,0,1,2,1,1,1,1,0.10539922456186433,0.6,0.8392857142857143,0.16666666666666666,0.5073034360446564
1,90,167,6,120,13,2,1,0,0,1,1,1,1,1,0.17377394345044514,0.2,0.005952380952380931,0.75,0.21166567849075302
3,30,85,7,180,9,0,0,0,0,1,1,1,1,1,0.6065306597126334,0.6,0.49404761904761907,0.16666666666666666,0.526170746692958
1,60,60,6,150,21,2,0,0,1,4,1,1,1,1,0.10539922456186433,0.2,0.6428571428571428,0.4,0.33665549791559835
5,30,16,6,45,17,4,1,1,0,1,1,1,1,1,0.06392786120670757,1.0,0.9047619047619048,0.6666666666666666,0.7211132516117412
1,60,167,7,120,21,6,0,0,0,3,1,1,1,1,0.0820849986238988,0.2,0.005952380952380931,0.5,0.13317257595525644
4,45,154,11,120,19,6,0,0,0,4,1,1,1,1,0.1353352832366127,0.8,0.08333333333333337,0.375,0.3660006274794351
2,90,147,6,90,20,1,1,0,0,2,1,1,1,1,0.0820849986238988,0.4,0.125,1.0,0.2721469237957423
4,30,141,9,60,8,0,0,1,1,0,1,1,1,1,0.7788007830714049,0.8,0.1607142857142857,0.5,0.6322406116247062
3,150,110,6,180,12,2,1,0,0,1,1,1,1,1,0.22313016014842982,0.6,0.34523809523809523,0.8333333333333334,0.41549524848130065
1,120,114,7,120,16,6,0,0,0,4,1,1,1,1,0.10539922456186433,0.2,0.3214285714285714,1.0,0.25662727377747674
1,30,113,8,180,22,1,0,0,1,0,1,1,1,1,0.0820849986238988,0.2,0.32738095238095233,0.16666666666666666,0.21704999571291822
1,45,130,7,60,13,0,0,0,0,1,1,1,1,1,0.22313016014842982,0.2,0.22619047619047616,0.75,0.22391759170520661
3,60,48,6,120,17,4,0,0,1,1,1,1,1,1,0.06392786120670757,0.6,0.7142857142857143,0.5,0.4910596462876382
4,45,120,10,60,15,0,1,0,1,0,1,1,1,1,0.2865047968601901,0.8,0.2857142857142857,0.75,0.53850180720976
2,45,146,9,90,19,3,1,1,1,1,1,1,1,1,0.0820849986238988,0.4,0.13095238095238093,0.5,0.25850335871789826
3,45,139,9,180,13,6,0,0,0,3,1,1,1,1,0.36787944117144233,0.6,0.17261904761904767,0.25,0.3374926598105216
3,45,126,9,180,17,4,0,0,0,0,1,1,1,1,0.1353352832366127,0.6,0.25,0.25,0.2893044735103897
5,120,61,6,120,22,4,0,0,0,4,1,1,1,1,0.1353352832366127,1.0,0.6369047619047619,1.0,0.6176843414902994
4,30,107,9,120,16,5,1,0,0,1,1,1,1,1,0.17377394345044514,0.8,0.36309523809523814,0.25,0.4446929763814273
5,30,82,8,150,18,6,1,0,1,2,1,1,1,1,0.0820849986238988,1.0,0.5119047619047619,0.2,0.6177901213571846
3,60,106,7,150,17,3,0,0,1,1,1,1,1,1,0.0820849986238988,0.6,0.36904761904761907,0.4,0.34325852802316004
5,30,102,7,45,6,4,1,1,0,5,1,1,1,1,0.7788007830714049,1.0,0.3928571428571429,0.6666666666666666,0.7124205129885802
1,45,113,7,180,8,4,1,0,1,0,1,1,1,1,0.7788007830714049,0.2,0.32738095238095233,0.25,0.4157897856963859
5,120,121,8,120,19,5,0,0,0,1,1,1,1,1,0.06392786120670757,1.0,0.27976190476190477,1.0,0.5327017287139403
3,60,77,7,180,17,5,1,1,0,4,1,1,1,1,0.0820849986238988,0.6,0.5416666666666667,0.3333333333333333,0.4145990897501706
2,60,124,9,180,11,5,1,0,0,5,1,1,1,1,0.6065306597126334,0.4,0.26190476190476186,0.3333333333333333,0.38551694350078075
3,180,138,7,180,19,2,0,0,0,0,1,1,1,1,0.049787068367863944,0.6,0.1785714285714286,1.0,0.3430910101822561
1,120,163,8,120,8,4,1,0,0,5,1,1,1,1,1.0,0.2,0.029761904761904767,1.0,0.3895341606015712
1,120,151,10,150,20,0,1,1,0,0,1,1,1,1,0.0820849986238988,0.2,0.10119047619047616,0.8,0.1936763806894339
1,60,137,7,150,19,0,1,0,0,5,1,1,1,1,0.049787068367863944,0.2,0.18452380952380953,0.4,0.171840263170404
1,45,125,6,45,18,4,1,0,0,4,1,1,1,1,0.049787068367863944,0.2,0.25595238095238093,1.0,0.22820455064244596
5,30,165,6,45,13,2,1,0,0,5,1,1,1,1,0.17377394345044514,1.0,0.017857142857142905,0.6666666666666666,0.388024445557156
1,45,166,9,60,12,0,0,0,0,3,1,1,1,1,0.4723665527410147,0.2,0.011904761904761862,0.75,0.25907807549950623
2,60,147,10,120,11,3,1,0,0,5,1,1,1,1,0.7788007830714049,0.4,0.125,0.5,0.38512994780677384
3,150,110,7,150,16,4,1,0,0,5,1,1,1,1,0.10539922456186433,0.6,0.34523809523809523,1.0,0.3806961751493789
2,60,136,6,90,19,1,1,0,0,1,1,1,1,1,0.06392786120670757,0.4,0.19047619047619047,0.6666666666666666,0.24682757068222247
5,90,115,7,120,20,4,0,0,0,2,1,1,1,1,0.06392786120670757,1.0,0.31547619047619047,0.75,0.4927793826059789
1,30,163,6,180,19,0,1,0,1,2,1,1,1,1,0.06392786120670757,0.2,0.029761904761904767,0.16666666666666666,0.055845752178066324
2,60,88,6,90,19,4,0,1,1,3,1,1,1,1,0.06392786120670757,0.4,0.47619047619047616,0.6666666666666666,0.4029508050150702
5,30,118,7,60,10,6,1,0,1,5,1,1,1,1,0.4723665527410147,1.0,0.29761904761904767,0.5,0.5532286315268604
1,90,76,7,150,12,6,1,0,0,5,1,1,1,1,0.2865047968601901,0.2,0.5476190476190477,0.6,0.32698647432949274
1,45,142,8,150,6,3,1,0,0,5,1,1,1,1,0.6065306597126334,0.2,0.15476190476190477,0.3,0.2944358493888506
4,45,114,10,180,17,0,0,1,0,3,1,1,1,1,0.17377394345044514,0.8,0.3214285714285714,0.25,0.449757085449869
2,30,154,7,30,15,3,0,0,0,0,1,1,1,1,0.1353352832366127,0.4,0.08333333333333337,1.0,0.2712203587465177
3,60,167,8,150,15,1,0,0,1,1,1,1,1,1,0.17377394345044514,0.6,0.005952380952380931,0.4,0.28788913922453563
3,90,163,7,180,7,6,0,0,0,2,1,1,1,1,1.0,0.6,0.029761904761904767,0.5,0.4876906241805756
4,90,110,9,120,12,1,1,0,0,1,1,1,1,1,0.4723665527410147,0.8,0.34523809523809523,0.75,0.48899759107980073
1,45,106,8,180,21,5,0,0,1,1,1,1,1,1,0.06392786120670757,0.2,0.36904761904761907,0.25,0.20815345342725158
2,120,102,8,180,22,4,1,1,0,3,1,1,1,1,0.0820849986238988,0.4,0.3928571428571429,0.6666666666666666,0.3586342715134411
5,90,103,7,90,6,6,1,0,0,2,1,1,1,1,0.7788007830714049,1.0,0.38690476190476186,1.0,0.704167701538371
3,60,96,6,150,19,1,0,0,0,4,1,1,1,1,0.06392786120670757,0.6,0.4285714285714286,0.4,0.3601682478449109
4,90,45,6,90,12,5,1,0,0,3,1,1,1,1,0.22313016014842982,0.8,0.7321428571428572,1.0,0.5818109569449545
4,30,60,6,90,22,0,1,0,0,5,1,1,1,1,0.1353352832366127,0.8,0.6428571428571428,0.3333333333333333,0.5110791098340536
5,60,156,8,180,21,6,0,0,1,4,1,1,1,1,0.06392786120670757,1.0,0.0714285714285714,0.3333333333333333,0.44503537093447854
1,120,53,6,120,6,0,1,1,0,2,1,1,1,1,1.0,0.2,0.6845238095238095,1.0,0.6148781525613904
3,60,52,6,180,6,2,1,0,1,0,1,1,1,1,1.0,0.6,0.6904761904761905,0.3333333333333333,0.7090906283183311
4,45,163,7,90,6,2,1,0,1,5,1,1,1,1,0.7788007830714049,0.8,0.029761904761904767,0.5,0.528898160726791
5,90,98,8,120,10,4,0,0,0,4,1,1,1,1,0.6065306597126334,1.0,0.41666666666666663,0.75,0.6692322828545001
5,90,163,7,90,6,2,0,0,1,2,1,1,1,1,0.7788007830714049,1.0,0.029761904761904767,1.0,0.6021911907496329
3,120,150,10,180,10,3,1,0,0,4,1,1,1,1,1.0,0.6,0.1071428571428571,0.6666666666666666,0.5634501597176077
3,45,116,7,60,22,6,1,0,0,3,1,1,1,1,0.10539922456186433,0.6,0.30952380952380953,0.75,0.3520446061684825
3,45,84,8,45,15,0,1,0,0,1,1,1,1,1,0.17377394345044514,0.6,0.5,1.0,0.42896335075749875
1,60,167,9,120,10,4,0,1,0,5,1,1,1,1,0.7788007830714049,0.2,0.005952380952380931,0.5,0.3307697198171528
3,90,146,6,150,22,1,1,1,0,3,1,1,1,1,0.1353352832366127,0.6,0.13095238095238093,0.6,0.37988463303860415
1,30,86,9,180,15,2,1,0,1,0,1,1,1,1,0.22313016014842982,0.2,0.48809523809523814,0.16666666666666666,0.2958401832795049
3,30,123,8,120,12,1,0,0,0,5,1,1,1,1,0.36787944117144233,0.6,0.2678571428571429,0.25,0.3469918927803787
3,30,146,8,120,14,6,0,1,0,0,1,1,1,1,0.22313016014842982,0.6,0.13095238095238093,0.25,0.37917611637048754
3,30,166,12,45,11,5,1,0,0,3,1,1,1,1,0.7788007830714049,0.6,0.011904761904761862,0.6666666666666666,0.4314012403927143
2,30,133,10,180,6,3,1,0,1,1,1,1,1,1,0.36787944117144233,0.4,0.20833333333333337,0.16666666666666666,0.305870356702759
3,120,53,6,150,16,6,0,0,0,4,1,1,1,1,0.0820849986238988,0.6,0.6845238095238095,0.8,0.45280239126285127
3,30,158,6,90,20,2,0,0,1,1,1,1,1,1,0.0820849986238988,0.6,0.059523809523809534,0.3333333333333333,0.30771581389378316
1,45,149,6,120,21,6,0,0,0,1,1,1,1,1,0.10539922456186433,0.2,0.11309523809523814,0.375,0.16038111096184615
3,90,94,6,90,10,0,0,0,1,1,1,1,1,1,0.36787944117144233,0.6,0.44047619047619047,1.0,0.5220535429610883
3,45,93,8,60,9,3,1,0,1,1,1,1,1,1,0.7788007830714049,0.6,0.4464285714285714,0.75,0.62582012802468
2,45,97,9,180,9,0,0,0,1,3,1,1,1,1,1.0,0.4,0.42261904761904767,0.25,0.5460961518656855
4,45,148,8,180,17,0,0,0,1,3,1,1,1,1,0.10539922456186433,0.8,0.11904761904761907,0.25,0.39105393287485657
5,60,133,9,60,18,1,1,0,1,3,1,1,1,1,0.10539922456186433,1.0,0.20833333333333337,1.0,0.4716408751237249
3,90,58,6,180,21,6,0,1,1,2,1,1,1,1,0.10539922456186433,0.6,0.6547619047619048,0.5,0.4928184116995776
2,120,99,7,150,18,2,1,0,0,1,1,1,1,1,0.06392786120670757,0.4,0.4107142857142857,0.8,0.28907225614013726
3,30,152,11,90,13,5,0,0,1,5,1,1,1,1,0.6065306597126334,0.6,0.09523809523809523,0.3333333333333333,0.4520650319402267
4,30,141,6,180,16,6,0,0,0,0,1,1,1,1,0.0820849986238988,0.8,0.1607142857142857,0.16666666666666666,0.34326966722949814
5,30,125,6,90,18,4,0,0,1,2,1,1,1,1,0.049787068367863944,1.0,0.25595238095238093,0.3333333333333333,0.4563072701654103
3,90,84,8,120,22,3,1,0,0,5,1,1,1,1,0.0820849986238988,0.6,0.5,0.75,0.4338715336854435
5,90,143,8,180,16,3,0,1,0,2,1,1,1,1,0.1353352832366127,1.0,0.14880952380952384,0.5,0.44612029366266387
4,90,74,6,150,12,4,0,0,0,4,1,1,1,1,0.22313016014842982,0.8,0.5595238095238095,0.6,0.5275958187547798
1,150,144,9,150,10,3,1,0,1,0,1,1,1,1,0.7788007830714049,0.2,0.1428571428571429,1.0,0.36158183202949706
4,45,168,9,90,11,5,1,1,1,4,1,1,1,1,0.6065306597126334,0.8,0.0,0.5,0.5330508353588428
1,60,139,9,120,22,4,1,1,0,1,1,1,1,1,0.06392786120670757,0.2,0.17261904761904767,0.5,0.2068846399898699
5,30,153,9,150,15,0,0,0,0,5,1,1,1,1,0.22313016014842982,1.0,0.0892857142857143,0.2,0.46546123515483045
3,30,165,9,45,22,2,0,0,1,1,1,1,1,1,0.06392786120670757,0.6,0.017857142857142905,0.6666666666666666,0.3308798585087286
1,60,142,9,120,16,6,0,0,0,0,1,1,1,1,0.17377394345044514,0.2,0.15476190476190477,0.5,0.1511389835101526
5,90,119,9,90,9,0,1,1,0,3,1,1,1,1,1.0,1.0,0.29166666666666663,1.0,0.765267192744389
4,150,118,7,150,22,1,0,0,0,2,1,1,1,1,0.10539922456186433,0.8,0.29761904761904767,1.0,0.3963398216819807
4,30,38,7,30,13,2,0,0,0,3,1,1,1,1,0.22313016014842982,0.8,0.7738095238095238,1.0,0.6255393615633498
2,45,117,8,60,13,4,0,1,0,2,1,1,1,1,0.2865047968601901,0.4,0.3035714285714286,0.75,0.36788044183478014
3,30,120,8,180,14,4,1,0,0,2,1,1,1,1,0.22313016014842982,0.6,0.2857142857142857,0.16666666666666666,0.36828064405220684
2,90,120,7,150,9,4,1,0,0,5,1,1,1,1,0.6065306597126334,0.4,0.2857142857142857,0.6,0.39729708327558366
5,90,73,6,120,19,2,0,0,0,5,1,1,1,1,0.06392786120670757,1.0,0.5654761904761905,0.75,0.5552423703774853
4,150,159,7,180,18,1,0,0,0,3,1,1,1,1,0.06392786120670757,0.8,0.0535714285714286,0.8333333333333334,0.3352362108469931
5,60,51,7,90,22,3,1,0,0,2,1,1,1,1,0.10539922456186433,1.0,0.6964285714285714,0.6666666666666666,0.574321128766001
4,30,166,11,120,11,5,0,1,0,2,1,1,1,1,1.0,0.8,0.011904761904761862,0.25,0.5704009078625955
1,30,95,9,90,12,0,1,1,0,4,1,1,1,1,0.4723665527410147,0.2,0.43452380952380953,0.3333333333333333,0.3883535378959132
3,30,84,8,120,12,5,0,0,0,2,1,1,1,1,0.36787944117144233,0.6,0.5,0.25,0.4317037320975018
5,45,153,9,60,9,4,1,0,1,3,1,1,1,1,1.0,1.0,0.0892857142857143,0.75,0.699519196155336
1,30,87,8,45,15,2,1,0,0,3,1,1,1,1,0.17377394345044514,0.2,0.4821428571428571,0.6666666666666666,0.28727199813021076
2,30,165,9,90,9,0,1,0,0,1,1,1,1,1,1.0,0.4,0.017857142857142905,0.3333333333333333,0.4111300607170146
3,45,167,10,150,9,2,0,0,1,0,1,1,1,1,0.7788007830714049,0.6,0.005952380952380931,0.3,0.4302279266082812
1,60,134,6,150,14,2,0,0,0,0,1,1,1,1,0.1353352832366127,0.2,0.20238095238095233,0.4,0.11912606288783782
4,90,148,10,120,9,4,1,0,0,1,1,1,1,1,0.7788007830714049,0.8,0.11904761904761907,0.75,0.5535811890057342
2,45,84,6,180,9,6,1,0,0,2,1,1,1,1,0.4723665527410147,0.4,0.5,0.25,0.41233448454085553
1,60,86,8,180,13,0,0,0,0,1,1,1,1,1,0.2865047968601901,0.2,0.48809523809523814,0.3333333333333333,0.2758070705290946
5,45,61,7,150,20,1,0,1,0,0,1,1,1,1,0.06392786120670757,1.0,0.6369047619047619,0.3,0.5913165299689825
2,60,127,10,150,12,5,1,1,0,2,1,1,1,1,0.6065306597126334,0.4,0.24404761904761907,0.4,0.4577705559341084
3,60,40,6,60,20,1,0,0,0,2,1,1,1,1,0.0820849986238988,0.6,0.7619047619047619,1.0,0.47643834811415564
2,45,134,8,120,18,2,1,1,1,0,1,1,1,1,0.0820849986238988,0.4,0.20238095238095233,0.375,0.25480858741313384
1,30,55,7,60,7,2,0,0,0,4,1,1,1,1,1.0,0.2,0.6726190476190477,0.5,0.5552578590281784
5,90,168,7,120,9,3,0,0,0,4,1,1,1,1,0.6065306597126334,1.0,0.0,0.75,0.5210936827155308
3,60,164,7,120,8,5,1,0,1,2,1,1,1,1,0.7788007830714049,0.6,0.023809523809523836,0.5,0.4788273111792981
4,30,89,7,60,8,2,0,0,0,4,1,1,1,1,0.7788007830714049,0.8,0.47023809523809523,0.5,0.6791519486167926
5,30,167,11,120,20,4,1,0,1,3,1,1,1,1,0.10539922456186433,1.0,0.005952380952380931,0.25,0.41407128685873706
4,120,102,6,180,22,5,0,0,0,3,1,1,1,1,0.1353352832366127,0.8,0.3928571428571429,0.6666666666666666,0.45294657049375225
1,120,110,8,180,19,3,0,0,0,4,1,1,1,1,0.06392786120670757,0.2,0.34523809523809523,0.6666666666666666,0.205914905570993
1,60,163,11,90,13,0,1,0,1,1,1,1,1,1,0.6065306597126334,0.2,0.029761904761904767,0.6666666666666666,0.2877266863661232
5,90,119,8,120,8,0,1,1,0,1,1,1,1,1,1.0,1.0,0.29166666666666663,0.75,0.7474895987024399
4,120,167,6,120,19,4,1,0,1,2,1,1,1,1,0.06392786120670757,0.8,0.005952380952380931,1.0,0.40773128686780064
1,90,133,10,180,19,2,1,0,0,3,1,1,1,1,0.10539922456186433,0.2,0.20833333333333337,0.5,0.216120504566029
3,90,137,10,150,8,5,0,0,0,0,1,1,1,1,0.6065306597126334,0.6,0.18452380952380953,0.6,0.43056131904716893
4,45,157,10,150,17,3,0,0,0,2,1,1,1,1,0.17377394345044514,0.8,0.06547619047619047,0.3,0.3710198400243092
5,90,83,7,120,10,4,0,0,0,0,1,1,1,1,0.4723665527410147,1.0,0.5059523809523809,0.75,0.6316266946110132
2,45,142,8,90,7,4,0,0,1,4,1,1,1,1,0.7788007830714049,0.4,0.15476190476190477,0.5,0.41024557308770776
2,60,137,10,90,9,5,0,0,0,1,1,1,1,1,0.7788007830714049,0.4,0.18452380952380953,0.6666666666666666,0.4036890698791447
4,30,104,9,45,13,4,0,0,1,5,1,1,1,1,0.36787944117144233,0.8,0.38095238095238093,0.6666666666666666,0.5337388331154982
5,30,134,9,150,15,6,0,0,1,1,1,1,1,1,0.22313016014842982,1.0,0.20238095238095233,0.2,0.44323704635438477
2,45,160,10,45,10,1,1,0,1,2,1,1,1,1,1.0,0.4,0.04761904761904767,1.0,0.4685825614103177
3,30,94,8,120,18,0,1,1,0,2,1,1,1,1,0.0820849986238988,0.6,0.44047619047619047,0.25,0.4120469571769705
1,60,71,7,120,19,4,0,1,0,4,1,1,1,1,0.049787068367863944,0.2,0.5773809523809523,0.5,0.27244763844454695
4,60,159,9,90,21,4,0,0,1,0,1,1,1,1,0.049787068367863944,0.8,0.0535714285714286,0.6666666666666666,0.4219502217024685
1,120,101,6,180,19,4,1,1,1,5,1,1,1,1,0.06392786120670757,0.2,0.39880952380952384,0.6666666666666666,0.33938084473537317
3,150,157,9,180,14,0,1,1,0,3,1,1,1,1,0.2865047968601901,0.6,0.06547619047619047,0.8333333333333334,0.4009517594698863
4,45,55,7,180,7,4,0,0,1,5,1,1,1,1,1.0,0.8,0.6726190476190477,0.25,0.7530953424935423
2,60,159,9,180,11,5,1,0,0,2,1,1,1,1,0.6065306597126334,0.4,0.0535714285714286,0.3333333333333333,0.31391297787199623
4,30,160,11,30,22,2,0,1,0,0,1,1,1,1,0.06392786120670757,0.8,0.04761904761904767,1.0,0.34125059961150833
5,60,114,6,150,8,1,1,0,0,0,1,1,1,1,0.6065306597126334,1.0,0.3214285714285714,0.4,0.6673506534930073
2,45,165,10,150,13,1,1,0,1,4,1,1,1,1,0.4723665527410147,0.4,0.017857142857142905,0.3,0.3070852948946624
2,120,155,10,180,6,6,1,0,0,2,1,1,1,1,0.36787944117144233,0.4,0.07738095238095233,0.6666666666666666,0.28105575856282833
4,30,105,8,60,6,1,0,1,0,3,1,1,1,1,0.6065306597126334,0.8,0.375,0.5,0.5751891515663373
2,30,113,7,120,11,5,0,0,0,5,1,1,1,1,0.36787944117144233,0.4,0.32738095238095233,0.25,0.3635781035899519
3,45,123,7,90,7,5,0,0,0,3,1,1,1,1,1.0,0.6,0.2678571428571429,0.5,0.5878977095637796
5,60,152,7,90,17,3,1,0,0,3,1,1,1,1,0.0820849986238988,1.0,0.09523809523809523,0.6666666666666666,0.4193254078138164
3,30,165,7,90,12,2,1,0,0,3,1,1,1,1,0.2865047968601901,0.6,0.017857142857142905,0.3333333333333333,0.31420063699349315
1,30,167,9,30,19,1,0,1,1,0,1,1,1,1,0.0820849986238988,0.2,0.005952380952380931,1.0,0.18216112191450434
1,30,145,8,30,14,3,1,0,1,1,1,1,1,1,0.22313016014842982,0.2,0.13690476190476186,1.0,0.26436131817965497
1,30,49,6,45,22,1,1,0,0,1,1,1,1,1,0.1353352832366127,0.2,0.7083333333333333,0.6666666666666666,0.36300283283461443
2,120,121,7,120,14,1,0,0,1,0,1,1,1,1,0.17377394345044514,0.4,0.27976190476190477,1.0,0.32087822601201793
1,90,125,7,150,8,6,0,0,0,0,1,1,1,1,0.7788007830714049,0.2,0.25595238095238093,0.6,0.36176573586859617
4,30,125,8,60,8,6,1,1,0,5,1,1,1,1,1.0,0.8,0.25595238095238093,0.5,0.5914776916632517
5,30,113,8,45,8,1,0,1,0,0,1,1,1,1,1.0,1.0,0.32738095238095233,0.6666666666666666,0.7375656817226783
3,90,110,7,90,22,2,0,0,1,4,1,1,1,1,0.10539922456186433,0.6,0.34523809523809523,1.0,0.45311642295042226
5,120,100,8,120,19,4,1,0,0,1,1,1,1,1,0.06392786120670757,1.0,0.40476190476190477,1.0,0.49802446877649614
3,30,140,10,120,6,0,1,1,0,4,1,1,1,1,0.36787944117144233,0.6,0.16666666666666663,0.25,0.34429754822006403
2,30,162,6,30,12,3,0,0,0,0,1,1,1,1,0.22313016014842982,0.4,0.0357142857142857,1.0,0.25562359981327043
4,150,168,10,150,22,4,1,1,0,0,1,1,1,1,0.049787068367863944,0.8,0.0,1.0,0.37468583924651283
3,30,136,7,150,15,3,0,1,1,3,1,1,1,1,0.1353352832366127,0.6,0.19047619047619047,0.2,0.35149032590817086
3,45,94,8,45,14,1,1,0,1,3,1,1,1,1,0.22313016014842982,0.6,0.44047619047619047,1.0,0.47899720073050317
5,45,82,6,150,18,5,1,1,1,1,1,1,1,1,0.049787068367863944,1.0,0.5119047619047619,0.3,0.56737963310848
4,90,89,8,120,14,6,0,0,0,3,1,1,1,1,0.22313016014842982,0.8,0.47023809523809523,0.75,0.5490089314466898
2,45,112,9,90,8,4,1,0,1,2,1,1,1,1,0.7788007830714049,0.4,0.33333333333333337,0.5,0.4674682793671022
3,60,166,7,90,21,5,0,0,0,1,1,1,1,1,0.0820849986238988,0.6,0.011904761904761862,0.6666666666666666,0.26487176729052114
4,30,64,6,120,20,5,1,0,0,0,1,1,1,1,0.0820849986238988,0.8,0.6190476190476191,0.25,0.4858380007090826
2,45,161,6,60,10,1,0,0,0,1,1,1,1,1,0.36787944117144233,0.4,0.04166666666666663,0.75,0.35113436771698053
5,30,67,6,90,19,6,1,0,0,4,1,1,1,1,0.06392786120670757,1.0,0.6011904761904762,0.3333333333333333,0.5439518435272506
4,60,166,8,150,13,0,0,0,0,1,1,1,1,1,0.2865047968601901,0.8,0.011904761904761862,0.4,0.35406672455942645
3,45,41,6,90,9,2,1,0,1,4,1,1,1,1,0.4723665527410147,0.6,0.7559523809523809,0.5,0.5974516639960163
1,60,142,9,180,15,4,1,0,0,4,1,1,1,1,0.22313016014842982,0.2,0.15476190476190477,0.3333333333333333,0.17643113370131258
4,60,167,8,150,17,6,1,0,0,4,1,1,1,1,0.10539922456186433,0.8,0.005952380952380931,0.4,0.3133220070867235
2,60,148,9,180,8,0,0,0,0,4,1,1,1,1,0.7788007830714049,0.4,0.11904761904761907,0.3333333333333333,0.41003571251976006
3,30,133,8,60,9,6,0,0,0,4,1,1,1,1,0.7788007830714049,0.6,0.20833333333333337,0.5,0.48879836829111034
3,60,65,6,120,16,0,1,0,1,4,1,1,1,1,0.0820849986238988,0.6,0.6130952380952381,0.5,0.4461000282767883
5,60,30,6,120,16,1,1,0,1,3,1,1,1,1,0.0820849986238988,1.0,0.8214285714285714,0.5,0.7125671084486183
3,30,151,11,60,18,0,0,0,1,3,1,1,1,1,0.17377394345044514,0.6,0.10119047619047616,0.5,0.32879134018480605
4,90,49,6,90,15,6,1,0,0,1,1,1,1,1,0.10539922456186433,0.8,0.7083333333333333,1.0,0.5772123344134236
5,30,166,11,30,15,6,1,0,0,2,1,1,1,1,0.36787944117144233,1.0,0.011904761904761862,1.0,0.537330068919158
2,30,108,9,180,12,5,0,1,0,0,1,1,1,1,0.4723665527410147,0.4,0.3571428571428571,0.16666666666666666,0.4405322478089022
1,90,112,9,180,16,0,0,0,0,4,1,1,1,1,0.17377394345044514,0.2,0.33333333333333337,0.5,0.23869261783402562
2,45,89,8,90,10,1,1,0,1,3,1,1,1,1,0.6065306597126334,0.4,0.47023809523809523,0.5,0.42638486828004607
3,60,164,10,90,18,6,0,0,1,5,1,1,1,1,0.1353352832366127,0.6,0.023809523809523836,0.6666666666666666,0.2979319421977
4,30,158,7,150,14,3,1,1,1,0,1,1,1,1,0.17377394345044514,0.8,0.059523809523809534,0.2,0.4685827721091159
4,120,137,7,180,22,6,0,0,0,4,1,1,1,1,0.10539922456186433,0.8,0.18452380952380953,0.6666666666666666,0.4010963595564193
4,30,89,6,45,16,1,0,0,0,0,1,1,1,1,0.0820849986238988,0.8,0.47023809523809523,0.6666666666666666,0.5076699719649923
5,45,121,9,150,17,0,1,0,0,5,1,1,1,1,0.1353352832366127,1.0,0.27976190476190477,0.3,0.5147362209802055
5,30,102,7,120,15,6,0,0,0,2,1,1,1,1,0.1353352832366127,1.0,0.3928571428571429,0.25,0.539957561447728
4,120,156,7,150,7,3,1,0,0,0,1,1,1,1,1.0,0.8,0.0714285714285714,0.8,0.5933723857349015
5,30,37,7,150,10,4,0,0,1,2,1,1,1,1,0.4723665527410147,1.0,0.7797619047619048,0.2,0.7670194240544785
4,60,41,6,120,15,4,0,0,1,0,1,1,1,1,0.10539922456186433,0.8,0.7559523809523809,0.5,0.5912608055779001
4,30,168,11,90,17,3,1,0,1,5,1,1,1,1,0.22313016014842982,0.8,0.0,0.3333333333333333,0.3825378094175017
3,60,113,7,180,6,4,1,0,0,1,1,1,1,1,0.7788007830714049,0.6,0.32738095238095233,0.3333333333333333,0.5418916129731437
5,120,101,8,120,8,1,1,0,1,3,1,1,1,1,1.0,1.0,0.39880952380952384,1.0,0.8204138073214636
5,30,76,7,60,8,2,1,1,1,4,1,1,1,1,0.7788007830714049,1.0,0.5476190476190477,0.5,0.8033905978985081
5,150,135,8,180,22,4,1,0,1,2,1,1,1,1,0.0820849986238988,1.0,0.1964285714285714,0.8333333333333334,0.505875498453833
4,45,167,7,180,11,3,1,0,0,3,1,1,1,1,0.36787944117144233,0.8,0.005952380952380931,0.25,0.4063697347916941
2,90,143,9,150,21,1,1,0,0,5,1,1,1,1,0.049787068367863944,0.4,0.14880952380952384,0.6,0.276422961743427
3,45,164,10,120,7,3,0,1,0,4,1,1,1,1,0.4723665527410147,0.6,0.023809523809523836,0.375,0.3097711777602238
1,60,166,8,120,20,0,0,0,0,0,1,1,1,1,0.049787068367863944,0.2,0.011904761904761862,0.5,0.06856960667839407
1,30,85,7,45,6,3,0,0,1,3,1,1,1,1,0.7788007830714049,0.2,0.49404761904761907,0.6666666666666666,0.4835530326515657
5,30,146,9,60,17,5,1,1,1,2,1,1,1,1,0.1353352832366127,1.0,0.13095238095238093,0.5,0.46595577461396154
5,120,124,6,180,22,6,0,0,1,3,1,1,1,1,0.1353352832366127,1.0,0.26190476190476186,0.6666666666666666,0.5269032352530967
2,45,145,10,90,8,1,0,0,1,2,1,1,1,1,0.6065306597126334,0.4,0.13690476190476186,0.5,0.3834632515365475
4,120,135,7,180,21,5,0,0,1,4,1,1,1,1,0.0820849986238988,0.8,0.1964285714285714,0.6666666666666666,0.40861466064598984
4,30,44,6,90,10,4,1,0,1,1,1,1,1,1,0.36787944117144233,0.8,0.7380952380952381,0.3333333333333333,0.6092441041415643
5,30,134,7,45,22,3,0,0,0,2,1,1,1,1,0.10539922456186433,1.0,0.20238095238095233,0.6666666666666666,0.47555939397320474
3,45,156,7,150,15,6,0,0,0,3,1,1,1,1,0.1353352832366127,0.6,0.0714285714285714,0.3,0.2787608736029984
4,60,113,7,60,9,5,0,0,0,0,1,1,1,1,0.6065306597126334,0.8,0.32738095238095233,1.0,0.5720112234335016
1,60,136,9,90,16,1,0,0,0,1,1,1,1,1,0.17377394345044514,0.2,0.19047619047619047,0.6666666666666666,0.23047498582449347
4,60,91,6,60,7,6,0,1,0,5,1,1,1,1,0.7788007830714049,0.8,0.45833333333333337,1.0,0.6786503875490923
4,45,71,6,90,17,2,1,0,0,0,1,1,1,1,0.06392786120670757,0.8,0.5773809523809523,0.5,0.46773127412916604
5,90,98,8,150,6,3,0,0,0,2,1,1,1,1,0.6065306597126334,1.0,0.41666666666666663,0.6,0.6347038127811857
1,60,132,6,150,8,4,1,0,1,5,1,1,1,1,0.6065306597126334,0.2,0.2142857142857143,0.4,0.3329966562502395
4,90,141,8,180,20,5,1,0,0,5,1,1,1,1,0.049787068367863944,0.8,0.1607142857142857,0.5,0.36398906326820984
2,45,163,10,90,21,5,1,1,1,4,1,1,1,1,0.06392786120670757,0.4,0.029761904761904767,0.5,0.23060317810665848
4,30,148,6,150,20,2,0,0,0,0,1,1,1,1,0.0820849986238988,0.8,0.11904761904761907,0.2,0.31029699460837795
4,45,146,8,60,12,1,1,1,0,3,1,1,1,1,0.36787944117144233,0.8,0.13095238095238093,0.75,0.41483882663921245
2,120,72,6,150,11,6,1,0,1,0,1,1,1,1,0.2865047968601901,0.4,0.5714285714285714,0.8,0.4189259974865115
2,45,88,6,180,11,5,1,0,0,0,1,1,1,1,0.2865047968601901,0.4,0.47619047619047616,0.25,0.4117479347668895
2,45,57,7,45,7,4,0,0,0,0,1,1,1,1,1.0,0.4,0.6607142857142857,1.0,0.6472106322479664
2,30,118,10,45,11,0,1,0,0,1,1,1,1,1,0.7788007830714049,0.4,0.29761904761904767,0.6666666666666666,0.467076985475472
5,120,135,6,180,15,1,1,0,0,4,1,1,1,1,0.10539922456186433,1.0,0.1964285714285714,0.6666666666666666,0.4393197616023807
2,120,128,8,180,16,5,1,0,1,0,1,1,1,1,0.1353352832366127,0.4,0.23809523809523814,0.6666666666666666,0.2940468895330979
1,45,143,10,90,7,1,0,0,0,2,1,1,1,1,0.4723665527410147,0.2,0.14880952380952384,0.5,0.2702404590964403
3,30,153,9,150,17,2,1,0,0,1,1,1,1,1,0.1353352832366127,0.6,0.0892857142857143,0.2,0.27579711446264443
3,30,163,9,30,19,5,1,0,0,4,1,1,1,1,0.0820849986238988,0.6,0.029761904761904767,1.0,0.32682133604168057
2,90,87,7,150,19,2,1,0,0,3,1,1,1,1,0.049787068367863944,0.4,0.4821428571428571,0.6,0.37233776110509664
1,60,99,9,120,11,4,1,0,0,3,1,1,1,1,0.6065306597126334,0.2,0.4107142857142857,0.5,0.35865559858815144
5,45,151,9,45,9,5,1,0,0,3,1,1,1,1,1.0,1.0,0.10119047619047616,1.0,0.6119905665678009
5,90,143,7,120,12,0,0,0,0,1,1,1,1,1,0.2865047968601901,1.0,0.14880952380952384,0.75,0.5137280913261985
5,60,158,6,60,7,5,1,0,1,1,1,1,1,1,0.7788007830714049,1.0,0.059523809523809534,1.0,0.6298377405468771
1,30,158,8,120,13,0,1,1,1,2,1,1,1,1,0.2865047968601901,0.2,0.059523809523809534,0.25,0.22345501928238365
1,45,114,8,45,20,0,1,1,1,0,1,1,1,1,0.049787068367863944,0.2,0.3214285714285714,1.0,0.268333436357342
1,30,159,11,45,10,3,0,0,1,3,1,1,1,1,0.7788007830714049,0.2,0.0535714285714286,0.6666666666666666,0.2771757035030442
3,45,146,8,180,14,0,0,1,1,3,1,1,1,1,0.22313016014842982,0.6,0.13095238095238093,0.25,0.36995273312152754
4,30,133,10,90,13,3,1,0,1,1,1,1,1,1,0.4723665527410147,0.8,0.20833333333333337,0.3333333333333333,0.5394318540313849
3,60,149,6,120,9,5,1,0,0,1,1,1,1,1,0.4723665527410147,0.6,0.11309523809523814,0.5,0.39498433844376674
4,45,114,7,180,22,4,0,0,0,0,1,1,1,1,0.10539922456186433,0.8,0.3214285714285714,0.25,0.4064570506794106
4,90,137,7,90,20,6,0,1,1,3,1,1,1,1,0.06392786120670757,0.8,0.18452380952380953,1.0,0.42103295360414994
4,30,84,8,45,8,6,0,0,1,3,1,1,1,1,1.0,0.8,0.5,0.6666666666666666,0.7414779472510836
5,45,138,6,45,11,3,1,0,0,5,1,1,1,1,0.2865047968601901,1.0,0.1785714285714286,1.0,0.5272132189900055
2,30,120,8,90,14,2,0,0,0,0,1,1,1,1,0.22313016014842982,0.4,0.2857142857142857,0.3333333333333333,0.33617283433765943
1,45,113,9,180,6,0,0,0,0,5,1,1,1,1,0.4723665527410147,0.2,0.32738095238095233,0.25,0.2986836836782689
4,30,157,12,45,11,1,0,1,0,5,1,1,1,1,0.7788007830714049,0.8,0.06547619047619047,0.6666666666666666,0.5808428328103363
4,30,153,11,60,18,2,1,0,0,2,1,1,1,1,0.17377394345044514,0.8,0.0892857142857143,0.5,0.3929605406280055
5,90,146,8,150,19,5,1,0,0,1,1,1,1,1,0.06392786120670757,1.0,0.13095238095238093,0.6,0.4193301487208466
2,60,77,7,120,11,0,0,0,1,4,1,1,1,1,0.36787944117144233,0.4,0.5416666666666667,0.5,0.4729708783543986
1,90,78,6,150,9,6,0,0,1,0,1,1,1,1,0.4723665527410147,0.2,0.5357142857142857,0.6,0.4131608207250242
1,120,124,8,150,9,2,1,0,1,5,1,1,1,1,0.7788007830714049,0.2,0.26190476190476186,0.8,0.4270404778824717
2,45,121,10,180,13,4,0,0,0,4,1,1,1,1,0.4723665527410147,0.4,0.27976190476190477,0.25,0.3731310654541595
5,45,143,9,45,18,2,1,0,0,5,1,1,1,1,0.10539922456186433,1.0,0.14880952380952384,1.0,0.4947611237327726
2,45,166,7,60,9,4,0,0,0,0,1,1,1,1,0.6065306597126334,0.4,0.011904761904761862,0.75,0.3734220048622866
2,120,115,8,120,9,1,1,1,0,0,1,1,1,1,0.7788007830714049,0.4,0.31547619047619047,1.0,0.5103989245702144
5,90,108,7,150,20,6,0,0,1,5,1,1,1,1,0.06392786120670757,1.0,0.3571428571428571,0.6,0.5147605409936554
4,60,144,8,180,11,3,0,0,0,0,1,1,1,1,0.4723665527410147,0.8,0.1428571428571429,0.3333333333333333,0.4324719379724324
5,45,83,7,180,7,6,0,0,0,0,1,1,1,1,1.0,1.0,0.5059523809523809,0.25,0.7339582736291035
3,30,67,7,120,13,5,1,1,1,3,1,1,1,1,0.22313016014842982,0.6,0.6011904761904762,0.25,0.49258694438149253
4,60,88,7,150,18,2,1,1,0,4,1,1,1,1,0.06392786120670757,0.8,0.47619047619047616,0.4,0.4965102990330462
3,120,97,6,120,14,1,0,0,0,4,1,1,1,1,0.1353352832366127,0.6,0.42261904761904767,1.0,0.42229867233243507
4,90,84,6,180,9,1,0,1,0,4,1,1,1,1,0.4723665527410147,0.8,0.5,0.5,0.6549031531002526
3,60,142,8,150,17,6,1,0,0,3,1,1,1,1,0.10539922456186433,0.6,0.15476190476190477,0.4,0.3211930268724638
4,120,112,6,150,11,5,0,1,0,2,1,1,1,1,0.2865047968601901,0.8,0.33333333333333337,0.8,0.5195871399323889
3,90,122,9,180,16,1,0,0,1,2,1,1,1,1,0.17377394345044514,0.6,0.27380952380952384,0.5,0.3752306654125093
1,30,155,8,180,10,4,0,0,1,5,1,1,1,1,0.6065306597126334,0.2,0.07738095238095233,0.16666666666666666,0.29022738512273005
2,60,96,9,150,8,6,1,0,1,5,1,1,1,1,0.7788007830714049,0.4,0.4285714285714286,0.4,0.5300709037886152
3,60,97,6,180,12,3,0,0,0,1,1,1,1,1,0.22313016014842982,0.6,0.42261904761904767,0.3333333333333333,0.416857757048936
3,90,151,10,120,18,4,1,0,0,0,1,1,1,1,0.1353352832366127,0.6,0.10119047619047616,0.75,0.26044962072577127
3,30,110,10,60,11,5,1,0,0,3,1,1,1,1,0.7788007830714049,0.6,0.34523809523809523,0.5,0.4486864738398943
1,60,107,7,150,6,5,0,0,1,5,1,1,1,1,0.7788007830714049,0.2,0.36309523809523814,0.4,0.39733699218822627
3,30,41,7,180,16,0,0,0,1,0,1,1,1,1,0.10539922456186433,0.6,0.7559523809523809,0.16666666666666666,0.5196743516352439
1,30,163,10,120,20,3,1,0,0,2,1,1,1,1,0.0820849986238988,0.2,0.029761904761904767,0.25,0.1304757347793606
5,30,150,11,150,21,5,0,0,1,0,1,1,1,1,0.0820849986238988,1.0,0.1071428571428571,0.2,0.45350530065478706
4,45,97,6,45,21,0,0,0,0,1,1,1,1,1,0.10539922456186433,0.8,0.42261904761904767,1.0,0.4897948118880584
4,60,84,7,180,17,4,1,0,0,5,1,1,1,1,0.0820849986238988,0.8,0.5,0.3333333333333333,0.45787779304323406
4,180,152,7,180,8,4,0,1,1,1,1,1,1,1,0.7788007830714049,0.8,0.09523809523809523,1.0,0.583823564311049
5,30,45,7,30,15,5,0,0,0,3,1,1,1,1,0.1353352832366127,1.0,0.7321428571428572,1.0,0.6360046182294347
4,60,158,8,90,20,2,1,0,0,1,1,1,1,1,0.049787068367863944,0.8,0.059523809523809534,0.6666666666666666,0.3407950546990269
3,45,162,11,120,10,4,1,0,0,2,1,1,1,1,0.7788007830714049,0.6,0.0357142857142857,0.375,0.4364360622669127
5,30,110,7,90,9,6,0,0,0,3,1,1,1,1,0.6065306597126334,1.0,0.34523809523809523,0.3333333333333333,0.6517127509551855
2,60,124,8,60,8,2,1,0,0,3,1,1,1,1,1.0,0.4,0.26190476190476186,1.0,0.5276689819321255
4,30,139,6,150,13,0,1,1,1,3,1,1,1,1,0.17377394345044514,0.8,0.17261904761904767,0.2,0.46599495111284345
4,30,100,6,180,14,2,1,0,0,2,1,1,1,1,0.1353352832366127,0.8,0.40476190476190477,0.16666666666666666,0.4146884413424663
1,30,158,9,60,16,1,0,1,0,4,1,1,1,1,0.17377394345044514,0.2,0.059523809523809534,0.5,0.14265274471109313
2,30,104,7,120,16,5,0,0,1,1,1,1,1,1,0.10539922456186433,0.4,0.38095238095238093,0.25,0.2856790416282353
4,45,144,9,60,9,4,0,0,0,2,1,1,1,1,1.0,0.8,0.1428571428571429,0.75,0.6538740407912265
3,120,111,8,120,21,3,1,0,1,0,1,1,1,1,0.06392786120670757,0.6,0.3392857142857143,1.0,0.3844470279921955
4,45,128,6,45,16,3,0,0,0,4,1,1,1,1,0.0820849986238988,0.8,0.23809523809523814,1.0,0.46209185647474327
1,30,168,9,180,21,0,0,0,1,3,1,1,1,1,0.049787068367863944,0.2,0.0,0.16666666666666666,0.1375354475060206
4,30,80,6,180,12,3,1,0,0,0,1,1,1,1,0.22313016014842982,0.8,0.5238095238095238,0.16666666666666666,0.5466118258679545
5,30,93,7,150,12,1,1,0,0,2,1,1,1,1,0.2865047968601901,1.0,0.4464285714285714,0.2,0.5674774225872469
1,45,91,7,60,21,5,0,0,1,1,1,1,1,1,0.0820849986238988,0.2,0.45833333333333337,0.75,0.2886888524720703
5,45,127,8,60,17,6,1,1,0,0,1,1,1,1,0.10539922456186433,1.0,0.24404761904761907,0.75,0.4614218375783488
5,30,145,9,150,16,3,1,1,0,2,1,1,1,1,0.17377394345044514,1.0,0.13690476190476186,0.2,0.49429194163236895
1,30,92,6,90,6,1,1,0,0,1,1,1,1,1,1.0,0.2,0.45238095238095233,0.3333333333333333,0.5036079964824814
4,30,146,9,45,9,5,0,0,0,2,1,1,1,1,1.0,0.8,0.13095238095238093,0.6666666666666666,0.5672267531455089
3,30,155,6,45,18,3,0,0,1,3,1,1,1,1,0.049787068367863944,0.6,0.07738095238095233,0.6666666666666666,0.2872485696887906
4,90,166,11,120,10,4,0,0,0,4,1,1,1,1,0.7788007830714049,0.8,0.011904761904761862,0.75,0.5379781222574337
1,45,77,7,180,18,5,1,0,0,0,1,1,1,1,0.06392786120670757,0.2,0.5416666666666667,0.25,0.27494118363745346
4,30,148,6,60,22,6,1,1,1,0,1,1,1,1,0.1353352832366127,0.8,0.11904761904761907,0.5,0.398552397811241
5,30,152,7,45,12,4,0,0,1,4,1,1,1,1,0.2865047968601901,1.0,0.09523809523809523,0.6666666666666666,0.49099550148866766
2,60,65,6,120,12,3,1,0,0,3,1,1,1,1,0.22313016014842982,0.4,0.6130952380952381,0.5,0.42324854208209695
3,60,120,9,90,9,1,0,0,1,4,1,1,1,1,1.0,0.6,0.2857142857142857,0.6666666666666666,0.6027617670421137
1,30,163,9,180,15,0,0,1,0,0,1,1,1,1,0.22313016014842982,0.2,0.029761904761904767,0.16666666666666666,0.1572404508272174
4,90,126,6,180,14,6,0,1,1,0,1,1,1,1,0.1353352832366127,0.8,0.25,0.5,0.4723653708726322
3,30,112,9,30,10,5,1,0,1,1,1,1,1,1,0.7788007830714049,0.6,0.33333333333333337,1.0,0.5827948307637194
1,45,53,6,180,17,0,1,1,1,3,1,1,1,1,0.06392786120670757,0.2,0.6845238095238095,0.25,0.3511445373229555
3,45,102,7,45,14,2,0,1,0,5,1,1,1,1,0.17377394345044514,0.6,0.3928571428571429,1.0,0.41989611185796893
2,45,168,12,150,17,3,0,0,1,4,1,1,1,1,0.2865047968601901,0.4,0.0,0.3,0.2581500533696047
1,120,155,6,120,14,1,1,0,1,5,1,1,1,1,0.1353352832366127,0.2,0.07738095238095233,1.0,0.19182360245394148
1,30,55,6,150,20,1,1,0,0,4,1,1,1,1,0.0820849986238988,0.2,0.6726190476190477,0.2,0.2873090366030989
2,90,135,9,90,7,6,0,1,0,2,1,1,1,1,0.6065306597126334,0.4,0.1964285714285714,1.0,0.4682806126083459
1,30,62,7,30,11,2,1,0,1,4,1,1,1,1,0.36787944117144233,0.2,0.6309523809523809,1.0,0.39758921691100546
1,30,71,6,60,10,2,0,0,0,1,1,1,1,1,0.36787944117144233,0.2,0.5773809523809523,0.5,0.3254825458316354
1,45,82,7,180,19,3,1,0,1,0,1,1,1,1,0.049787068367863944,0.2,0.5119047619047619,0.25,0.21588149284168517
4,90,106,6,150,6,3,1,1,0,3,1,1,1,1,1.0,0.8,0.36904761904761907,0.6,0.6695117870574943
1,45,155,7,120,18,5,1,0,1,5,1,1,1,1,0.06392786120670757,0.2,0.07738095238095233,0.375,0.1638941684825046
5,45,147,7,180,13,3,0,0,0,1,1,1,1,1,0.22313016014842982,1.0,0.125,0.25,0.46431029178408334
4,30,67,6,150,18,6,1,1,0,5,1,1,1,1,0.049787068367863944,0.8,0.6011904761904762,0.2,0.48447963424408425
4,60,147,9,90,22,1,1,0,1,0,1,1,1,1,0.06392786120670757,0.8,0.125,0.6666666666666666,0.3937489548634732
5,90,129,8,120,21,6,1,1,0,4,1,1,1,1,0.06392786120670757,1.0,0.2321428571428571,0.75,0.5577214505619001
5,30,149,8,90,7,3,1,1,0,0,1,1,1,1,0.7788007830714049,1.0,0.11309523809523814,0.3333333333333333,0.5981306301436892
3,45,100,8,150,7,1,1,1,0,4,1,1,1,1,0.7788007830714049,0.6,0.40476190476190477,0.3,0.5934401929943723
2,45,155,6,90,16,4,1,0,0,1,1,1,1,1,0.0820849986238988,0.4,0.07738095238095233,0.5,0.20398530728750627
2,45,149,6,90,12,4,1,0,0,0,1,1,1,1,0.22313016014842982,0.4,0.11309523809523814,0.5,0.26077695341471147
4,60,142,7,120,15,5,1,0,0,5,1,1,1,1,0.1353352832366127,0.8,0.15476190476190477,0.5,0.4368662472352046
2,45,112,9,45,13,0,1,1,1,4,1,1,1,1,0.36787944117144233,0.4,0.33333333333333337,1.0,0.4701327379038839
3,180,88,6,180,15,0,1,0,0,3,1,1,1,1,0.10539922456186433,0.6,0.47619047619047616,1.0,0.4089183117034953
4,120,128,7,150,7,1,0,0,1,2,1,1,1,1,1.0,0.8,0.23809523809523814,0.8,0.6561802580077885
5,30,133,10,60,19,1,0,0,0,0,1,1,1,1,0.10539922456186433,1.0,0.20833333333333337,0.5,0.5379955667384873
4,90,149,10,180,12,0,0,0,0,3,1,1,1,1,0.6065306597126334,0.8,0.11309523809523814,0.5,0.46554689458519044
5,90,76,6,180,10,3,0,0,1,1,1,1,1,1,0.36787944117144233,1.0,0.5476190476190477,0.5,0.6582838783082767
1,45,162,12,150,20,6,1,0,1,4,1,1,1,1,0.1353352832366127,0.2,0.0357142857142857,0.3,0.1710869026020239
3,45,31,6,45,21,1,0,0,0,1,1,1,1,1,0.10539922456186433,0.6,0.8154761904761905,1.0,0.5612167158079382
1,60,118,9,60,20,4,0,0,1,5,1,1,1,1,0.06392786120670757,0.2,0.29761904761904767,1.0,0.24085936828806329
4,60,130,7,180,14,0,1,0,0,5,1,1,1,1,0.17377394345044514,0.8,0.22619047619047616,0.3333333333333333,0.3963012048232525
3,30,120,10,120,20,5,1,0,0,3,1,1,1,1,0.0820849986238988,0.6,0.2857142857142857,0.25,0.34783818572218683
5,30,48,6,30,9,5,0,1,0,4,1,1,1,1,0.4723665527410147,1.0,0.7142857142857143,1.0,0.7506800216650704
3,30,37,7,90,16,4,0,0,0,0,1,1,1,1,0.10539922456186433,0.6,0.7797619047619048,0.3333333333333333,0.4969534633518572
2,30,104,8,150,10,3,1,1,0,0,1,1,1,1,0.6065306597126334,0.4,0.38095238095238093,0.2,0.46533901012994244
1,60,122,7,150,18,5,0,0,0,4,1,1,1,1,0.06392786120670757,0.2,0.27380952380952384,0.4,0.2106085901120326
5,30,119,9,150,17,5,1,0,0,0,1,1,1,1,0.1353352832366127,1.0,0.29166666666666663,0.2,0.4871324522175756
5,45,79,6,90,11,6,1,0,0,1,1,1,1,1,0.2865047968601901,1.0,0.5297619047619048,0.5,0.60357544336754
5,60,149,6,90,11,0,1,0,1,4,1,1,1,1,0.2865047968601901,1.0,0.11309523809523814,0.6666666666666666,0.5295184717565241
3,30,162,8,30,21,6,0,0,0,5,1,1,1,1,0.06392786120670757,0.6,0.0357142857142857,1.0,0.2765142404054103
5,60,73,6,90,16,0,1,0,0,5,1,1,1,1,0.0820849986238988,1.0,0.5654761904761905,0.6666666666666666,0.5794408711485676
4,120,97,8,150,16,3,0,0,1,1,1,1,1,1,0.1353352832366127,0.8,0.42261904761904767,0.8,0.4812717710797381
5,45,79,8,60,6,4,0,1,1,1,1,1,1,1,0.6065306597126334,1.0,0.5297619047619048,0.75,0.7380841103490253
3,30,154,10,45,19,1,0,0,0,5,1,1,1,1,0.10539922456186433,0.6,0.08333333333333337,0.6666666666666666,0.2983009761223602
2,60,107,9,60,12,0,0,0,0,1,1,1,1,1,0.4723665527410147,0.4,0.36309523809523814,1.0,0.47739467322720064
1,120,150,9,120,14,6,1,1,0,3,1,1,1,1,0.2865047968601901,0.2,0.1071428571428571,1.0,0.24010165319805782
5,45,79,8,120,11,3,0,0,0,0,1,1,1,1,0.4723665527410147,1.0,0.5297619047619048,0.375,0.5994255151135021
4,90,141,9,90,6,3,0,0,0,1,1,1,1,1,0.4723665527410147,0.8,0.1607142857142857,1.0,0.4645899676243731
2,30,134,8,180,14,0,0,0,1,3,1,1,1,1,0.22313016014842982,0.4,0.20238095238095233,0.16666666666666666,0.3117554619636254
1,60,87,6,150,20,6,1,0,1,2,1,1,1,1,0.0820849986238988,0.2,0.4821428571428571,0.4,0.21685592949063798
1,30,64,7,30,14,6,0,0,0,0,1,1,1,1,0.17377394345044514,0.2,0.6190476190476191,1.0,0.3509247464486221
5,120,136,7,150,15,1,1,0,0,5,1,1,1,1,0.1353352832366127,1.0,0.19047619047619047,0.8,0.4746942762465345
1,150,117,8,180,9,4,0,1,0,0,1,1,1,1,0.7788007830714049,0.2,0.3035714285714286,0.8333333333333334,0.41826705564081
4,45,143,8,150,10,1,1,0,1,0,1,1,1,1,0.6065306597126334,0.8,0.14880952380952384,0.3,0.49586581846925537
1,60,79,6,120,22,4,1,0,1,4,1,1,1,1,0.1353352832366127,0.2,0.5297619047619048,0.5,0.3375871356514545
1,120,152,6,120,16,5,1,1,1,3,1,1,1,1,0.0820849986238988,0.2,0.09523809523809523,1.0,0.1968205138707374
3,30,100,8,60,10,6,1,0,0,1,1,1,1,1,0.6065306597126334,0.6,0.40476190476190477,0.5,0.5055790430811047
1,45,161,10,90,11,3,0,0,0,3,1,1,1,1,0.7788007830714049,0.2,0.04166666666666663,0.5,0.28402828090321286
3,60,108,7,180,10,0,1,0,0,5,1,1,1,1,0.4723665527410147,0.6,0.3571428571428571,0.3333333333333333,0.4451875657197755
3,60,65,7,180,9,1,0,1,0,4,1,1,1,1,0.6065306597126334,0.6,0.6130952380952381,0.3333333333333333,0.5898815741621017
3,45,163,7,180,13,6,0,0,0,3,1,1,1,1,0.22313016014842982,0.6,0.029761904761904767,0.25,0.29360094494787503
1,60,131,8,90,8,5,1,0,1,3,1,1,1,1,1.0,0.2,0.22023809523809523,0.6666666666666666,0.4368202056081256
2,60,161,6,120,10,2,1,0,1,2,1,1,1,1,0.36787944117144233,0.4,0.04166666666666663,0.5,0.25137881505149096
3,45,162,7,180,11,4,0,0,1,3,1,1,1,1,0.36787944117144233,0.6,0.0357142857142857,0.25,0.35302607303818634
3,30,110,9,45,11,2,1,1,0,0,1,1,1,1,0.6065306597126334,0.6,0.34523809523809523,0.6666666666666666,0.5061492228602279
2,150,148,6,150,17,6,0,1,0,3,1,1,1,1,0.06392786120670757,0.4,0.11904761904761907,1.0,0.2720218612357882
3,30,83,7,120,10,2,0,0,1,2,1,1,1,1,0.4723665527410147,0.6,0.5059523809523809,0.25,0.5180250147465741
2,30,128,9,90,11,0,1,0,1,1,1,1,1,1,0.6065306597126334,0.4,0.23809523809523814,0.3333333333333333,0.3795380621417861
1,30,145,10,120,15,5,0,0,1,2,1,1,1,1,0.2865047968601901,0.2,0.13690476190476186,0.25,0.21209038408459793
1,30,151,6,120,11,2,0,0,0,1,1,1,1,1,0.2865047968601901,0.2,0.10119047619047616,0.25,0.1860720459652646
1,45,165,10,120,18,0,0,0,0,2,1,1,1,1,0.1353352832366127,0.2,0.017857142857142905,0.375,0.09625445805398031
3,60,149,10,120,16,5,0,1,1,3,1,1,1,1,0.22313016014842982,0.6,0.11309523809523814,0.5,0.34839798215405904
3,90,168,9,180,8,5,0,0,1,1,1,1,1,1,0.7788007830714049,0.6,0.0,0.5,0.4150236390821456
5,120,75,6,180,22,0,0,1,0,2,1,1,1,1,0.1353352832366127,1.0,0.5535714285714286,0.6666666666666666,0.6429749115130894
4,30,62,7,180,12,3,0,0,0,0,1,1,1,1,0.2865047968601901,0.8,0.6309523809523809,0.16666666666666666,0.528324906801343
4,60,165,8,90,17,5,1,1,1,1,1,1,1,1,0.10539922456186433,0.8,0.017857142857142905,0.6666666666666666,0.3987258575395446
5,30,165,12,150,19,5,0,0,0,3,1,1,1,1,0.17377394345044514,1.0,0.017857142857142905,0.2,0.4331648530600507
4,45,102,8,180,14,4,1,0,0,5,1,1,1,1,0.22313016014842982,0.8,0.3928571428571429,0.25,0.46007510301640997
3,30,38,6,150,20,2,1,0,1,2,1,1,1,1,0.0820849986238988,0.6,0.7738095238095238,0.2,0.4674944885611184
1,90,165,6,120,14,6,1,0,1,0,1,1,1,1,0.1353352832366127,0.2,0.017857142857142905,0.75,0.1938536898419278
1,90,139,8,180,14,2,1,0,0,3,1,1,1,1,0.22313016014842982,0.2,0.17261904761904767,0.5,0.1915157489141936
4,120,73,6,120,22,6,1,0,1,4,1,1,1,1,0.1353352832366127,0.8,0.5654761904761905,1.0,0.5387408242311906
4,45,134,9,150,15,4,1,0,1,3,1,1,1,1,0.22313016014842982,0.8,0.20238095238095233,0.3,0.4732969115573254
3,90,103,7,180,18,0,0,0,0,3,1,1,1,1,0.06392786120670757,0.6,0.38690476190476186,0.5,0.3747735560583395
2,60,134,8,120,14,6,1,0,1,0,1,1,1,1,0.22313016014842982,0.4,0.20238095238095233,0.5,0.3057483432425962
5,45,141,11,90,21,3,1,0,1,1,1,1,1,1,0.0820849986238988,1.0,0.1607142857142857,0.5,0.4666672227336249
2,60,152,11,120,11,5,1,0,0,0,1,1,1,1,1.0,0.4,0.09523809523809523,0.5,0.3903857921420786
4,30,110,9,150,21,6,1,0,0,3,1,1,1,1,0.049787068367863944,0.8,0.34523809523809523,0.2,0.40609744564221456
3,60,129,7,180,10,0,0,0,0,1,1,1,1,1,0.4723665527410147,0.6,0.2321428571428571,0.3333333333333333,0.4178512736734969
4,120,165,9,120,15,0,0,0,0,4,1,1,1,1,0.22313016014842982,0.8,0.017857142857142905,1.0,0.40214279050942825
2,30,167,10,120,21,4,1,1,1,2,1,1,1,1,0.06392786120670757,0.4,0.005952380952380931,0.25,0.2287423374382446
2,30,74,6,150,21,0,1,0,0,0,1,1,1,1,0.10539922456186433,0.4,0.5595238095238095,0.2,0.35870513227690354
5,45,150,7,180,12,2,0,0,0,1,1,1,1,1,0.2865047968601901,1.0,0.1071428571428571,0.25,0.47159817940981663
4,30,145,10,60,14,3,1,1,1,0,1,1,1,1,0.36787944117144233,0.8,0.13690476190476186,0.5,0.46070028805368446
3,180,148,8,180,16,4,0,0,1,5,1,1,1,1,0.1353352832366127,0.6,0.11904761904761907,1.0,0.36942929594568436
4,30,66,7,90,10,5,0,0,0,4,1,1,1,1,0.4723665527410147,0.8,0.6071428571428572,0.3333333333333333,0.6050113378023382
1,180,75,6,180,10,6,0,0,1,2,1,1,1,1,0.36787944117144233,0.2,0.5535714285714286,1.0,0.42554147629600525
1,45,118,6,45,8,2,1,0,1,1,1,1,1,1,0.6065306597126334,0.2,0.29761904761904767,1.0,0.3715280322888338
4,150,89,6,180,15,0,0,0,1,1,1,1,1,1,0.10539922456186433,0.8,0.47023809523809523,0.8333333333333334,0.5024677891159947
4,45,133,7,60,18,6,1,1,0,1,1,1,1,1,0.06392786120670757,0.8,0.20833333333333337,0.75,0.40561675889961785
1,180,146,7,180,19,1,0,0,0,1,1,1,1,1,0.049787068367863944,0.2,0.13095238095238093,1.0,0.12470698312981213
1,45,158,7,180,13,0,0,0,1,0,1,1,1,1,0.22313016014842982,0.2,0.059523809523809534,0.25,0.226639505861654
3,90,85,6,120,21,3,1,0,1,2,1,1,1,1,0.10539922456186433,0.6,0.49404761904761907,0.75,0.4559572385809611
4,60,148,9,120,16,1,1,0,1,4,1,1,1,1,0.17377394345044514,0.8,0.11904761904761907,0.5,0.3845914883616414
1,90,164,7,150,6,0,1,1,0,3,1,1,1,1,0.7788007830714049,0.2,0.023809523809523836,0.6,0.30916718552337935
1,30,165,12,90,20,4,1,0,0,1,1,1,1,1,0.1353352832366127,0.2,0.017857142857142905,0.3333333333333333,0.1294700021168124
1,30,160,8,30,12,1,1,0,1,3,1,1,1,1,0.36787944117144233,0.2,0.04761904761904767,1.0,0.2096056676223775
5,90,123,6,150,7,4,0,0,0,3,1,1,1,1,0.7788007830714049,1.0,0.2678571428571429,0.6,0.6085044486774472
4,60,102,9,90,22,2,1,1,0,5,1,1,1,1,0.06392786120670757,0.8,0.3928571428571429,0.6666666666666666,0.46738907520396666
5,45,154,9,60,12,0,0,0,0,2,1,1,1,1,0.4723665527410147,1.0,0.08333333333333337,0.75,0.5253128438487031
3,30,83,8,45,18,2,0,0,1,4,1,1,1,1,0.0820849986238988,0.6,0.5059523809523809,0.6666666666666666,0.40988338955539294
4,30,98,7,120,14,3,0,0,0,1,1,1,1,1,0.17377394345044514,0.8,0.41666666666666663,0.25,0.46385338986357294
2,45,164,7,150,22,0,0,1,0,3,1,1,1,1,0.10539922456186433,0.4,0.023809523809523836,0.3,0.2354628337877309
4,60,80,7,180,14,0,1,0,0,1,1,1,1,1,0.17377394345044514,0.8,0.5238095238095238,0.3333333333333333,0.5489762426207233
2,45,92,9,180,8,2,0,0,0,3,1,1,1,1,0.7788007830714049,0.4,0.45238095238095233,0.25,0.4659030245181772
1,90,133,8,180,7,2,0,0,0,1,1,1,1,1,0.7788007830714049,0.2,0.20833333333333337,0.5,0.3927577042550429
1,60,123,9,90,20,3,1,0,0,0,1,1,1,1,0.06392786120670757,0.2,0.2678571428571429,0.6666666666666666,0.18442017860627158
3,45,133,9,60,17,3,1,0,1,0,1,1,1,1,0.1353352832366127,0.6,0.20833333333333337,0.75,0.3479728650193109
2,150,133,9,150,9,0,1,0,0,4,1,1,1,1,1.0,0.4,0.20833333333333337,1.0,0.4910146793161359
5,90,82,7,90,14,1,0,0,0,2,1,1,1,1,0.17377394345044514,1.0,0.5119047619047619,1.0,0.6079478482065248
3,60,126,8,150,6,5,0,1,1,3,1,1,1,1,0.6065306597126334,0.6,0.25,0.4,0.5814806495891036
5,30,124,6,120,17,3,1,1,0,1,1,1,1,1,0.06392786120670757,1.0,0.26190476190476186,0.25,0.4716866735774976
2,30,168,6,120,9,2,1,0,0,0,1,1,1,1,0.4723665527410147,0.4,0.0,0.25,0.30481175247180625
5,30,38,6,90,14,5,1,0,1,4,1,1,1,1,0.1353352832366127,1.0,0.7738095238095238,0.3333333333333333,0.6505481884401173
1,45,160,8,180,18,1,1,1,1,3,1,1,1,1,0.0820849986238988,0.2,0.04761904761904767,0.25,0.17282278484748825
5,45,45,7,90,18,0,1,0,1,1,1,1,1,1,0.06392786120670757,1.0,0.7321428571428572,0.5,0.6126635434746182
1,120,168,6,150,12,2,0,0,0,0,1,1,1,1,0.22313016014842982,0.2,0.0,0.8,0.1574364023243325
4,45,53,7,180,10,3,0,0,0,2,1,1,1,1,0.4723665527410147,0.8,0.6845238095238095,0.25,0.5608704326806158
3,120,125,6,150,17,1,1,0,1,4,1,1,1,1,0.06392786120670757,0.6,0.25595238095238093,0.8,0.3602207882816876
2,30,134,11,180,10,1,1,0,1,5,1,1,1,1,0.7788007830714049,0.4,0.20238095238095233,0.16666666666666666,0.40270128047247916
4,45,157,8,180,8,4,0,0,0,1,1,1,1,1,1.0,0.8,0.06547619047619047,0.25,0.5749112818265143
2,30,128,8,120,13,3,1,1,0,5,1,1,1,1,0.2865047968601901,0.4,0.23809523809523814,0.25,0.32461744718638547
4,30,91,7,120,16,1,1,0,0,1,1,1,1,1,0.10539922456186433,0.8,0.45833333333333337,0.25,0.48760209073697786
3,30,139,10,30,21,5,0,0,0,3,1,1,1,1,0.06392786120670757,0.6,0.17261904761904767,1.0,0.3606402885264086
4,60,107,8,180,9,5,1,0,1,4,1,1,1,1,0.7788007830714049,0.8,0.36309523809523814,0.3333333333333333,0.6236461148230454
3,120,147,10,120,21,2,0,0,0,2,1,1,1,1,0.06392786120670757,0.6,0.125,1.0,0.27911008695580775
1,45,125,7,180,8,6,0,0,0,4,1,1,1,1,0.7788007830714049,0.2,0.25595238095238093,0.25,0.3512835742756391
1,60,161,11,120,18,0,0,1,0,1,1,1,1,1,0.17377394345044514,0.2,0.04166666666666663,0.5,0.17312223340866992
4,45,141,8,60,9,1,1,1,0,1,1,1,1,1,0.7788007830714049,0.8,0.1607142857142857,0.75,0.6204720410527571
2,30,131,10,150,15,0,0,1,0,4,1,1,1,1,0.2865047968601901,0.4,0.22023809523809523,0.2,0.3156871797889979
5,30,87,7,120,13,2,1,0,1,5,1,1,1,1,0.22313016014842982,1.0,0.4821428571428571,0.25,0.5760775745584258
4,45,117,7,90,20,6,0,0,0,0,1,1,1,1,0.06392786120670757,0.8,0.3035714285714286,0.5,0.36046755216595866
4,90,104,7,180,16,3,0,0,0,4,1,1,1,1,0.10539922456186433,0.8,0.38095238095238093,0.5,0.438154620548237
2,30,111,9,150,19,1,0,0,0,5,1,1,1,1,0.0820849986238988,0.4,0.3392857142857143,0.2,0.2904182767098735
4,30,108,9,60,22,3,1,0,0,0,1,1,1,1,0.06392786120670757,0.8,0.3571428571428571,0.5,0.41774588136100743
2,60,113,7,120,9,6,0,0,0,4,1,1,1,1,0.6065306597126334,0.4,0.32738095238095233,0.5,0.37309680019104247
5,30,69,7,180,6,0,1,0,0,4,1,1,1,1,0.7788007830714049,1.0,0.5892857142857143,0.16666666666666666,0.7296395270798558
2,60,123,10,120,15,5,0,0,1,1,1,1,1,1,0.2865047968601901,0.4,0.2678571428571429,0.5,0.3463824314506284
3,90,101,7,90,16,0,0,1,0,0,1,1,1,1,0.10539922456186433,0.6,0.39880952380952384,1.0,0.4103832021514225
3,90,84,7,180,12,4,1,1,1,2,1,1,1,1,0.2865047968601901,0.6,0.5,0.5,0.5276460607420937
5,30,98,8,120,8,2,1,0,0,0,1,1,1,1,1.0,1.0,0.41666666666666663,0.25,0.7144353523463914
5,45,140,11,60,7,0,0,0,0,4,1,1,1,1,0.36787944117144233,1.0,0.16666666666666663,0.75,0.5445187122882617
2,150,127,6,180,13,1,1,0,1,5,1,1,1,1,0.17377394345044514,0.4,0.24404761904761907,0.8333333333333334,0.3207059071431137
3,150,161,10,150,17,4,1,1,0,0,1,1,1,1,0.17377394345044514,0.6,0.04166666666666663,1.0,0.3455497984016377
5,60,99,9,90,22,3,0,1,1,4,1,1,1,1,0.06392786120670757,1.0,0.4107142857142857,0.6666666666666666,0.5861065925755198
1,60,147,10,60,15,0,1,1,1,4,1,1,1,1,0.2865047968601901,0.2,0.125,1.0,0.31986753693886316
4,90,165,7,120,10,6,1,0,0,1,1,1,1,1,0.4723665527410147,0.8,0.017857142857142905,0.75,0.4463459356740301
5,30,131,10,45,21,3,1,0,0,4,1,1,1,1,0.06392786120670757,1.0,0.22023809523809523,0.6666666666666666,0.4862628698404854
5,60,167,9,180,10,1,1,0,0,3,1,1,1,1,0.7788007830714049,1.0,0.005952380952380931,0.3333333333333333,0.513812834182759
2,150,81,6,150,11,5,0,1,0,4,1,1,1,1,0.2865047968601901,0.4,0.5178571428571428,1.0,0.38717312680838395
2,90,71,7,180,11,4,0,0,0,0,1,1,1,1,0.36787944117144233,0.4,0.5773809523809523,0.5,0.407000590717862
4,60,150,11,90,20,5,1,0,0,1,1,1,1,1,0.10539922456186433,0.8,0.1071428571428571,0.6666666666666666,0.37704828309841576
4,60,148,6,180,21,2,1,0,0,5,1,1,1,1,0.10539922456186433,0.8,0.11904761904761907,0.3333333333333333,0.31349283042415677
5,90,94,8,120,12,3,1,0,0,1,1,1,1,1,0.36787944117144233,1.0,0.44047619047619047,0.75,0.5840507838457384
5,90,82,7,90,17,5,0,0,0,2,1,1,1,1,0.0820849986238988,1.0,0.5119047619047619,1.0,0.5370991918344528
5,30,163,8,30,19,4,0,0,0,4,1,1,1,1,0.06392786120670757,1.0,0.029761904761904767,1.0,0.4306688895187882
3,45,116,6,120,17,2,1,1,1,2,1,1,1,1,0.06392786120670757,0.6,0.30952380952380953,0.375,0.371442569991843
2,120,119,6,150,19,3,1,0,1,1,1,1,1,1,0.06392786120670757,0.4,0.29166666666666663,0.8,0.3139534494261638
3,30,141,7,45,13,0,0,0,0,4,1,1,1,1,0.22313016014842982,0.6,0.1607142857142857,0.6666666666666666,0.3607679062318503
4,60,154,7,90,22,3,0,0,1,5,1,1,1,1,0.10539922456186433,0.8,0.08333333333333337,0.6666666666666666,0.388481639851884
1,45,160,10,45,10,2,0,0,0,5,1,1,1,1,1.0,0.2,0.04761904761904767,1.0,0.3818678562882055
5,45,20,6,150,7,0,1,0,0,4,1,1,1,1,0.7788007830714049,1.0,0.8809523809523809,0.3,0.8021919492386395
3,45,44,6,120,19,2,0,1,1,1,1,1,1,1,0.06392786120670757,0.6,0.7380952380952381,0.375,0.5326478636589275
4,30,66,6,180,7,3,1,0,0,4,1,1,1,1,0.7788007830714049,0.8,0.6071428571428572,0.16666666666666666,0.6572371393768687
4,45,149,6,60,12,2,1,0,0,4,1,1,1,1,0.22313016014842982,0.8,0.11309523809523814,0.75,0.37891292113063485
4,60,80,6,60,19,1,1,1,0,2,1,1,1,1,0.06392786120670757,0.8,0.5238095238095238,1.0,0.5060223413929414
4,120,81,6,150,8,6,1,0,0,0,1,1,1,1,0.6065306597126334,0.8,0.5178571428571428,0.8,0.6300745245290768
5,60,139,7,120,11,3,0,0,0,3,1,1,1,1,0.36787944117144233,1.0,0.17261904761904767,0.5,0.49537906615343114
2,150,135,7,150,18,1,1,0,1,0,1,1,1,1,0.06392786120670757,0.4,0.1964285714285714,1.0,0.2886330119158093
5,45,44,7,180,16,4,0,0,0,0,1,1,1,1,0.10539922456186433,1.0,0.7380952380952381,0.25,0.6059103509624262
4,60,92,7,150,11,1,0,1,0,2,1,1,1,1,0.36787944117144233,0.8,0.45238095238095233,0.4,0.5641032062057234
3,150,64,6,180,19,3,1,1,1,2,1,1,1,1,0.06392786120670757,0.6,0.6190476190476191,0.8333333333333334,0.5213315781786309
1,30,131,7,150,14,2,0,1,1,5,1,1,1,1,0.17377394345044514,0.2,0.22023809523809523,0.2,0.2591740008957858
2,45,117,6,150,9,2,0,1,0,4,1,1,1,1,0.4723665527410147,0.4,0.3035714285714286,0.3,0.43951826084455126
3,90,110,9,150,21,4,0,0,1,3,1,1,1,1,0.049787068367863944,0.6,0.34523809523809523,0.6,0.3885789441181021
2,90,158,8,150,6,4,1,0,0,3,1,1,1,1,0.6065306597126334,0.4,0.059523809523809534,0.6,0.36380129266783734
4,45,69,7,60,15,0,0,0,1,1,1,1,1,1,0.1353352832366127,0.8,0.5892857142857143,0.75,0.5211951727079951
1,90,144,6,180,9,0,1,1,1,4,1,1,1,1,0.4723665527410147,0.2,0.1428571428571429,0.5,0.2978687924052982
4,60,98,7,150,18,3,1,0,1,3,1,1,1,1,0.06392786120670757,0.8,0.41666666666666663,0.4,0.4566652259594818
3,30,73,8,30,12,1,0,0,0,4,1,1,1,1,0.36787944117144233,0.6,0.5654761904761905,1.0,0.46269129855197255
4,30,43,6,150,11,5,1,0,1,4,1,1,1,1,0.2865047968601901,0.8,0.7440476190476191,0.2,0.5886953361310118
3,45,147,11,45,12,5,0,1,0,2,1,1,1,1,0.7788007830714049,0.6,0.125,1.0,0.4885941902216258
5,30,134,8,60,14,3,0,1,0,4,1,1,1,1,0.22313016014842982,1.0,0.20238095238095233,0.5,0.5398363596337156
2,30,112,7,180,15,3,0,0,0,3,1,1,1,1,0.1353352832366127,0.4,0.33333333333333337,0.16666666666666666,0.2787328431076585
3,30,130,9,30,9,4,0,1,0,4,1,1,1,1,1.0,0.6,0.22619047619047616,1.0,0.6313218829967996
4,30,75,6,90,10,1,0,1,1,1,1,1,1,1,0.36787944117144233,0.8,0.5535714285714286,0.3333333333333333,0.6029385628482472
4,60,152,9,150,17,6,1,0,0,5,1,1,1,1,0.1353352832366127,0.8,0.09523809523809523,0.4,0.34617264997279007
3,60,53,7,90,20,2,1,0,0,3,1,1,1,1,0.06392786120670757,0.6,0.6845238095238095,0.6666666666666666,0.4511091636144151
1,60,157,11,120,8,2,0,0,0,4,1,1,1,1,0.4723665527410147,0.2,0.06547619047619047,0.5,0.25968735856684266
2,30,25,6,150,10,4,0,0,0,2,1,1,1,1,0.36787944117144233,0.4,0.8511904761904762,0.2,0.49436574812223427
2,60,75,7,180,19,4,0,0,1,4,1,1,1,1,0.049787068367863944,0.4,0.5535714285714286,0.3333333333333333,0.3971814590212792
5,45,54,7,120,14,4,1,0,0,2,1,1,1,1,0.17377394345044514,1.0,0.6785714285714286,0.375,0.649384385274767
3,90,157,7,120,13,3,1,0,0,2,1,1,1,1,0.22313016014842982,0.6,0.06547619047619047,0.75,0.3312680041475534
4,120,132,6,180,8,4,0,0,1,5,1,1,1,1,0.6065306597126334,0.8,0.2142857142857143,0.6666666666666666,0.5177738327022887
4,180,158,9,180,16,5,0,0,0,4,1,1,1,1,0.17377394345044514,0.8,0.059523809523809534,1.0,0.3632751866452883
5,30,136,10,45,8,2,1,0,0,4,1,1,1,1,0.6065306597126334,1.0,0.19047619047619047,0.6666666666666666,0.5931298370202994
3,90,156,8,150,17,0,1,1,0,0,1,1,1,1,0.10539922456186433,0.6,0.0714285714285714,0.6,0.33224093618611505
2,30,79,8,150,21,4,0,0,1,5,1,1,1,1,0.06392786120670757,0.4,0.5297619047619048,0.2,0.34428724370796326
4,150,150,7,180,20,5,1,1,0,4,1,1,1,1,0.06392786120670757,0.8,0.1071428571428571,0.8333333333333334,0.36191107629416097
2,45,88,6,45,11,6,1,0,0,4,1,1,1,1,0.2865047968601901,0.4,0.47619047619047616,1.0,0.404200320558608
1,45,143,8,150,20,6,0,1,1,5,1,1,1,1,0.049787068367863944,0.2,0.14880952380952384,0.3,0.21370618959905724
2,30,164,6,180,11,2,0,0,0,2,1,1,1,1,0.2865047968601901,0.4,0.023809523809523836,0.16666666666666666,0.2479471488454656
5,30,42,7,120,15,1,1,0,1,4,1,1,1,1,0.1353352832366127,1.0,0.75,0.25,0.6550214940375279
3,45,65,6,120,15,0,0,0,0,5,1,1,1,1,0.10539922456186433,0.6,0.6130952380952381,0.375,0.4602837206555377
5,60,160,7,180,17,6,0,0,0,3,1,1,1,1,0.0820849986238988,1.0,0.04761904761904767,0.3333333333333333,0.39267061337042297
5,90,80,7,90,9,5,1,0,0,2,1,1,1,1,0.6065306597126334,1.0,0.5238095238095238,1.0,0.7046633798994901
3,120,157,6,120,19,4,1,0,1,5,1,1,1,1,0.06392786120670757,0.6,0.06547619047619047,1.0,0.34957142946157294
4,45,142,7,45,8,6,1,0,0,4,1,1,1,1,0.7788007830714049,0.8,0.15476190476190477,1.0,0.5675540902604852
1,180,163,7,180,18,3,1,0,1,5,1,1,1,1,0.06392786120670757,0.2,0.029761904761904767,1.0,0.12450724097021479
5,30,63,7,180,12,3,0,0,0,4,1,1,1,1,0.2865047968601901,1.0,0.625,0.16666666666666666,0.6200007834557236
5,120,167,10,150,12,6,0,0,0,4,1,1,1,1,0.6065306597126334,1.0,0.005952380952380931,0.8,0.5860541014995994
3,150,161,9,180,15,2,1,0,0,5,1,1,1,1,0.22313016014842982,0.6,0.04166666666666663,0.8333333333333334,0.3210988395401787
3,45,115,9,90,7,0,1,0,0,3,1,1,1,1,0.6065306597126334,0.6,0.31547619047619047,0.5,0.5195982120932775
2,45,156,11,150,22,3,0,0,1,3,1,1,1,1,0.06392786120670757,0.4,0.0714285714285714,0.3,0.1913546997183046
4,120,101,8,150,14,6,0,0,0,3,1,1,1,1,0.22313016014842982,0.8,0.39880952380952384,0.8,0.451278572690601
2,30,139,7,120,18,4,1,0,0,4,1,1,1,1,0.06392786120670757,0.4,0.17261904761904767,0.25,0.21244539518941974
1,30,102,6,60,18,5,0,0,0,1,1,1,1,1,0.049787068367863944,0.2,0.3928571428571429,0.5,0.17792790471840317
2,30,98,6,180,8,2,0,1,0,0,1,1,1,1,0.6065306597126334,0.4,0.41666666666666663,0.16666666666666666,0.4545920398139297
4,90,156,6,120,9,4,1,0,1,5,1,1,1,1,0.4723665527410147,0.8,0.0714285714285714,0.75,0.4423457534527814
1,45,124,6,180,13,6,0,1,0,2,1,1,1,1,0.17377394345044514,0.2,0.26190476190476186,0.25,0.27575637840268946
1,30,167,12,180,11,3,0,1,0,5,1,1,1,1,0.7788007830714049,0.2,0.005952380952380931,0.16666666666666666,0.26464380382895436
5,30,106,7,30,19,3,1,0,0,4,1,1,1,1,0.049787068367863944,1.0,0.36904761904761907,1.0,0.5132767829507254
1,45,102,8,150,7,2,1,0,0,0,1,1,1,1,0.7788007830714049,0.2,0.3928571428571429,0.3,0.4029594536912858
1,90,125,9,120,8,1,0,0,0,3,1,1,1,1,0.7788007830714049,0.2,0.25595238095238093,0.75,0.41335641293066944
5,90,155,10,180,10,6,1,0,0,5,1,1,1,1,1.0,1.0,0.07738095238095233,0.5,0.6804478779708918
4,150,89,6,180,15,3,0,0,1,3,1,1,1,1,0.10539922456186433,0.8,0.47023809523809523,0.8333333333333334,0.544330611332407
3,60,163,11,90,19,4,0,0,0,5,1,1,1,1,0.1353352832366127,0.6,0.029761904761904767,0.6666666666666666,0.25208151665447853
4,150,140,7,180,14,1,1,1,1,1,1,1,1,1,0.17377394345044514,0.8,0.16666666666666663,0.8333333333333334,0.4430358087343065
2,60,136,9,60,6,2,1,1,0,3,1,1,1,1,0.4723665527410147,0.4,0.19047619047619047,1.0,0.3897715197083285
5,45,166,12,120,15,2,1,0,0,1,1,1,1,1,0.4723665527410147,1.0,0.011904761904761862,0.375,0.48263152176605495
5,150,90,6,180,11,4,0,0,0,3,1,1,1,1,0.2865047968601901,1.0,0.4642857142857143,0.8333333333333334,0.6098638483821398
1,90,154,9,150,13,1,0,0,0,4,1,1,1,1,0.36787944117144233,0.2,0.08333333333333337,0.6,0.2642616782119911
2,30,121,7,45,20,5,1,1,0,5,1,1,1,1,0.06392786120670757,0.4,0.27976190476190477,0.6666666666666666,0.3092913314498276
5,30,112,7,30,18,3,1,1,0,5,1,1,1,1,0.06392786120670757,1.0,0.33333333333333337,1.0,0.5341486621755567
3,30,141,8,180,20,3,0,1,0,3,1,1,1,1,0.049787068367863944,0.6,0.1607142857142857,0.16666666666666666,0.3249605398129327
5,60,101,7,150,18,4,0,0,0,5,1,1,1,1,0.06392786120670757,1.0,0.39880952380952384,0.4,0.5171622884024973
4,30,70,8,120,9,4,1,1,0,3,1,1,1,1,0.7788007830714049,0.8,0.5833333333333333,0.25,0.6622530739703799
4,150,78,6,180,14,1,1,0,0,4,1,1,1,1,0.1353352832366127,0.8,0.5357142857142857,0.8333333333333334,0.5310702772604783
5,30,71,8,45,22,4,0,1,0,5,1,1,1,1,0.0820849986238988,1.0,0.5773809523809523,0.6666666666666666,0.6391280419722575
2,30,165,7,150,21,3,1,0,1,1,1,1,1,1,0.0820849986238988,0.4,0.017857142857142905,0.2,0.27550472515378455
5,120,149,6,120,13,5,1,0,0,2,1,1,1,1,0.17377394345044514,1.0,0.11309523809523814,1.0,0.44251179160510035
3,30,55,6,30,14,0,1,0,1,3,1,1,1,1,0.1353352832366127,0.6,0.6726190476190477,1.0,0.4936609106266625
3,60,99,7,90,13,6,0,0,0,2,1,1,1,1,0.22313016014842982,0.6,0.4107142857142857,0.6666666666666666,0.3953030547462829
3,30,121,10,30,11,0,1,0,0,4,1,1,1,1,0.7788007830714049,0.6,0.27976190476190477,1.0,0.5820977464595821
2,45,141,11,150,18,5,1,1,0,4,1,1,1,1,0.17377394345044514,0.4,0.1607142857142857,0.3,0.267007217864087
1,60,89,8,120,10,2,0,0,0,3,1,1,1,1,0.6065306597126334,0.2,0.47023809523809523,0.5,0.41280301387654106
2,90,145,6,120,15,0,1,0,1,3,1,1,1,1,0.10539922456186433,0.4,0.13690476190476186,0.75,0.2855797756383209
3,30,122,8,180,19,0,0,0,0,3,1,1,1,1,0.06392786120670757,0.6,0.27380952380952384,0.16666666666666666,0.3522235197112732
4,90,121,7,120,10,2,0,0,0,5,1,1,1,1,0.4723665527410147,0.8,0.27976190476190477,0.75,0.5059902302829135
5,30,153,8,180,19,3,1,1,0,3,1,1,1,1,0.06392786120670757,1.0,0.0892857142857143,0.16666666666666666,0.4086018431127455
3,60,84,6,120,9,1,1,0,1,5,1,1,1,1,0.4723665527410147,0.6,0.5,0.5,0.4899523771845201
2,30,141,10,45,21,4,0,0,0,4,1,1,1,1,0.06392786120670757,0.4,0.1607142857142857,0.6666666666666666,0.20309362205089415
3,45,151,11,45,8,4,0,0,1,5,1,1,1,1,0.4723665527410147,0.6,0.10119047619047616,1.0,0.4261633958802466
2,60,145,7,120,17,1,0,0,1,2,1,1,1,1,0.0820849986238988,0.4,0.13690476190476186,0.5,0.2676869362456891
4,90,163,7,90,19,6,1,0,0,3,1,1,1,1,0.049787068367863944,0.8,0.029761904761904767,1.0,0.36870501996011806
5,180,131,6,180,18,2,1,0,0,3,1,1,1,1,0.049787068367863944,1.0,0.22023809523809523,1.0,0.5288424347932783
3,180,165,6,180,13,5,0,0,0,0,1,1,1,1,0.17377394345044514,0.6,0.017857142857142905,1.0,0.292241832604027
5,45,112,8,180,9,2,1,0,0,1,1,1,1,1,0.7788007830714049,1.0,0.33333333333333337,0.25,0.6388736916741588
4,45,94,7,90,19,4,0,0,1,3,1,1,1,1,0.049787068367863944,0.8,0.44047619047619047,0.5,0.4610519973950857
5,45,97,9,90,9,0,0,0,0,1,1,1,1,1,1.0,1.0,0.42261904761904767,0.5,0.7975953916102821
2,60,149,7,180,17,0,1,0,1,5,1,1,1,1,0.0820849986238988,0.4,0.11309523809523814,0.3333333333333333,0.257255743414798
3,90,75,6,180,9,1,1,0,0,4,1,1,1,1,0.4723665527410147,0.6,0.5535714285714286,0.5,0.5002371469030913
5,45,160,10,120,8,2,1,0,0,3,1,1,1,1,0.6065306597126334,1.0,0.04761904761904767,0.375,0.4833645790841787
4,60,124,6,180,7,3,0,0,1,5,1,1,1,1,0.7788007830714049,0.8,0.26190476190476186,0.3333333333333333,0.6207055512130435
5,45,157,7,45,10,6,0,0,0,5,1,1,1,1,0.4723665527410147,1.0,0.06547619047619047,1.0,0.5433463561759135
3,45,143,9,60,16,6,0,0,0,1,1,1,1,1,0.17377394345044514,0.6,0.14880952380952384,0.75,0.409703473819721
2,120,98,7,180,21,3,1,0,0,5,1,1,1,1,0.0820849986238988,0.4,0.41666666666666663,0.6666666666666666,0.3233402216453065
3,30,108,8,180,13,1,1,0,0,4,1,1,1,1,0.2865047968601901,0.6,0.3571428571428571,0.16666666666666666,0.39630447836332316
2,60,87,6,120,16,3,0,1,1,1,1,1,1,1,0.0820849986238988,0.4,0.4821428571428571,0.5,0.3925663896216372
5,150,139,8,180,13,5,0,0,0,5,1,1,1,1,0.2865047968601901,1.0,0.17261904761904767,0.8333333333333334,0.47440319730795394
3,120,120,8,180,20,4,0,0,1,0,1,1,1,1,0.049787068367863944,0.6,0.2857142857142857,0.6666666666666666,0.35963986518761687
1,45,132,8,45,10,6,1,0,0,1,1,1,1,1,0.6065306597126334,0.2,0.2142857142857143,1.0,0.3775068778225062
1,45,100,9,180,9,6,0,0,1,1,1,1,1,1,1.0,0.2,0.40476190476190477,0.25,0.45477416202176896
3,30,129,7,120,16,1,0,0,1,2,1,1,1,1,0.10539922456186433,0.6,0.2321428571428571,0.25,0.33395149930781703
2,30,108,8,90,14,6,1,0,1,4,1,1,1,1,0.22313016014842982,0.4,0.3571428571428571,0.3333333333333333,0.3476323477032968
2,90,136,10,180,15,2,1,0,1,5,1,1,1,1,0.2865047968601901,0.4,0.19047619047619047,0.5,0.3562159572358585
3,30,125,9,150,21,6,0,0,1,4,1,1,1,1,0.049787068367863944,0.6,0.25595238095238093,0.2,0.3252936044746498
1,150,75,6,150,13,5,0,0,0,4,1,1,1,1,0.17377394345044514,0.2,0.5535714285714286,1.0,0.3299919010275943
4,60,91,8,150,21,6,0,0,0,1,1,1,1,1,0.06392786120670757,0.8,0.45833333333333337,0.4,0.4621198321447695
1,30,124,7,180,8,3,0,0,0,5,1,1,1,1,0.7788007830714049,0.2,0.26190476190476186,0.16666666666666666,0.3384843855111139
3,60,38,6,90,17,0,0,0,1,2,1,1,1,1,0.06392786120670757,0.6,0.7738095238095238,0.6666666666666666,0.5219672239283469
2,30,134,10,45,6,0,1,0,1,4,1,1,1,1,0.36787944117144233,0.4,0.20238095238095233,0.6666666666666666,0.30919704269657844
2,30,131,9,30,8,1,0,0,0,4,1,1,1,1,0.7788007830714049,0.4,0.22023809523809523,1.0,0.44713940325790713
3,90,127,7,150,6,3,1,1,0,4,1,1,1,1,0.7788007830714049,0.6,0.24404761904761907,0.6,0.5706966698417587
2,150,168,10,150,21,4,1,0,0,2,1,1,1,1,0.06392786120670757,0.4,0.0,1.0,0.22838415428531592
1,30,103,8,60,20,0,1,1,0,5,1,1,1,1,0.049787068367863944,0.2,0.38690476190476186,0.5,0.2699834990791947
2,45,158,10,60,14,6,0,1,1,2,1,1,1,1,0.36787944117144233,0.4,0.059523809523809534,0.75,0.4085239396227783
2,90,143,9,90,12,1,1,0,1,0,1,1,1,1,0.4723665527410147,0.4,0.14880952380952384,1.0,0.3806585798145096
4,30,162,12,150,14,6,0,0,0,2,1,1,1,1,0.6065306597126334,0.8,0.0357142857142857,0.2,0.4241011499220509
1,60,102,7,180,6,2,1,0,0,2,1,1,1,1,0.7788007830714049,0.2,0.3928571428571429,0.3333333333333333,0.37123488922173375
3,60,158,11,60,18,1,0,0,0,2,1,1,1,1,0.17377394345044514,0.6,0.059523809523809534,1.0,0.33057420569888757
4,60,99,7,150,18,0,0,0,0,0,1,1,1,1,0.06392786120670757,0.8,0.4107142857142857,0.4,0.4379862914801402
5,45,127,10,45,18,0,1,0,0,5,1,1,1,1,0.1353352832366127,1.0,0.24404761904761907,1.0,0.4973822291982593
3,30,76,7,90,9,4,0,0,0,4,1,1,1,1,0.6065306597126334,0.6,0.5476190476190477,0.3333333333333333,0.5617685627383591
2,30,163,11,45,17,0,1,0,0,5,1,1,1,1,0.22313016014842982,0.4,0.029761904761904767,0.6666666666666666,0.3008958524604001
2,45,158,6,60,19,6,0,1,0,1,1,1,1,1,0.06392786120670757,0.4,0.059523809523809534,0.75,0.2567007582539238
5,60,149,11,60,9,0,0,0,0,4,1,1,1,1,0.6065306597126334,1.0,0.11309523809523814,1.0,0.5693269872936809
4,120,162,8,180,12,0,0,1,1,2,1,1,1,1,0.36787944117144233,0.8,0.0357142857142857,0.6666666666666666,0.4499512836181819
3,30,42,7,90,8,1,0,0,0,1,1,1,1,1,0.7788007830714049,0.6,0.75,0.3333333333333333,0.6309667809818569
3,45,110,9,90,19,5,0,0,0,1,1,1,1,1,0.0820849986238988,0.6,0.34523809523809523,0.5,0.33975013640440405
3,90,95,7,180,15,6,1,0,0,4,1,1,1,1,0.1353352832366127,0.6,0.43452380952380953,0.5,0.3837426083407059
1,90,102,6,90,9,3,0,0,0,3,1,1,1,1,0.4723665527410147,0.2,0.3928571428571429,1.0,0.3298714949552149
1,30,108,6,180,15,6,0,0,1,4,1,1,1,1,0.10539922456186433,0.2,0.3571428571428571,0.16666666666666666,0.22055841949241056
1,90,157,10,90,16,4,0,0,1,2,1,1,1,1,0.22313016014842982,0.2,0.06547619047619047,1.0,0.1650845374116659
4,45,100,9,120,8,6,1,0,1,1,1,1,1,1,0.7788007830714049,0.8,0.40476190476190477,0.375,0.5978673611957489
5,45,132,10,45,8,5,0,1,1,4,1,1,1,1,0.6065306597126334,1.0,0.2142857142857143,1.0,0.6438149823120547
2,30,52,7,120,22,5,1,0,0,4,1,1,1,1,0.10539922456186433,0.4,0.6904761904761905,0.25,0.41546223306350955
3,30,122,8,30,18,6,0,0,1,2,1,1,1,1,0.0820849986238988,0.6,0.27380952380952384,1.0,0.4399957263177494
1,150,68,6,180,14,1,1,0,0,1,1,1,1,1,0.1353352832366127,0.2,0.5952380952380952,0.8333333333333334,0.32733181278802426
2,120,89,6,150,15,5,0,0,0,1,1,1,1,1,0.10539922456186433,0.4,0.47023809523809523,0.8,0.3502587444306682
1,90,112,8,180,13,6,1,0,0,2,1,1,1,1,0.2865047968601901,0.2,0.33333333333333337,0.5,0.2818713629518045
4,60,28,6,90,21,4,1,0,0,4,1,1,1,1,0.10539922456186433,0.8,0.8333333333333334,0.6666666666666666,0.6083049538842008
5,45,124,9,60,8,2,1,0,0,4,1,1,1,1,0.7788007830714049,1.0,0.26190476190476186,0.75,0.6916094244493001
3,30,51,6,45,6,3,0,0,1,4,1,1,1,1,1.0,0.6,0.6964285714285714,0.6666666666666666,0.7509723467783753
2,45,79,6,90,15,0,1,0,1,0,1,1,1,1,0.10539922456186433,0.4,0.5297619047619048,0.5,0.38626679866033603
2,60,114,6,120,15,6,0,0,0,0,1,1,1,1,0.10539922456186433,0.4,0.3214285714285714,0.5,0.3082562951529315
3,30,104,7,90,16,6,0,0,1,1,1,1,1,1,0.10539922456186433,0.6,0.38095238095238093,0.3333333333333333,0.42222549755544975
4,60,133,8,120,17,4,1,0,0,1,1,1,1,1,0.10539922456186433,0.8,0.20833333333333337,0.5,0.4070836686672348
2,45,168,10,180,13,3,1,0,0,1,1,1,1,1,0.4723665527410147,0.4,0.0,0.25,0.22568190200659166
2,45,134,6,120,21,3,0,0,0,2,1,1,1,1,0.10539922456186433,0.4,0.20238095238095233,0.375,0.19273991660499906
2,60,165,9,180,10,5,1,0,1,1,1,1,1,1,0.7788007830714049,0.4,0.017857142857142905,0.3333333333333333,0.3416868402956569
3,30,88,9,30,22,3,1,0,1,4,1,1,1,1,0.06392786120670757,0.6,0.47619047619047616,1.0,0.43667419254361506
3,90,64,6,120,13,3,0,0,1,1,1,1,1,1,0.17377394345044514,0.6,0.6190476190476191,0.75,0.4632409690962728
2,45,104,9,180,16,0,1,0,0,5,1,1,1,1,0.17377394345044514,0.4,0.38095238095238093,0.25,0.31884568430149957
1,90,161,6,120,7,1,0,0,1,3,1,1,1,1,0.7788007830714049,0.2,0.04166666666666663,0.75,0.34156931844914334
3,30,138,10,180,12,6,0,0,1,4,1,1,1,1,0.6065306597126334,0.6,0.1785714285714286,0.16666666666666666,0.484327889809189
5,30,155,7,45,7,4,1,0,0,0,1,1,1,1,1.0,1.0,0.07738095238095233,0.6666666666666666,0.6719382355908903
1,150,128,7,150,7,4,1,0,1,3,1,1,1,1,1.0,0.2,0.23809523809523814,1.0,0.5087565015815034
1,45,137,8,180,19,1,1,0,1,3,1,1,1,1,0.06392786120670757,0.2,0.18452380952380953,0.25,0.15511964721206145
4,30,47,6,45,21,3,1,1,1,5,1,1,1,1,0.10539922456186433,0.8,0.7202380952380952,0.6666666666666666,0.6238267217937704
1,30,124,7,180,19,1,0,0,1,2,1,1,1,1,0.049787068367863944,0.2,0.26190476190476186,0.16666666666666666,0.15274486500044546
1,45,127,7,90,11,0,1,1,1,5,1,1,1,1,0.36787944117144233,0.2,0.24404761904761907,0.5,0.3090267400284485
4,90,124,6,90,8,2,1,1,0,5,1,1,1,1,0.6065306597126334,0.8,0.26190476190476186,1.0,0.5548743519107192
2,30,29,6,45,6,1,1,1,0,2,1,1,1,1,1.0,0.4,0.8273809523809523,0.6666666666666666,0.6619975138925691
2,30,125,10,60,6,1,0,0,1,3,1,1,1,1,0.36787944117144233,0.4,0.25595238095238093,0.5,0.34377520745758267
1,45,140,11,90,11,1,0,1,0,3,1,1,1,1,1.0,0.2,0.16666666666666663,0.5,0.45602696635245815
4,120,115,8,120,7,3,0,1,0,2,1,1,1,1,0.7788007830714049,0.8,0.31547619047619047,1.0,0.6259063932304786
5,30,57,6,120,16,3,1,0,0,3,1,1,1,1,0.0820849986238988,1.0,0.6607142857142857,0.25,0.5739573244302638
5,30,128,10,60,22,1,1,0,1,0,1,1,1,1,0.049787068367863944,1.0,0.23809523809523814,0.5,0.44698071013240015
1,30,100,8,45,7,0,1,0,0,2,1,1,1,1,0.7788007830714049,0.2,0.40476190476190477,0.6666666666666666,0.4013393307946291
4,30,156,12,150,11,6,0,0,0,4,1,1,1,1,0.7788007830714049,0.8,0.0714285714285714,0.2,0.4798625496318457
2,30,13,6,30,12,1,0,1,0,2,1,1,1,1,0.22313016014842982,0.4,0.9226190476190477,1.0,0.5002869353199983
5,45,33,6,90,9,6,0,0,0,2,1,1,1,1,0.4723665527410147,1.0,0.8035714285714286,0.5,0.6837681330717288
4,90,163,6,120,11,3,0,1,1,3,1,1,1,1,0.2865047968601901,0.8,0.029761904761904767,0.75,0.4652703500022203
2,30,119,8,150,15,2,0,1,1,0,1,1,1,1,0.17377394345044514,0.4,0.29166666666666663,0.2,0.3624057828806276
1,120,166,9,120,16,1,0,0,0,0,1,1,1,1,0.17377394345044514,0.2,0.011904761904761862,1.0,0.18596234178485377
1,30,147,11,180,8,6,1,0,0,4,1,1,1,1,0.4723665527410147,0.2,0.125,0.16666666666666666,0.22714590045993668
4,60,128,8,120,9,2,0,1,1,4,1,1,1,1,0.7788007830714049,0.8,0.23809523809523814,0.5,0.5923746284835618
1,30,132,10,90,22,3,0,0,1,5,1,1,1,1,0.049787068367863944,0.2,0.2142857142857143,0.3333333333333333,0.16423464752839004
2,60,103,9,60,21,0,0,1,1,4,1,1,1,1,0.049787068367863944,0.4,0.38690476190476186,1.0,0.39776540151142803
1,30,111,9,30,22,3,0,0,0,0,1,1,1,1,0.06392786120670757,0.2,0.3392857142857143,1.0,0.25943549416394135
5,45,140,9,120,10,1,0,1,1,0,1,1,1,1,0.7788007830714049,1.0,0.16666666666666663,0.375,0.6853870117730735
3,45,147,10,180,13,0,1,0,1,1,1,1,1,1,0.4723665527410147,0.6,0.125,0.25,0.419205194634663
3,45,118,10,45,19,3,1,1,1,5,1,1,1,1,0.10539922456186433,0.6,0.29761904761904767,1.0,0.38779764705133934
1,30,118,6,30,13,5,1,0,1,3,1,1,1,1,0.17377394345044514,0.2,0.29761904761904767,1.0,0.2774083256732403
4,45,77,8,180,21,6,0,1,1,2,1,1,1,1,0.06392786120670757,0.8,0.5416666666666667,0.25,0.5139645561122548
5,45,106,7,60,12,6,0,1,0,3,1,1,1,1,0.2865047968601901,1.0,0.36904761904761907,0.75,0.6090724596681387
4,30,71,8,90,10,5,1,1,0,0,1,1,1,1,0.6065306597126334,0.8,0.5773809523809523,0.3333333333333333,0.6755305414031981
4,60,85,8,150,15,0,0,0,1,2,1,1,1,1,0.17377394345044514,0.8,0.49404761904761907,0.4,0.5172752810819335
1,150,92,7,180,22,0,1,1,1,4,1,1,1,1,0.10539922456186433,0.2,0.45238095238095233,0.8333333333333334,0.27726954739073745
2,120,123,9,120,18,0,1,0,0,4,1,1,1,1,0.10539922456186433,0.4,0.2678571428571429,1.0,0.30158422474497376
3,120,98,6,180,14,5,0,0,0,4,1,1,1,1,0.1353352832366127,0.6,0.41666666666666663,0.6666666666666666,0.40744335642998525
4,90,109,9,120,8,0,1,0,1,2,1,1,1,1,0.7788007830714049,0.8,0.35119047619047616,0.75,0.6456951537919877
4,45,105,7,45,9,3,1,0,1,4,1,1,1,1,0.6065306597126334,0.8,0.375,1.0,0.5825766949194169
3,45,130,7,60,17,6,0,1,0,4,1,1,1,1,0.0820849986238988,0.6,0.22619047619047616,0.75,0.3635376334880564
4,150,136,9,180,18,6,1,0,0,1,1,1,1,1,0.10539922456186433,0.8,0.19047619047619047,0.8333333333333334,0.4236951438717252
2,30,146,10,60,6,3,0,0,0,2,1,1,1,1,0.36787944117144233,0.4,0.13095238095238093,0.5,0.28584315088049767
1,45,144,6,90,19,5,0,1,1,3,1,1,1,1,0.06392786120670757,0.2,0.1428571428571429,0.5,0.22204151861514376
1,45,155,11,180,21,1,0,0,1,5,1,1,1,1,0.0820849986238988,0.2,0.07738095238095233,0.25,0.18588682688690952
5,120,106,8,180,9,4,0,1,1,3,1,1,1,1,0.7788007830714049,1.0,0.36904761904761907,0.6666666666666666,0.731081759430864
4,90,58,6,90,15,4,1,0,1,0,1,1,1,1,0.10539922456186433,0.8,0.6547619047619048,1.0,0.5695043422691499
2,45,150,7,180,8,4,0,0,0,3,1,1,1,1,0.7788007830714049,0.4,0.1071428571428571,0.25,0.39960968035037425
3,30,129,7,90,15,6,1,0,0,3,1,1,1,1,0.1353352832366127,0.6,0.2321428571428571,0.3333333333333333,0.3355090593404722
3,90,158,7,120,19,2,1,0,0,4,1,1,1,1,0.049787068367863944,0.6,0.059523809523809534,0.75,0.2962946762029517
4,30,25,6,150,9,2,0,0,0,2,1,1,1,1,0.4723665527410147,0.8,0.8511904761904762,0.2,0.6378014264452845
5,120,160,9,120,16,6,0,0,0,1,1,1,1,1,0.17377394345044514,1.0,0.04761904761904767,1.0,0.47052119409888893
1,60,128,10,180,14,1,0,0,0,1,1,1,1,1,0.36787944117144233,0.2,0.23809523809523814,0.3333333333333333,0.2643281536881526
2,120,168,10,120,11,0,1,0,1,4,1,1,1,1,0.7788007830714049,0.4,0.0,1.0,0.45507146264994075
4,90,56,6,120,19,1,0,0,1,1,1,1,1,1,0.06392786120670757,0.8,0.6666666666666667,0.75,0.5811277092273195
2,90,118,7,120,19,0,0,0,1,4,1,1,1,1,0.049787068367863944,0.4,0.29761904761904767,0.75,0.35519579396569273
2,30,132,6,60,21,1,1,0,0,2,1,1,1,1,0.10539922456186433,0.4,0.2142857142857143,0.5,0.23292986254599068
4,30,67,7,180,15,0,0,0,0,1,1,1,1,1,0.1353352832366127,0.8,0.6011904761904762,0.16666666666666666,0.4540595598406851
4,45,70,7,60,22,4,0,0,0,2,1,1,1,1,0.10539922456186433,0.8,0.5833333333333333,0.75,0.4939978503809187
5,90,133,8,180,16,1,1,1,0,5,1,1,1,1,0.1353352832366127,1.0,0.20833333333333337,0.5,0.5356439524078862
5,30,39,7,150,10,1,1,1,0,0,1,1,1,1,0.4723665527410147,1.0,0.7678571428571428,0.2,0.7414893359415089
5,45,144,10,120,13,2,0,0,1,3,1,1,1,1,0.4723665527410147,1.0,0.1428571428571429,0.375,0.5656831206255339
4,60,32,6,60,14,2,1,0,0,4,1,1,1,1,0.1353352832366127,0.8,0.8095238095238095,1.0,0.5797235488598314
3,60,123,6,120,6,1,1,0,1,3,1,1,1,1,1.0,0.6,0.2678571428571429,0.5,0.5835895861372691
1,120,92,6,150,8,5,1,0,1,0,1,1,1,1,0.6065306597126334,0.2,0.45238095238095233,0.8,0.47342326387785316
3,45,143,11,90,11,4,0,0,0,0,1,1,1,1,1.0,0.6,0.14880952380952384,0.5,0.5584765499457003
3,30,151,10,150,15,5,0,1,0,2,1,1,1,1,0.2865047968601901,0.6,0.10119047619047616,0.2,0.28748263920346634
2,45,149,6,90,6,1,1,1,0,1,1,1,1,1,1.0,0.4,0.11309523809523814,0.5,0.5044586420825967
3,150,149,9,150,14,2,1,0,0,2,1,1,1,1,0.2865047968601901,0.6,0.11309523809523814,1.0,0.3345914746253744
3,60,131,9,150,19,5,0,0,0,2,1,1,1,1,0.0820849986238988,0.6,0.22023809523809523,0.4,0.30475809023394723
5,120,119,7,150,21,1,1,0,1,0,1,1,1,1,0.0820849986238988,1.0,0.29166666666666663,0.8,0.5216122599041428
4,60,122,10,180,17,1,0,0,0,4,1,1,1,1,0.17377394345044514,0.8,0.27380952380952384,0.3333333333333333,0.442764267262363
5,120,120,8,180,21,3,0,0,1,3,1,1,1,1,0.06392786120670757,1.0,0.2857142857142857,0.6666666666666666,0.5118788162316894
2,30,113,7,90,13,1,0,0,1,5,1,1,1,1,0.22313016014842982,0.4,0.32738095238095233,0.3333333333333333,0.3357472225687381
1,45,109,7,150,22,5,0,0,1,2,1,1,1,1,0.10539922456186433,0.2,0.35119047619047616,0.3,0.26228543388364456
2,90,129,8,180,21,5,0,0,1,1,1,1,1,1,0.06392786120670757,0.4,0.2321428571428571,0.5,0.2666641290557978
5,90,94,8,180,16,5,1,0,0,1,1,1,1,1,0.1353352832366127,1.0,0.44047619047619047,0.5,0.48201174665263447
5,45,148,10,150,15,5,0,0,0,2,1,1,1,1,0.2865047968601901,1.0,0.11904761904761907,0.3,0.4414770154572089
2,60,133,8,180,12,6,1,0,0,3,1,1,1,1,0.36787944117144233,0.4,0.20833333333333337,0.3333333333333333,0.3536802270892514
2,120,85,6,180,13,0,1,0,0,4,1,1,1,1,0.17377394345044514,0.4,0.49404761904761907,0.6666666666666666,0.34625968780531036
1,45,154,6,120,11,2,1,0,0,2,1,1,1,1,0.2865047968601901,0.2,0.08333333333333337,0.375,0.19467367876091993
3,45,151,11,60,7,5,1,0,1,3,1,1,1,1,0.36787944117144233,0.6,0.10119047619047616,0.75,0.3685041494384802
1,180,131,7,180,6,5,1,1,0,5,1,1,1,1,0.7788007830714049,0.2,0.22023809523809523,1.0,0.4154479498010427
1,90,45,6,150,12,2,0,1,0,3,1,1,1,1,0.22313016014842982,0.2,0.7321428571428572,0.6,0.34437817584450886
2,45,123,7,60,13,4,1,0,0,2,1,1,1,1,0.22313016014842982,0.4,0.2678571428571429,0.75,0.2493764290257383
1,30,50,6,60,9,6,0,0,0,3,1,1,1,1,0.4723665527410147,0.2,0.7023809523809523,0.5,0.4560062986940993
2,120,76,7,120,8,2,0,0,0,5,1,1,1,1,0.7788007830714049,0.4,0.5476190476190477,1.0,0.566362210539461
2,45,163,12,60,7,6,1,0,1,0,1,1,1,1,0.2865047968601901,0.4,0.029761904761904767,0.75,0.28956944645517024
3,30,15,6,180,16,6,1,0,1,1,1,1,1,1,0.0820849986238988,0.6,0.9107142857142857,0.16666666666666666,0.5373736518661386
1,30,128,6,90,9,6,1,0,1,0,1,1,1,1,0.4723665527410147,0.2,0.23809523809523814,0.3333333333333333,0.31236237468405753
2,45,121,7,150,20,2,0,0,0,0,1,1,1,1,0.06392786120670757,0.4,0.27976190476190477,0.3,0.24772631373002107
3,60,87,7,180,20,3,0,0,1,2,1,1,1,1,0.06392786120670757,0.6,0.4821428571428571,0.3333333333333333,0.38703670372566096
1,60,136,8,180,20,5,1,1,0,1,1,1,1,1,0.049787068367863944,0.2,0.19047619047619047,0.3333333333333333,0.20771172842796015
2,150,164,6,150,16,0,0,0,0,1,1,1,1,1,0.0820849986238988,0.4,0.023809523809523836,1.0,0.25355388305390825
1,30,164,12,60,7,0,0,0,1,1,1,1,1,1,0.2865047968601901,0.2,0.023809523809523836,0.5,0.1907492926078944
1,120,149,7,180,14,5,0,1,0,1,1,1,1,1,0.17377394345044514,0.2,0.11309523809523814,0.6666666666666666,0.1809249122226443
3,30,166,11,120,18,1,0,0,0,2,1,1,1,1,0.17377394345044514,0.6,0.011904761904761862,0.25,0.3009972444670065
3,120,152,10,150,19,0,0,0,0,2,1,1,1,1,0.10539922456186433,0.6,0.09523809523809523,0.8,0.290950798396787
3,120,100,8,120,7,5,0,0,0,3,1,1,1,1,0.7788007830714049,0.6,0.40476190476190477,1.0,0.5520830955050239
4,30,138,10,180,14,0,0,0,0,2,1,1,1,1,0.36787944117144233,0.8,0.1785714285714286,0.16666666666666666,0.4381798619466946
4,45,96,8,120,7,4,1,1,1,1,1,1,1,1,0.7788007830714049,0.8,0.4285714285714286,0.375,0.6813715884353723
3,60,103,6,90,16,6,0,0,0,4,1,1,1,1,0.0820849986238988,0.6,0.38690476190476186,0.6666666666666666,0.3606863840152958
2,30,58,6,90,6,0,1,0,0,2,1,1,1,1,1.0,0.4,0.6547619047619048,0.3333333333333333,0.5985573831010336
2,45,80,8,150,19,4,1,0,0,0,1,1,1,1,0.06392786120670757,0.4,0.5238095238095238,0.3,0.37344406873151936
5,60,105,8,180,9,5,1,0,1,0,1,1,1,1,0.7788007830714049,1.0,0.375,0.3333333333333333,0.700272381866121
3,60,147,11,180,19,3,1,0,0,1,1,1,1,1,0.1353352832366127,0.6,0.125,0.3333333333333333,0.32008588267830684
4,45,120,6,180,13,4,0,0,1,5,1,1,1,1,0.17377394345044514,0.8,0.2857142857142857,0.25,0.41907017354991305
1,120,150,6,180,6,0,0,0,0,3,1,1,1,1,1.0,0.2,0.1071428571428571,0.6666666666666666,0.4135826375234731
5,60,122,10,90,21,0,0,0,1,2,1,1,1,1,0.06392786120670757,1.0,0.27380952380952384,0.6666666666666666,0.5067058594846653
4,60,156,10,180,18,6,0,0,1,5,1,1,1,1,0.1353352832366127,0.8,0.0714285714285714,0.3333333333333333,0.39543372142744293
3,30,75,6,180,17,4,1,1,0,3,1,1,1,1,0.06392786120670757,0.6,0.5535714285714286,0.16666666666666666,0.434790465480816
5,120,131,7,120,8,2,1,0,1,2,1,1,1,1,0.7788007830714049,1.0,0.22023809523809523,1.0,0.6984150774049307
2,45,130,10,180,8,1,1,1,0,4,1,1,1,1,0.6065306597126334,0.4,0.22619047619047616,0.25,0.37290393728361365
2,120,86,6,120,8,6,0,0,0,3,1,1,1,1,0.6065306597126334,0.4,0.48809523809523814,1.0,0.49093404041843
2,90,43,6,90,12,6,1,0,1,4,1,1,1,1,0.22313016014842982,0.4,0.7440476190476191,1.0,0.539732795271078
4,30,124,9,150,12,0,1,0,1,1,1,1,1,1,0.4723665527410147,0.8,0.26190476190476186,0.2,0.4812023979598417
2,45,93,9,120,20,1,1,0,0,4,1,1,1,1,0.06392786120670757,0.4,0.4464285714285714,0.375,0.2767776936375084
2,60,120,8,150,9,3,0,0,0,0,1,1,1,1,0.7788007830714049,0.4,0.2857142857142857,0.4,0.45036457573908856
4,120,95,7,180,13,3,0,0,1,4,1,1,1,1,0.22313016014842982,0.8,0.43452380952380953,0.6666666666666666,0.561722765775647
1,30,122,9,180,17,4,1,0,0,2,1,1,1,1,0.1353352832366127,0.2,0.27380952380952384,0.16666666666666666,0.18966585363131183
5,60,135,9,150,6,5,1,0,0,2,1,1,1,1,0.4723665527410147,1.0,0.1964285714285714,0.4,0.5416639065969083
3,60,106,9,120,20,1,0,1,0,1,1,1,1,1,0.06392786120670757,0.6,0.36904761904761907,0.5,0.38273117517783056
1,45,90,9,120,13,1,1,0,1,1,1,1,1,1,0.36787944117144233,0.2,0.4642857142857143,0.375,0.40651534054048166
4,30,139,11,180,18,6,0,0,0,0,1,1,1,1,0.17377394345044514,0.8,0.17261904761904767,0.16666666666666666,0.35312110859156876
3,120,74,6,180,17,1,0,0,1,5,1,1,1,1,0.06392786120670757,0.6,0.5595238095238095,0.6666666666666666,0.46424738637644447
3,30,126,8,180,11,2,0,0,0,1,1,1,1,1,0.4723665527410147,0.6,0.25,0.16666666666666666,0.3728010237987974
3,30,58,7,120,20,1,1,0,0,1,1,1,1,1,0.06392786120670757,0.6,0.6547619047619048,0.25,0.40125800589419136
4,45,164,10,120,15,4,0,0,0,2,1,1,1,1,0.2865047968601901,0.8,0.023809523809523836,0.375,0.3551574029015727
1,90,69,6,90,13,0,0,0,1,0,1,1,1,1,0.17377394345044514,0.2,0.5892857142857143,1.0,0.4212887732201628
4,120,100,7,150,7,1,0,0,0,1,1,1,1,1,1.0,0.8,0.40476190476190477,0.8,0.6621374542166978
3,120,139,7,120,13,3,1,0,0,0,1,1,1,1,0.22313016014842982,0.6,0.17261904761904767,1.0,0.33709396301865996
4,90,136,7,150,14,4,0,0,0,3,1,1,1,1,0.17377394345044514,0.8,0.19047619047619047,0.6,0.375956956326038
1,30,166,10,180,11,6,0,0,0,2,1,1,1,1,0.7788007830714049,0.2,0.011904761904761862,0.16666666666666666,0.3590609122524379
1,30,106,9,90,17,4,1,0,0,4,1,1,1,1,0.1353352832366127,0.2,0.36904761904761907,0.3333333333333333,0.2389659754657563
5,45,97,8,90,6,2,1,1,0,2,1,1,1,1,0.6065306597126334,1.0,0.42261904761904767,0.5,0.6768050809177159
2,30,85,7,45,14,1,0,0,1,4,1,1,1,1,0.17377394345044514,0.4,0.49404761904761907,0.6666666666666666,0.4396026650153235
3,45,72,6,150,7,4,1,1,0,5,1,1,1,1,0.7788007830714049,0.6,0.5714285714285714,0.3,0.6160210675999829
3,60,56,6,90,21,1,0,0,0,2,1,1,1,1,0.10539922456186433,0.6,0.6666666666666667,0.6666666666666666,0.47002029302226733
5,45,142,6,60,12,2,1,0,1,5,1,1,1,1,0.22313016014842982,1.0,0.15476190476190477,0.75,0.51898556798076
3,30,145,11,150,15,3,0,0,1,2,1,1,1,1,0.36787944117144233,0.6,0.13690476190476186,0.2,0.3771516690662557
3,90,137,8,150,6,1,1,0,0,2,1,1,1,1,0.6065306597126334,0.6,0.18452380952380953,0.6,0.47345950529937636
3,30,75,8,120,19,6,1,0,0,1,1,1,1,1,0.06392786120670757,0.6,0.5535714285714286,0.25,0.43706833959041425
3,60,85,7,180,8,0,0,0,0,0,1,1,1,1,0.7788007830714049,0.6,0.49404761904761907,0.3333333333333333,0.5890765345553297
5,60,80,6,150,18,1,0,0,1,5,1,1,1,1,0.049787068367863944,1.0,0.5238095238095238,0.4,0.5911601455935369
2,60,146,6,90,21,4,0,0,0,5,1,1,1,1,0.10539922456186433,0.4,0.13095238095238093,0.6666666666666666,0.27387597564688015
5,90,87,7,120,14,1,1,1,1,5,1,1,1,1,0.17377394345044514,1.0,0.4821428571428571,0.75,0.6251272088308258
4,150,157,7,180,22,4,1,0,1,0,1,1,1,1,0.10539922456186433,0.8,0.06547619047619047,0.8333333333333334,0.32609300846702494
4,60,151,9,150,18,5,0,1,1,3,1,1,1,1,0.10539922456186433,0.8,0.10119047619047616,0.4,0.4444601767875539
2,30,137,8,150,13,2,1,0,0,5,1,1,1,1,0.2865047968601901,0.4,0.18452380952380953,0.2,0.26229026383176085
4,30,81,7,120,8,5,1,1,0,5,1,1,1,1,0.7788007830714049,0.8,0.5178571428571428,0.25,0.595537355201789
4,45,136,7,60,13,3,0,0,0,0,1,1,1,1,0.22313016014842982,0.8,0.19047619047619047,0.75,0.4521766450376292
4,45,148,11,120,19,2,0,0,1,5,1,1,1,1,0.1353352832366127,0.8,0.11904761904761907,0.375,0.3837152080674714
2,60,135,8,60,22,3,1,0,0,3,1,1,1,1,0.0820849986238988,0.4,0.1964285714285714,1.0,0.24049036919705652
5,60,159,8,150,7,5,1,0,0,5,1,1,1,1,0.7788007830714049,1.0,0.0535714285714286,0.4,0.550704041121072
3,45,104,9,90,19,1,1,0,1,3,1,1,1,1,0.0820849986238988,0.6,0.38095238095238093,0.5,0.3784651580102588
5,120,167,6,180,10,0,0,0,1,3,1,1,1,1,0.36787944117144233,1.0,0.005952380952380931,0.6666666666666666,0.5035829910761793
1,45,53,6,45,16,5,0,0,1,0,1,1,1,1,0.0820849986238988,0.2,0.6845238095238095,1.0,0.36004623118206236
1,45,158,7,150,22,1,1,0,0,0,1,1,1,1,0.10539922456186433,0.2,0.059523809523809534,0.3,0.14678831943607884
2,30,146,8,90,15,0,1,0,1,5,1,1,1,1,0.17377394345044514,0.4,0.13095238095238093,0.3333333333333333,0.28225394597261905
3,60,93,7,60,20,2,0,0,0,3,1,1,1,1,0.06392786120670757,0.6,0.4464285714285714,1.0,0.4133323174189535
1,45,128,8,150,19,5,0,0,1,4,1,1,1,1,0.06392786120670757,0.2,0.23809523809523814,0.3,0.18889502420849708
2,60,126,8,60,13,0,0,0,1,5,1,1,1,1,0.2865047968601901,0.4,0.25,1.0,0.327749851111189
5,45,21,6,90,17,0,1,1,1,2,1,1,1,1,0.06392786120670757,1.0,0.875,0.5,0.697476243153973
5,30,41,6,120,10,6,0,1,1,1,1,1,1,1,0.36787944117144233,1.0,0.7559523809523809,0.25,0.7216308781629343
5,30,134,7,60,18,1,1,0,1,2,1,1,1,1,0.06392786120670757,1.0,0.20238095238095233,0.5,0.47100572718750894
4,90,162,6,90,7,3,1,0,1,5,1,1,1,1,0.7788007830714049,0.8,0.0357142857142857,1.0,0.5728820608739642
3,90,41,6,90,12,4,0,0,1,5,1,1,1,1,0.22313016014842982,0.6,0.7559523809523809,1.0,0.5860945000167267
5,90,111,9,120,12,6,0,1,0,4,1,1,1,1,0.4723665527410147,1.0,0.3392857142857143,0.75,0.6180239423414667
3,45,86,6,150,19,0,0,1,0,1,1,1,1,1,0.06392786120670757,0.6,0.48809523809523814,0.3,0.45920120275106646
1,45,121,6,150,16,6,0,1,0,4,1,1,1,1,0.0820849986238988,0.2,0.27976190476190477,0.3,0.22827482786913855
3,45,130,6,60,9,6,1,0,1,4,1,1,1,1,0.4723665527410147,0.6,0.22619047619047616,0.75,0.4687797004817879
5,30,167,10,150,18,5,1,1,1,2,1,1,1,1,0.1353352832366127,1.0,0.005952380952380931,0.2,0.42535861378621626
5,45,43,6,180,6,5,1,0,1,0,1,1,1,1,1.0,1.0,0.7440476190476191,0.25,0.8215759683823899
5,120,145,7,120,16,5,1,1,1,5,1,1,1,1,0.10539922456186433,1.0,0.13690476190476186,1.0,0.5157829070527774
2,30,137,9,30,20,0,1,0,0,2,1,1,1,1,0.06392786120670757,0.4,0.18452380952380953,1.0,0.2625680741769357
3,45,112,7,90,7,2,0,0,1,4,1,1,1,1,1.0,0.6,0.33333333333333337,0.5,0.5772021082163745
5,30,89,9,90,6,2,0,0,1,3,1,1,1,1,0.4723665527410147,1.0,0.47023809523809523,0.3333333333333333,0.628680847384756
3,45,98,9,45,7,3,1,1,0,0,1,1,1,1,0.6065306597126334,0.6,0.41666666666666663,1.0,0.6144194092529545
3,60,167,7,90,8,4,1,0,0,1,1,1,1,1,0.7788007830714049,0.6,0.005952380952380931,0.6666666666666666,0.44900282658422813
2,30,162,12,120,21,6,1,0,0,5,1,1,1,1,0.10539922456186433,0.4,0.0357142857142857,0.25,0.17478876103469906
2,45,74,6,45,8,1,1,1,0,5,1,1,1,1,0.6065306597126334,0.4,0.5595238095238095,1.0,0.5127176908500728
5,30,168,9,150,15,0,0,0,0,3,1,1,1,1,0.22313016014842982,1.0,0.0,0.2,0.38906058779386915
1,30,155,7,90,17,1,1,0,0,5,1,1,1,1,0.0820849986238988,0.2,0.07738095238095233,0.3333333333333333,0.13639185807227772
3,30,116,10,150,6,5,1,1,0,1,1,1,1,1,0.36787944117144233,0.6,0.30952380952380953,0.2,0.3812388250094997
3,90,96,6,120,16,5,1,0,0,0,1,1,1,1,0.0820849986238988,0.6,0.4285714285714286,0.75,0.39171368319620403
5,45,158,8,180,10,5,0,1,1,1,1,1,1,1,0.6065306597126334,1.0,0.059523809523809534,0.25,0.5807771057969878
4,30,168,8,150,17,5,0,0,0,1,1,1,1,1,0.10539922456186433,0.8,0.0,0.2,0.32060973581718866
5,30,143,11,180,22,0,0,0,0,3,1,1,1,1,0.06392786120670757,1.0,0.14880952380952384,0.16666666666666666,0.4417331694031286
2,30,158,10,90,22,4,1,0,1,1,1,1,1,1,0.049787068367863944,0.4,0.059523809523809534,0.3333333333333333,0.22704732752761603
4,45,125,7,60,11,4,0,1,1,0,1,1,1,1,0.36787944117144233,0.8,0.25595238095238093,0.75,0.5414150425148272
5,150,150,7,150,20,1,0,0,1,4,1,1,1,1,0.06392786120670757,1.0,0.1071428571428571,1.0,0.4960430054765901
4,30,128,10,60,15,2,0,0,1,1,1,1,1,1,0.2865047968601901,0.8,0.23809523809523814,0.5,0.4754089712621684
3,150,153,9,150,6,0,1,1,0,0,1,1,1,1,0.4723665527410147,0.6,0.0892857142857143,1.0,0.43436177763245554
2,45,96,7,45,9,5,1,0,1,5,1,1,1,1,0.6065306597126334,0.4,0.4285714285714286,1.0,0.5241751067758504
1,30,127,9,180,19,0,1,0,0,4,1,1,1,1,0.0820849986238988,0.2,0.24404761904761907,0.16666666666666666,0.18949811580548123
3,45,93,9,150,17,4,1,1,1,3,1,1,1,1,0.1353352832366127,0.6,0.4464285714285714,0.3,0.4591911722219975
2,60,144,6,120,20,6,1,1,0,5,1,1,1,1,0.0820849986238988,0.4,0.1428571428571429,0.5,0.23014032518059796
5,30,125,9,90,21,3,1,0,1,5,1,1,1,1,0.049787068367863944,1.0,0.25595238095238093,0.3333333333333333,0.4815088052091295
3,45,106,9,45,13,1,1,1,0,1,1,1,1,1,0.36787944117144233,0.6,0.36904761904761907,1.0,0.5045854384026205
1,90,112,8,90,19,6,0,1,1,5,1,1,1,1,0.06392786120670757,0.2,0.33333333333333337,1.0,0.28239907612374593
5,45,88,7,180,6,1,0,0,0,5,1,1,1,1,0.7788007830714049,1.0,0.47619047619047616,0.25,0.732052858860512
1,60,130,8,60,19,3,0,1,0,2,1,1,1,1,0.06392786120670757,0.2,0.22619047619047616,1.0,0.23760560666002667
5,180,137,8,180,12,0,1,1,0,2,1,1,1,1,0.36787944117144233,1.0,0.18452380952380953,1.0,0.6104678718744302
5,30,134,6,120,15,0,1,0,0,5,1,1,1,1,0.10539922456186433,1.0,0.20238095238095233,0.25,0.423175865891339
4,45,86,6,180,22,6,1,1,0,2,1,1,1,1,0.1353352832366127,0.8,0.48809523809523814,0.25,0.48921417248798205
5,30,121,7,150,8,2,1,1,0,2,1,1,1,1,0.7788007830714049,1.0,0.27976190476190477,0.2,0.6577777477769376
3,60,82,6,60,12,1,0,0,0,0,1,1,1,1,0.22313016014842982,0.6,0.5119047619047619,1.0,0.48300660083084784
3,45,88,6,120,9,1,1,0,0,0,1,1,1,1,0.4723665527410147,0.6,0.47619047619047616,0.375,0.4374899010943198
1,45,140,6,150,13,5,1,0,1,1,1,1,1,1,0.17377394345044514,0.2,0.16666666666666663,0.3,0.24234382159726336
4,180,112,7,180,8,4,0,1,1,3,1,1,1,1,0.7788007830714049,0.8,0.33333333333333337,1.0,0.6755441591234042
5,45,71,7,120,9,1,0,0,0,5,1,1,1,1,0.6065306597126334,1.0,0.5773809523809523,0.375,0.6540942830931742
5,30,140,10,30,22,2,1,0,1,0,1,1,1,1,0.049787068367863944,1.0,0.16666666666666663,1.0,0.4808723115930489
5,150,68,6,150,12,5,0,0,0,5,1,1,1,1,0.22313016014842982,1.0,0.5952380952380952,1.0,0.6647001974193283
2,60,127,6,90,13,0,1,1,1,5,1,1,1,1,0.17377394345044514,0.4,0.24404761904761907,0.6666666666666666,0.32438384994905556
5,60,157,8,60,20,2,1,0,1,5,1,1,1,1,0.049787068367863944,1.0,0.06547619047619047,1.0,0.4267102205452244
1,30,110,8,45,7,1,1,0,0,1,1,1,1,1,0.7788007830714049,0.2,0.34523809523809523,0.6666666666666666,0.3348002127017897
4,45,95,6,90,19,4,0,0,0,1,1,1,1,1,0.06392786120670757,0.8,0.43452380952380953,0.5,0.47840495669448885
5,45,71,7,60,16,3,0,0,1,1,1,1,1,1,0.10539922456186433,1.0,0.5773809523809523,0.75,0.5684465280481492
2,30,138,8,90,10,5,0,1,0,2,1,1,1,1,0.6065306597126334,0.4,0.1785714285714286,0.3333333333333333,0.369958192841487
3,60,101,7,150,11,4,0,1,1,5,1,1,1,1,0.36787944117144233,0.6,0.39880952380952384,0.4,0.44642453312290437
5,60,78,7,60,22,2,0,1,0,0,1,1,1,1,0.10539922456186433,1.0,0.5357142857142857,1.0,0.6481941433409442
2,45,120,8,90,14,4,0,1,0,1,1,1,1,1,0.22313016014842982,0.4,0.2857142857142857,0.5,0.31613640112299385
2,120,165,8,120,19,4,0,1,0,2,1,1,1,1,0.06392786120670757,0.4,0.017857142857142905,1.0,0.26439197573422596
4,30,108,6,60,15,6,1,0,0,4,1,1,1,1,0.10539922456186433,0.8,0.3571428571428571,0.5,0.428022988905482
3,60,139,8,60,6,5,1,0,0,0,1,1,1,1,0.6065306597126334,0.6,0.17261904761904767,1.0,0.47433319562360854
1,45,102,7,150,8,5,0,0,0,1,1,1,1,1,0.7788007830714049,0.2,0.3928571428571429,0.3,0.42794152137020885
1,120,165,9,120,10,0,1,0,0,5,1,1,1,1,0.7788007830714049,0.2,0.017857142857142905,1.0,0.31792633911275064
5,120,128,8,180,11,1,1,0,1,4,1,1,1,1,0.4723665527410147,1.0,0.23809523809523814,0.6666666666666666,0.6340004682958346
1,30,128,7,120,22,4,0,0,0,0,1,1,1,1,0.10539922456186433,0.2,0.23809523809523814,0.25,0.18103715777368629
4,90,86,8,90,18,3,1,0,0,3,1,1,1,1,0.0820849986238988,0.8,0.48809523809523814,1.0,0.4958721430976618
1,45,89,6,150,7,3,0,0,1,0,1,1,1,1,0.7788007830714049,0.2,0.47023809523809523,0.3,0.433784532275143
2,45,78,8,45,20,4,1,0,0,1,1,1,1,1,0.049787068367863944,0.4,0.5357142857142857,1.0,0.3319947275822641
3,30,168,6,60,9,6,1,0,1,1,1,1,1,1,0.4723665527410147,0.6,0.0,0.5,0.359103966641416
3,30,96,8,120,11,2,1,0,0,1,1,1,1,1,0.4723665527410147,0.6,0.4285714285714286,0.25,0.47291999932847195
4,90,141,8,90,8,5,1,1,0,4,1,1,1,1,1.0,0.8,0.1607142857142857,1.0,0.6262168819978026
1,90,146,7,90,15,5,1,1,0,1,1,1,1,1,0.1353352832366127,0.2,0.13095238095238093,1.0,0.19284337733192486
5,45,153,7,45,10,5,0,0,1,0,1,1,1,1,0.4723665527410147,1.0,0.0892857142857143,1.0,0.5495766345445258
1,90,88,8,90,18,5,1,0,0,5,1,1,1,1,0.0820849986238988,0.2,0.47619047619047616,1.0,0.29885152859872666
5,60,104,6,60,14,6,1,0,0,3,1,1,1,1,0.1353352832366127,1.0,0.38095238095238093,1.0,0.5774050531439354
5,45,159,6,60,15,6,0,1,0,0,1,1,1,1,0.10539922456186433,1.0,0.0535714285714286,0.75,0.441416419155401
3,120,161,8,150,9,5,1,0,1,5,1,1,1,1,0.7788007830714049,0.6,0.04166666666666663,0.8,0.47130654788660625
4,30,69,7,90,6,6,1,0,0,3,1,1,1,1,0.7788007830714049,0.8,0.5892857142857143,0.3333333333333333,0.7032008227034514
3,30,65,6,45,14,4,1,1,0,4,1,1,1,1,0.1353352832366127,0.6,0.6130952380952381,0.6666666666666666,0.4776652135291458
4,30,102,7,150,7,3,1,1,1,3,1,1,1,1,1.0,0.8,0.3928571428571429,0.2,0.6392273142193622
5,90,103,6,90,19,2,1,1,1,3,1,1,1,1,0.06392786120670757,1.0,0.38690476190476186,1.0,0.6085485779330423
5,45,101,6,120,9,3,0,0,0,5,1,1,1,1,0.4723665527410147,1.0,0.39880952380952384,0.375,0.6083476224402085
2,45,157,10,60,14,1,1,0,0,3,1,1,1,1,0.36787944117144233,0.4,0.06547619047619047,0.75,0.3353128342026639
4,60,106,7,90,16,1,1,0,0,2,1,1,1,1,0.10539922456186433,0.8,0.36904761904761907,0.6666666666666666,0.4195784144208483
2,60,139,9,150,22,5,0,0,0,0,1,1,1,1,0.06392786120670757,0.4,0.17261904761904767,0.4,0.2550017952334473
3,150,152,6,150,10,1,0,0,0,3,1,1,1,1,0.36787944117144233,0.6,0.09523809523809523,1.0,0.41989800464484917
4,90,159,8,180,16,6,1,0,0,3,1,1,1,1,0.1353352832366127,0.8,0.0535714285714286,0.5,0.34304096901469283
4,30,126,7,180,16,2,1,0,1,4,1,1,1,1,0.10539922456186433,0.8,0.25,0.16666666666666666,0.35942949558545206
2,90,95,8,150,7,0,1,1,0,1,1,1,1,1,0.7788007830714049,0.4,0.43452380952380953,0.6,0.5127033051859659
4,150,135,8,150,21,4,0,1,0,5,1,1,1,1,0.06392786120670757,0.8,0.1964285714285714,1.0,0.41679010478617584
4,90,152,6,150,9,3,1,0,0,2,1,1,1,1,0.4723665527410147,0.8,0.09523809523809523,0.6,0.4217569671319768
5,30,168,12,60,16,3,0,0,1,3,1,1,1,1,0.36787944117144233,1.0,0.0,0.5,0.5090596439752557
5,45,93,7,120,7,4,1,0,1,3,1,1,1,1,1.0,1.0,0.4464285714285714,0.375,0.8363671568167459
5,150,165,7,150,18,2,1,0,0,0,1,1,1,1,0.06392786120670757,1.0,0.017857142857142905,1.0,0.3745104481113291
2,45,87,7,180,12,6,0,1,0,5,1,1,1,1,0.2865047968601901,0.4,0.4821428571428571,0.25,0.42637147039069756
5,180,99,6,180,18,2,0,0,0,2,1,1,1,1,0.049787068367863944,1.0,0.4107142857142857,1.0,0.5526275122017265
3,60,117,6,90,7,4,0,1,1,0,1,1,1,1,0.7788007830714049,0.6,0.3035714285714286,0.6666666666666666,0.5627454384499514
5,45,123,9,180,13,3,0,0,1,0,1,1,1,1,0.36787944117144233,1.0,0.2678571428571429,0.25,0.52232286885989
1,45,116,6,180,10,6,0,0,0,4,1,1,1,1,0.36787944117144233,0.2,0.30952380952380953,0.25,0.23950133896837467
5,60,156,10,180,22,1,0,0,0,1,1,1,1,1,0.049787068367863944,1.0,0.0714285714285714,0.3333333333333333,0.4008778040857536
2,30,162,7,30,11,6,0,1,1,5,1,1,1,1,0.36787944117144233,0.4,0.0357142857142857,1.0,0.2983579965139451
1,45,73,8,90,22,2,1,0,0,1,1,1,1,1,0.0820849986238988,0.2,0.5654761904761905,0.5,0.3097082058676278
4,45,135,9,150,9,1,1,0,1,4,1,1,1,1,1.0,0.8,0.1964285714285714,0.3,0.6636186288089893
2,30,106,9,120,14,5,0,0,1,2,1,1,1,1,0.2865047968601901,0.4,0.36904761904761907,0.25,0.3587910867334799
2,30,156,11,30,11,0,0,0,1,0,1,1,1,1,1.0,0.4,0.0714285714285714,1.0,0.46763854233469493
1,150,61,6,150,22,2,0,0,1,0,1,1,1,1,0.1353352832366127,0.2,0.6369047619047619,1.0,0.39776169802821
3,30,106,8,90,7,4,0,1,0,5,1,1,1,1,0.7788007830714049,0.6,0.36904761904761907,0.3333333333333333,0.5837331442067042
1,30,119,10,30,20,2,0,0,1,5,1,1,1,1,0.0820849986238988,0.2,0.29166666666666663,1.0,0.22447697864788962
4,30,53,6,30,10,6,1,0,1,5,1,1,1,1,0.36787944117144233,0.8,0.6845238095238095,1.0,0.7068654707232654
1,30,110,10,45,12,6,0,0,0,3,1,1,1,1,0.6065306597126334,0.2,0.34523809523809523,0.6666666666666666,0.32838727346938135
4,90,149,6,180,15,0,1,0,1,5,1,1,1,1,0.10539922456186433,0.8,0.11309523809523814,0.5,0.38141783131758644
2,30,79,8,180,8,5,0,0,1,1,1,1,1,1,1.0,0.4,0.5297619047619048,0.16666666666666666,0.597671292587807
5,30,145,7,90,6,5,0,0,0,4,1,1,1,1,0.7788007830714049,1.0,0.13690476190476186,0.3333333333333333,0.59446870091363
5,45,127,8,180,20,2,0,0,0,1,1,1,1,1,0.049787068367863944,1.0,0.24404761904761907,0.25,0.4866176383239252
1,30,160,12,90,21,6,1,0,0,4,1,1,1,1,0.10539922456186433,0.2,0.04761904761904767,0.3333333333333333,0.11263184009541495
3,60,69,6,60,17,1,0,0,0,5,1,1,1,1,0.06392786120670757,0.6,0.5892857142857143,1.0,0.47685732435880485
2,180,159,9,180,19,3,0,0,0,5,1,1,1,1,0.0820849986238988,0.4,0.0535714285714286,1.0,0.23089172213339093
4,30,139,11,30,15,0,1,0,0,2,1,1,1,1,0.36787944117144233,0.8,0.17261904761904767,1.0,0.4830471426637702
1,45,157,9,60,21,2,0,0,1,5,1,1,1,1,0.049787068367863944,0.2,0.06547619047619047,0.75,0.19319155796890836
4,60,131,10,90,18,5,0,0,0,1,1,1,1,1,0.1353352832366127,0.8,0.22023809523809523,0.6666666666666666,0.43545450085844045
2,30,103,6,120,21,2,0,1,0,4,1,1,1,1,0.10539922456186433,0.4,0.38690476190476186,0.25,0.30781358497369465
4,60,76,7,150,12,6,0,0,1,2,1,1,1,1,0.2865047968601901,0.8,0.5476190476190477,0.4,0.6078345170112048
1,30,163,10,90,14,6,0,0,0,5,1,1,1,1,0.36787944117144233,0.2,0.029761904761904767,0.3333333333333333,0.19204718541502025
2,45,76,8,180,14,1,0,0,0,2,1,1,1,1,0.22313016014842982,0.4,0.5476190476190477,0.25,0.3723197190064031
3,120,157,7,120,16,6,1,0,1,1,1,1,1,1,0.10539922456186433,0.6,0.06547619047619047,1.0,0.30804513513730486
1,60,166,9,90,11,6,0,1,0,5,1,1,1,1,0.6065306597126334,0.2,0.011904761904761862,0.6666666666666666,0.29713866411110834
4,45,164,11,60,15,5,1,1,0,5,1,1,1,1,0.36787944117144233,0.8,0.023809523809523836,0.75,0.4336885699001989
4,60,43,6,60,17,1,1,0,1,5,1,1,1,1,0.06392786120670757,0.8,0.7440476190476191,1.0,0.6165789346225282
2,60,136,10,90,21,4,0,0,0,4,1,1,1,1,0.06392786120670757,0.4,0.19047619047619047,0.6666666666666666,0.21631870955156227
2,30,160,11,30,6,0,1,0,0,3,1,1,1,1,0.2865047968601901,0.4,0.04761904761904767,1.0,0.24489415278272847
3,45,125,8,150,16,3,1,0,1,3,1,1,1,1,0.1353352832366127,0.6,0.25595238095238093,0.3,0.37164467719934235
1,30,141,6,30,8,6,1,0,1,1,1,1,1,1,0.6065306597126334,0.2,0.1607142857142857,1.0,0.3735403086912896
3,45,68,7,150,17,2,0,0,1,1,1,1,1,1,0.0820849986238988,0.6,0.5952380952380952,0.3,0.5045373918347892
4,150,123,8,180,16,3,1,0,0,1,1,1,1,1,0.1353352832366127,0.8,0.2678571428571429,0.8333333333333334,0.44482652580439647
1,30,155,10,120,17,6,0,0,0,3,1,1,1,1,0.17377394345044514,0.2,0.07738095238095233,0.25,0.13591692079137233
3,90,160,9,120,10,1,0,0,0,2,1,1,1,1,0.7788007830714049,0.6,0.04761904761904767,0.75,0.4549505997070327
5,45,147,11,60,21,0,0,0,1,3,1,1,1,1,0.0820849986238988,1.0,0.125,0.75,0.4861678011025952
1,30,144,9,120,13,3,0,1,1,4,1,1,1,1,0.36787944117144233,0.2,0.1428571428571429,0.25,0.2487513441630873
5,150,95,6,180,8,6,1,0,1,0,1,1,1,1,0.6065306597126334,1.0,0.43452380952380953,0.8333333333333334,0.6696591722825744
3,45,103,7,45,7,3,1,1,1,5,1,1,1,1,1.0,0.6,0.38690476190476186,1.0,0.6473911244418845
5,45,154,10,60,14,1,1,0,0,4,1,1,1,1,0.36787944117144233,1.0,0.08333333333333337,0.75,0.5461663282516045
2,45,155,8,90,19,6,0,0,0,0,1,1,1,1,0.06392786120670757,0.4,0.07738095238095233,0.5,0.20987817403733983
5,60,41,6,120,19,4,0,0,0,2,1,1,1,1,0.06392786120670757,1.0,0.7559523809523809,0.5,0.5944296772625542
5,60,146,8,120,13,2,0,0,0,2,1,1,1,1,0.2865047968601901,1.0,0.13095238095238093,0.5,0.4886698810658754
1,30,111,10,150,20,4,1,1,1,2,1,1,1,1,0.0820849986238988,0.2,0.3392857142857143,0.2,0.24283529155544137
1,45,69,8,120,10,3,1,0,1,0,1,1,1,1,0.6065306597126334,0.2,0.5892857142857143,0.375,0.42446509349028394
2,60,57,6,60,20,2,1,0,0,2,1,1,1,1,0.0820849986238988,0.4,0.6607142857142857,1.0,0.4200281649139517
4,120,126,9,180,21,4,1,0,0,1,1,1,1,1,0.049787068367863944,0.8,0.25,0.6666666666666666,0.39313327657064495
5,60,139,8,120,8,6,1,0,0,0,1,1,1,1,1.0,1.0,0.17261904761904767,0.5,0.6857606044726896
3,30,28,6,60,8,6,0,1,1,1,1,1,1,1,0.6065306597126334,0.6,0.8333333333333334,0.5,0.6789885149039553
5,30,92,9,30,7,2,1,1,0,1,1,1,1,1,0.6065306597126334,1.0,0.45238095238095233,1.0,0.7375588420455154
4,30,166,6,90,7,3,0,0,0,1,1,1,1,1,0.7788007830714049,0.8,0.011904761904761862,0.3333333333333333,0.5112588585444707
2,45,139,10,45,10,6,1,0,1,4,1,1,1,1,1.0,0.4,0.17261904761904767,1.0,0.5139780787078663
4,60,151,6,90,13,6,0,1,1,5,1,1,1,1,0.17377394345044514,0.8,0.10119047619047616,0.6666666666666666,0.4367326126776224
3,120,50,6,150,18,5,0,1,0,4,1,1,1,1,0.049787068367863944,0.6,0.7023809523809523,0.8,0.4699821041328101
4,60,126,9,180,18,6,0,1,1,4,1,1,1,1,0.10539922456186433,0.8,0.25,0.3333333333333333,0.5204774129499106
5,90,92,8,180,16,6,0,0,1,5,1,1,1,1,0.1353352832366127,1.0,0.45238095238095233,0.5,0.5438701434053799
2,120,136,9,180,8,6,0,0,1,0,1,1,1,1,0.7788007830714049,0.4,0.19047619047619047,0.6666666666666666,0.47417705273115296
4,90,92,6,180,14,4,1,0,1,5,1,1,1,1,0.1353352832366127,0.8,0.45238095238095233,0.5,0.5127401732620773
5,90,168,11,150,14,5,1,1,1,1,1,1,1,1,0.4723665527410147,1.0,0.0,0.6,0.5570262175950743
2,45,157,7,45,9,0,0,0,0,3,1,1,1,1,0.6065306597126334,0.4,0.06547619047619047,1.0,0.3901383427166205
5,30,124,8,30,20,4,1,1,1,2,1,1,1,1,0.049787068367863944,1.0,0.26190476190476186,1.0,0.5506027748765138
3,30,53,6,150,13,2,0,0,0,0,1,1,1,1,0.17377394345044514,0.6,0.6845238095238095,0.2,0.4853679076876931
2,60,82,6,180,14,5,1,0,0,0,1,1,1,1,0.1353352832366127,0.4,0.5119047619047619,0.3333333333333333,0.33471973207212935
4,45,140,10,150,15,3,0,0,0,2,1,1,1,1,0.2865047968601901,0.8,0.16666666666666663,0.3,0.41684655291994166
3,60,106,7,60,17,2,1,0,0,3,1,1,1,1,0.0820849986238988,0.6,0.36904761904761907,1.0,0.35983579676156346
4,30,168,8,90,10,1,1,0,0,4,1,1,1,1,0.6065306597126334,0.8,0.0,0.3333333333333333,0.42091698604702477
4,30,164,11,60,16,3,0,1,0,1,1,1,1,1,0.2865047968601901,0.8,0.023809523809523836,0.5,0.4116960707637422
3,60,120,9,90,22,3,0,0,1,5,1,1,1,1,0.06392786120670757,0.6,0.2857142857142857,0.6666666666666666,0.38139076892575224
1,30,120,10,180,12,3,1,0,1,1,1,1,1,1,0.6065306597126334,0.2,0.2857142857142857,0.16666666666666666,0.33087753606850745
2,30,33,6,60,6,1,0,0,1,4,1,1,1,1,1.0,0.4,0.8035714285714286,0.5,0.6886940368378172
1,120,160,10,180,12,4,1,0,0,0,1,1,1,1,0.6065306597126334,0.2,0.04761904761904767,0.6666666666666666,0.30340659647410806
2,150,117,8,180,18,5,1,0,0,2,1,1,1,1,0.0820849986238988,0.4,0.3035714285714286,0.8333333333333334,0.24377316401640042
2,45,144,8,90,19,0,0,1,1,1,1,1,1,1,0.06392786120670757,0.4,0.1428571428571429,0.5,0.2982255574597787
5,45,112,7,150,19,3,1,0,0,5,1,1,1,1,0.049787068367863944,1.0,0.33333333333333337,0.3,0.4660658712455919
4,45,114,7,45,15,0,1,1,1,3,1,1,1,1,0.1353352832366127,0.8,0.3214285714285714,1.0,0.5046301183228501
4,45,114,9,180,14,4,1,0,0,2,1,1,1,1,0.2865047968601901,0.8,0.3214285714285714,0.25,0.46444253069260705
2,30,75,8,45,20,2,1,0,0,2,1,1,1,1,0.049787068367863944,0.4,0.5535714285714286,0.6666666666666666,0.31994770064158073
3,45,116,6,45,8,2,1,0,0,1,1,1,1,1,0.6065306597126334,0.6,0.30952380952380953,1.0,0.5221315196528048
4,180,98,7,180,21,3,0,0,0,0,1,1,1,1,0.0820849986238988,0.8,0.41666666666666663,1.0,0.4349500755094897
4,150,156,8,150,13,3,1,1,0,2,1,1,1,1,0.2865047968601901,0.8,0.0714285714285714,1.0,0.463872033481438
3,120,143,9,120,16,0,0,0,1,2,1,1,1,1,0.17377394345044514,0.6,0.14880952380952384,1.0,0.3322073878525866
3,30,149,6,60,16,6,1,0,0,1,1,1,1,1,0.0820849986238988,0.6,0.11309523809523814,0.5,0.3185604031777124
4,150,92,7,180,18,5,0,0,1,1,1,1,1,1,0.06392786120670757,0.8,0.45238095238095233,0.8333333333333334,0.484592530806622
4,30,123,10,30,16,3,0,0,0,0,1,1,1,1,0.22313016014842982,0.8,0.2678571428571429,1.0,0.523839700738211
1,30,148,7,150,8,4,0,1,0,0,1,1,1,1,0.7788007830714049,0.2,0.11904761904761907,0.2,0.35893282439605284
5,30,99,8,150,6,0,0,0,0,1,1,1,1,1,0.6065306597126334,1.0,0.4107142857142857,0.2,0.6410118649227554
4,45,129,7,120,11,6,0,0,1,1,1,1,1,1,0.36787944117144233,0.8,0.2321428571428571,0.375,0.47838218270643695
3,90,106,7,120,13,4,1,0,1,2,1,1,1,1,0.22313016014842982,0.6,0.36904761904761907,0.75,0.41564402828585084
1,30,132,6,120,20,2,1,0,0,1,1,1,1,1,0.0820849986238988,0.2,0.2142857142857143,0.25,0.1502558038154017
3,60,162,9,150,15,6,0,0,0,2,1,1,1,1,0.22313016014842982,0.6,0.0357142857142857,0.4,0.3330401088499561
4,30,146,7,180,20,5,1,1,1,1,1,1,1,1,0.06392786120670757,0.8,0.13095238095238093,0.16666666666666666,0.41171794700572023
4,120,92,7,120,21,3,1,0,0,4,1,1,1,1,0.0820849986238988,0.8,0.45238095238095233,1.0,0.427648137179154
2,30,74,7,60,22,4,1,0,1,1,1,1,1,1,0.10539922456186433,0.4,0.5595238095238095,0.5,0.3993273438115616
2,45,45,7,150,20,2,1,0,0,0,1,1,1,1,0.06392786120670757,0.4,0.7321428571428572,0.3,0.3863713522053508
2,30,101,9,60,22,3,0,0,0,0,1,1,1,1,0.06392786120670757,0.4,0.39880952380952384,0.5,0.3102660321066263
4,30,115,9,180,8,3,1,0,0,4,1,1,1,1,0.7788007830714049,0.8,0.31547619047619047,0.16666666666666666,0.5605114483508525
4,60,128,8,60,22,5,1,0,0,5,1,1,1,1,0.0820849986238988,0.8,0.23809523809523814,1.0,0.41645479240889116
5,45,116,6,90,11,5,0,0,1,2,1,1,1,1,0.2865047968601901,1.0,0.30952380952380953,0.5,0.49214145629773126
4,30,143,8,60,16,6,1,0,0,0,1,1,1,1,0.1353352832366127,0.8,0.14880952380952384,0.5,0.38923433656142564
1,30,100,9,30,17,4,1,0,1,5,1,1,1,1,0.1353352832366127,0.2,0.40476190476190477,1.0,0.29008667328673926
5,120,144,9,180,6,6,0,0,1,2,1,1,1,1,0.4723665527410147,1.0,0.1428571428571429,0.6666666666666666,0.6153640508813528
3,45,37,6,120,10,3,0,0,0,0,1,1,1,1,0.36787944117144233,0.6,0.7797619047619048,0.375,0.5467270431994045
2,60,82,7,150,11,4,1,0,1,4,1,1,1,1,0.36787944117144233,0.4,0.5119047619047619,0.4,0.4175003160510272
4,90,66,6,180,13,3,0,0,0,0,1,1,1,1,0.17377394345044514,0.8,0.6071428571428572,0.5,0.5472591787704693
4,30,74,8,180,16,4,0,0,0,0,1,1,1,1,0.1353352832366127,0.8,0.5595238095238095,0.16666666666666666,0.4790354979548571
1,30,36,7,45,12,2,0,0,0,5,1,1,1,1,0.2865047968601901,0.2,0.7857142857142857,0.6666666666666666,0.4052514712921818
5,90,155,7,90,19,4,0,0,0,5,1,1,1,1,0.049787068367863944,1.0,0.07738095238095233,1.0,0.4190962914522141
2,30,151,10,120,20,4,0,1,0,5,1,1,1,1,0.0820849986238988,0.4,0.10119047619047616,0.25,0.1764232193226409
4,120,127,9,150,6,0,1,0,0,1,1,1,1,1,0.4723665527410147,0.8,0.24404761904761907,0.8,0.5403714222760947
4,60,110,7,60,15,4,0,0,0,0,1,1,1,1,0.1353352832366127,0.8,0.34523809523809523,1.0,0.4837318204805813
3,30,157,7,90,13,4,0,0,0,0,1,1,1,1,0.22313016014842982,0.6,0.06547619047619047,0.3333333333333333,0.31755210161224473
4,30,137,11,30,22,1,0,1,0,5,1,1,1,1,0.06392786120670757,0.8,0.18452380952380953,1.0,0.4451465252146502
3,60,135,10,120,21,4,0,0,0,4,1,1,1,1,0.06392786120670757,0.6,0.1964285714285714,0.5,0.32641752765187276
3,120,131,6,150,16,3,0,1,1,1,1,1,1,1,0.0820849986238988,0.6,0.22023809523809523,0.8,0.43182417140246554
2,120,59,6,120,8,4,1,1,1,0,1,1,1,1,0.6065306597126334,0.4,0.6488095238095238,1.0,0.5767795230390597
5,30,72,6,180,20,1,1,1,0,5,1,1,1,1,0.0820849986238988,1.0,0.5714285714285714,0.16666666666666666,0.5945236353808159
5,120,77,6,180,11,3,0,0,1,0,1,1,1,1,0.2865047968601901,1.0,0.5416666666666667,0.6666666666666666,0.6713761093340022
1,90,117,9,90,17,5,1,0,0,2,1,1,1,1,0.1353352832366127,0.2,0.3035714285714286,1.0,0.24098831596523684
3,60,65,6,60,20,2,1,0,0,0,1,1,1,1,0.0820849986238988,0.6,0.6130952380952381,1.0,0.4409930320512128
4,30,109,8,120,6,0,1,1,0,0,1,1,1,1,0.6065306597126334,0.8,0.35119047619047616,0.25,0.6082386941745591
3,30,149,10,90,12,4,0,1,0,3,1,1,1,1,0.6065306597126334,0.6,0.11309523809523814,0.3333333333333333,0.45274527406295284
2,30,39,6,120,16,5,1,0,0,1,1,1,1,1,0.0820849986238988,0.4,0.7678571428571428,0.25,0.3637890543729683
1,90,139,6,150,7,5,1,1,0,0,1,1,1,1,0.7788007830714049,0.2,0.17261904761904767,0.6,0.38479053421090187
4,45,164,12,90,10,5,1,0,0,5,1,1,1,1,0.6065306597126334,0.8,0.023809523809523836,0.5,0.44178259180659574
1,120,136,9,120,10,1,1,0,0,4,1,1,1,1,0.7788007830714049,0.2,0.19047619047619047,1.0,0.42979751820368783
2,30,76,6,150,9,1,0,0,1,1,1,1,1,1,0.4723665527410147,0.4,0.5476190476190477,0.2,0.4853651125586761
1,30,145,9,45,7,0,1,0,1,1,1,1,1,1,0.6065306597126334,0.2,0.13690476190476186,0.6666666666666666,0.3385952589586576
4,45,39,6,150,17,2,1,0,0,5,1,1,1,1,0.06392786120670757,0.8,0.7678571428571428,0.3,0.5404906497721694
4,120,91,6,180,21,3,1,1,1,4,1,1,1,1,0.10539922456186433,0.8,0.45833333333333337,0.6666666666666666,0.6035508815440859
4,45,106,6,120,22,0,1,1,0,2,1,1,1,1,0.1353352832366127,0.8,0.36904761904761907,0.375,0.4769719699056211
2,30,158,9,150,14,1,1,0,0,2,1,1,1,1,0.2865047968601901,0.4,0.059523809523809534,0.2,0.24593279630129294
3,30,166,11,120,7,1,1,0,0,3,1,1,1,1,0.36787944117144233,0.6,0.011904761904761862,0.25,0.3213916100013601
1,30,92,8,45,8,1,1,0,0,2,1,1,1,1,1.0,0.2,0.45238095238095233,0.6666666666666666,0.48312901110682865
2,90,95,6,180,17,2,0,0,0,0,1,1,1,1,0.06392786120670757,0.4,0.43452380952380953,0.5,0.31097775100199576
1,60,107,9,180,9,1,1,0,0,4,1,1,1,1,1.0,0.2,0.36309523809523814,0.3333333333333333,0.4401854172977958
3,30,77,8,60,11,0,0,0,1,3,1,1,1,1,0.4723665527410147,0.6,0.5416666666666667,0.5,0.5129279721065136
1,90,157,9,150,12,5,0,0,1,0,1,1,1,1,0.4723665527410147,0.2,0.06547619047619047,0.6,0.2792363201148218
5,45,88,8,120,9,5,1,1,0,0,1,1,1,1,0.7788007830714049,1.0,0.47619047619047616,0.375,0.7705434903848115
5,90,48,6,150,9,0,0,0,0,3,1,1,1,1,0.4723665527410147,1.0,0.7142857142857143,0.6,0.7445216670453978
1,30,111,7,150,17,0,0,1,0,4,1,1,1,1,0.0820849986238988,0.2,0.3392857142857143,0.2,0.20366394012310848
4,45,144,8,90,11,3,0,1,0,5,1,1,1,1,0.4723665527410147,0.8,0.1428571428571429,0.5,0.4524979331275725
5,30,127,6,120,19,3,0,1,0,3,1,1,1,1,0.06392786120670757,1.0,0.24404761904761907,0.25,0.45707998201484507
1,90,144,10,150,9,1,0,1,1,3,1,1,1,1,0.7788007830714049,0.2,0.1428571428571429,0.6,0.3606990443216207
2,150,65,6,180,17,5,1,0,0,3,1,1,1,1,0.06392786120670757,0.4,0.6130952380952381,0.8333333333333334,0.36916251604618977
1,150,165,6,180,11,0,0,0,1,1,1,1,1,1,0.2865047968601901,0.2,0.017857142857142905,0.8333333333333334,0.2529288104730835
1,60,148,10,90,16,6,1,1,1,1,1,1,1,1,0.22313016014842982,0.2,0.11904761904761907,0.6666666666666666,0.2751962734359965
3,30,70,7,45,8,5,0,1,1,2,1,1,1,1,0.7788007830714049,0.6,0.5833333333333333,0.6666666666666666,0.6564769767801208
5,45,147,9,150,6,1,1,0,0,2,1,1,1,1,0.4723665527410147,1.0,0.125,0.3,0.5342958229657503
2,30,153,10,150,15,5,0,0,0,1,1,1,1,1,0.2865047968601901,0.4,0.0892857142857143,0.2,0.26087721814857157
1,60,52,6,120,21,5,0,1,0,1,1,1,1,1,0.10539922456186433,0.2,0.6904761904761905,0.5,0.3029715298723353
4,150,149,7,150,17,4,1,0,1,5,1,1,1,1,0.0820849986238988,0.8,0.11309523809523814,1.0,0.35728269078345437
3,60,111,8,180,15,6,0,0,1,1,1,1,1,1,0.17377394345044514,0.6,0.3392857142857143,0.3333333333333333,0.43099022946030463
5,180,134,7,180,19,2,1,1,0,5,1,1,1,1,0.049787068367863944,1.0,0.20238095238095233,1.0,0.5224768611178209
3,90,150,7,150,12,3,1,0,0,1,1,1,1,1,0.2865047968601901,0.6,0.1071428571428571,0.6,0.3035121344724345
3,120,147,6,150,7,6,0,0,0,2,1,1,1,1,0.7788007830714049,0.6,0.125,0.8,0.4489829000932499
2,60,102,7,60,20,5,0,0,0,4,1,1,1,1,0.06392786120670757,0.4,0.3928571428571429,1.0,0.3478472241783181
2,30,112,6,180,7,5,0,0,0,1,1,1,1,1,0.7788007830714049,0.4,0.33333333333333337,0.16666666666666666,0.46508515303274217
3,30,125,7,30,22,0,0,0,1,5,1,1,1,1,0.10539922456186433,0.6,0.25595238095238093,1.0,0.3908705058917277
2,150,114,8,180,12,5,1,0,0,4,1,1,1,1,0.36787944117144233,0.4,0.3214285714285714,0.8333333333333334,0.45065190072348826
1,60,78,8,180,22,2,1,1,0,0,1,1,1,1,0.0820849986238988,0.2,0.5357142857142857,0.3333333333333333,0.284415138757463
2,30,119,6,45,18,5,1,0,1,3,1,1,1,1,0.049787068367863944,0.4,0.29166666666666663,0.6666666666666666,0.323570321546801
5,30,77,7,30,7,6,1,1,0,2,1,1,1,1,1.0,1.0,0.5416666666666667,1.0,0.8324913745343027
2,45,141,8,120,21,2,0,0,0,3,1,1,1,1,0.06392786120670757,0.4,0.1607142857142857,0.375,0.2314898294375227
1,45,166,8,60,12,0,0,0,1,2,1,1,1,1,0.36787944117144233,0.2,0.011904761904761862,0.75,0.22793070520692538
1,60,115,8,150,22,1,1,0,0,3,1,1,1,1,0.0820849986238988,0.2,0.31547619047619047,0.4,0.2755793751307896
5,60,87,6,150,22,2,0,0,0,4,1,1,1,1,0.1353352832366127,1.0,0.4821428571428571,0.4,0.5802008400886501
4,150,127,7,180,22,4,1,0,0,1,1,1,1,1,0.10539922456186433,0.8,0.24404761904761907,0.8333333333333334,0.42792280943704003
1,120,95,7,150,15,5,1,0,0,2,1,1,1,1,0.1353352832366127,0.2,0.43452380952380953,0.8,0.2952069271294011
3,120,139,8,180,9,5,0,0,1,0,1,1,1,1,0.7788007830714049,0.6,0.17261904761904767,0.6666666666666666,0.5235951725026764
2,30,137,10,60,6,5,0,1,1,1,1,1,1,1,0.36787944117144233,0.4,0.18452380952380953,0.5,0.33605152733220855
1,30,132,8,45,14,1,1,0,0,5,1,1,1,1,0.22313016014842982,0.2,0.2142857142857143,0.6666666666666666,0.17393909085239134
4,60,166,8,150,8,0,1,0,0,3,1,1,1,1,1.0,0.8,0.011904761904761862,0.4,0.5290330672395416
3,90,89,6,150,18,2,1,0,1,5,1,1,1,1,0.049787068367863944,0.6,0.47023809523809523,0.6,0.39491393338326547
5,120,103,6,150,10,2,0,0,0,3,1,1,1,1,0.36787944117144233,1.0,0.38690476190476186,0.8,0.6164132329514176
2,90,161,11,180,18,2,1,0,0,0,1,1,1,1,0.17377394345044514,0.4,0.04166666666666663,0.5,0.23236978002212208
1,90,69,7,180,13,2,1,0,1,0,1,1,1,1,0.22313016014842982,0.2,0.5892857142857143,0.5,0.3681755063979531
2,30,67,8,30,14,0,0,0,1,4,1,1,1,1,0.22313016014842982,0.4,0.6011904761904762,1.0,0.43524572441477405
1,120,161,6,180,22,5,0,0,0,1,1,1,1,1,0.1353352832366127,0.2,0.04166666666666663,0.6666666666666666,0.14338870692961767
2,45,168,7,120,7,5,1,1,1,4,1,1,1,1,1.0,0.4,0.0,0.375,0.4466408163618955
4,60,136,7,120,14,6,1,1,1,0,1,1,1,1,0.17377394345044514,0.8,0.19047619047619047,0.5,0.4810829951699335
3,60,101,7,180,16,5,0,0,1,4,1,1,1,1,0.10539922456186433,0.6,0.39880952380952384,0.3333333333333333,0.43297508871308227
4,90,85,7,180,19,4,1,1,0,2,1,1,1,1,0.049787068367863944,0.8,0.49404761904761907,0.5,0.504610703031234
2,30,44,7,45,7,4,1,0,1,0,1,1,1,1,1.0,0.4,0.7380952380952381,0.6666666666666666,0.7017716231799519
1,30,150,6,150,21,5,0,1,1,5,1,1,1,1,0.10539922456186433,0.2,0.1071428571428571,0.2,0.22111666230492896
1,60,97,9,180,11,2,1,1,0,0,1,1,1,1,0.6065306597126334,0.2,0.42261904761904767,0.3333333333333333,0.4042109580827122
5,45,161,11,180,20,6,0,1,1,4,1,1,1,1,0.10539922456186433,1.0,0.04166666666666663,0.25,0.4521847238979602
5,30,89,8,45,14,1,0,0,1,3,1,1,1,1,0.22313016014842982,1.0,0.47023809523809523,0.6666666666666666,0.6383930662496432
2,30,140,7,45,6,3,0,0,1,1,1,1,1,1,0.7788007830714049,0.4,0.16666666666666663,0.6666666666666666,0.4316512777091892
3,45,166,7,150,20,1,1,0,0,4,1,1,1,1,0.06392786120670757,0.6,0.011904761904761862,0.3,0.29414947621102666
2,60,151,11,150,14,0,0,1,1,3,1,1,1,1,0.4723665527410147,0.4,0.10119047619047616,0.4,0.38667981112738764
5,150,151,8,150,17,3,0,0,0,0,1,1,1,1,0.10539922456186433,1.0,0.10119047619047616,1.0,0.4594754021285527
3,45,153,6,120,14,4,0,0,0,2,1,1,1,1,0.1353352832366127,0.6,0.0892857142857143,0.375,0.32055725640123994
1,120,146,6,120,12,2,1,0,0,1,1,1,1,1,0.22313016014842982,0.2,0.13095238095238093,1.0,0.16226910956862686
3,90,56,6,150,21,4,0,0,0,1,1,1,1,1,0.10539922456186433,0.6,0.6666666666666667,0.6,0.4880401487408628
2,45,141,10,45,6,2,1,1,1,5,1,1,1,1,0.36787944117144233,0.4,0.1607142857142857,1.0,0.42363503930444424
3,90,140,6,150,10,0,0,0,0,5,1,1,1,1,0.36787944117144233,0.6,0.16666666666666663,0.6,0.3396697184149098
3,45,109,8,60,15,2,1,1,0,4,1,1,1,1,0.17377394345044514,0.6,0.35119047619047616,0.75,0.436601763853277
1,30,143,10,45,19,6,1,0,0,0,1,1,1,1,0.10539922456186433,0.2,0.14880952380952384,0.6666666666666666,0.20030603506733644
4,45,76,7,150,21,2,0,0,0,5,1,1,1,1,0.0820849986238988,0.8,0.5476190476190477,0.3,0.5076527784629435
3,120,165,7,150,8,5,0,0,0,2,1,1,1,1,0.7788007830714049,0.6,0.017857142857142905,0.8,0.49238532044916244
4,60,135,10,180,11,4,0,0,0,4,1,1,1,1,0.7788007830714049,0.8,0.1964285714285714,0.3333333333333333,0.5152717211860355
3,30,90,6,90,15,2,1,0,1,2,1,1,1,1,0.10539922456186433,0.6,0.4642857142857143,0.3333333333333333,0.44278781502323994
3,90,140,9,150,7,1,1,0,1,0,1,1,1,1,0.6065306597126334,0.6,0.16666666666666663,0.6,0.4588816054371699
3,30,126,7,120,17,6,0,0,0,1,1,1,1,1,0.0820849986238988,0.6,0.25,0.25,0.30145501620586074
1,45,45,7,120,18,4,1,1,0,5,1,1,1,1,0.06392786120670757,0.2,0.7321428571428572,0.375,0.35898549839461436
3,30,89,8,180,20,6,0,0,0,5,1,1,1,1,0.049787068367863944,0.6,0.47023809523809523,0.16666666666666666,0.3294027082400134
2,60,31,6,120,13,1,0,1,1,4,1,1,1,1,0.17377394345044514,0.4,0.8154761904761905,0.5,0.49742274568901634
5,90,141,8,150,6,2,0,0,0,0,1,1,1,1,0.6065306597126334,1.0,0.1607142857142857,0.6,0.6164037639899778
4,30,93,8,60,13,4,0,0,1,4,1,1,1,1,0.2865047968601901,0.8,0.4464285714285714,0.5,0.5102491938399965
5,45,168,9,45,6,5,0,0,1,5,1,1,1,1,0.4723665527410147,1.0,0.0,1.0,0.5705634120800642
3,30,159,12,90,13,4,0,0,1,0,1,1,1,1,0.7788007830714049,0.6,0.0535714285714286,0.3333333333333333,0.47414874078290514
5,120,70,6,150,17,4,0,0,1,0,1,1,1,1,0.06392786120670757,1.0,0.5833333333333333,0.8,0.6215524202218924
4,45,157,7,60,17,0,1,0,0,5,1,1,1,1,0.0820849986238988,0.8,0.06547619047619047,0.75,0.33161692953383076
2,60,144,8,90,12,1,0,1,1,2,1,1,1,1,0.36787944117144233,0.4,0.1428571428571429,0.6666666666666666,0.30573221533785755
1,60,136,8,90,12,6,0,1,1,5,1,1,1,1,0.36787944117144233,0.2,0.19047619047619047,0.6666666666666666,0.2555669556138467
4,60,144,6,180,20,0,1,0,0,0,1,1,1,1,0.0820849986238988,0.8,0.1428571428571429,0.3333333333333333,0.3504287724948015
3,60,118,8,120,6,5,0,0,0,3,1,1,1,1,0.6065306597126334,0.6,0.29761904761904767,0.5,0.3904100005277028
1,60,50,7,150,20,1,0,0,1,1,1,1,1,1,0.06392786120670757,0.2,0.7023809523809523,0.4,0.3505147621021388
5,150,130,7,150,14,2,1,1,0,1,1,1,1,1,0.17377394345044514,1.0,0.22619047619047616,1.0,0.5117786047406137
2,30,131,10,180,11,4,0,0,1,4,1,1,1,1,0.7788007830714049,0.4,0.22023809523809523,0.16666666666666666,0.3863787472483813
5,90,121,8,150,17,1,1,1,0,0,1,1,1,1,0.10539922456186433,1.0,0.27976190476190477,0.6,0.5476841910355891
3,45,135,7,60,6,2,1,0,1,4,1,1,1,1,0.7788007830714049,0.6,0.1964285714285714,0.75,0.5318897405427447
5,60,79,6,180,19,4,0,0,0,4,1,1,1,1,0.06392786120670757,1.0,0.5297619047619048,0.3333333333333333,0.5388983331692125
2,90,126,7,180,15,3,1,0,0,2,1,1,1,1,0.1353352832366127,0.4,0.25,0.5,0.26215288812018034
4,60,124,7,90,18,0,0,0,1,3,1,1,1,1,0.06392786120670757,0.8,0.26190476190476186,0.6666666666666666,0.4127517060614344
2,120,147,6,120,14,0,0,0,1,2,1,1,1,1,0.1353352832366127,0.4,0.125,1.0,0.3068842832595458
5,90,158,6,180,8,2,0,1,0,3,1,1,1,1,0.6065306597126334,1.0,0.059523809523809534,0.5,0.5324856310772641
1,45,73,8,150,12,6,0,0,0,5,1,1,1,1,0.36787944117144233,0.2,0.5654761904761905,0.3,0.35168718447154607
1,60,61,6,180,10,2,0,0,1,2,1,1,1,1,0.36787944117144233,0.2,0.6369047619047619,0.3333333333333333,0.447100804910506
3,60,168,11,90,20,6,0,0,0,2,1,1,1,1,0.10539922456186433,0.6,0.0,0.6666666666666666,0.2646762983257719
4,150,107,6,150,6,3,1,1,0,1,1,1,1,1,1.0,0.8,0.36309523809523814,1.0,0.7211575752641691
2,90,151,9,150,6,0,0,0,0,5,1,1,1,1,0.4723665527410147,0.4,0.10119047619047616,0.6,0.30432983720644685
5,30,46,6,90,7,2,0,0,0,2,1,1,1,1,0.7788007830714049,1.0,0.7261904761904762,0.3333333333333333,0.7552110240021557
4,90,88,6,150,19,6,1,0,0,0,1,1,1,1,0.06392786120670757,0.8,0.47619047619047616,0.6,0.40194321078723105
2,30,83,7,180,9,0,1,0,1,4,1,1,1,1,0.6065306597126334,0.4,0.5059523809523809,0.16666666666666666,0.4912316208662202
4,30,95,6,45,10,0,1,0,0,5,1,1,1,1,0.36787944117144233,0.8,0.43452380952380953,0.6666666666666666,0.5108442368828531
5,45,167,11,180,16,4,0,0,0,5,1,1,1,1,0.2865047968601901,1.0,0.005952380952380931,0.25,0.40994145515093733
5,60,93,7,120,19,1,0,1,1,0,1,1,1,1,0.049787068367863944,1.0,0.4464285714285714,0.5,0.595547417194134
5,30,62,8,30,18,4,0,1,1,3,1,1,1,1,0.0820849986238988,1.0,0.6309523809523809,1.0,0.6484456791965445
5,30,103,8,60,9,3,0,0,1,1,1,1,1,1,0.7788007830714049,1.0,0.38690476190476186,0.5,0.7289591380013906
2,60,58,7,180,22,3,0,0,0,0,1,1,1,1,0.10539922456186433,0.4,0.6547619047619048,0.3333333333333333,0.3605093878737967
5,45,149,7,150,18,1,1,0,0,2,1,1,1,1,0.06392786120670757,1.0,0.11309523809523814,0.3,0.4355167607819408
4,60,117,9,120,9,5,1,0,0,5,1,1,1,1,1.0,0.8,0.3035714285714286,0.5,0.6358492368297683
2,30,98,9,120,19,0,1,0,1,0,1,1,1,1,0.0820849986238988,0.4,0.41666666666666663,0.25,0.3579517510265842
3,90,153,7,150,16,6,1,0,0,4,1,1,1,1,0.10539922456186433,0.6,0.0892857142857143,0.6,0.3110819847494219
5,30,91,8,90,11,5,1,0,0,2,1,1,1,1,0.4723665527410147,1.0,0.45833333333333337,0.3333333333333333,0.6425671939205835
1,30,108,10,30,10,1,1,0,0,0,1,1,1,1,1.0,0.2,0.3571428571428571,1.0,0.45729836845659455
5,30,104,9,60,22,5,0,0,0,5,1,1,1,1,0.06392786120670757,1.0,0.38095238095238093,0.5,0.46002071646361553
3,180,154,7,180,16,3,0,0,1,1,1,1,1,1,0.10539922456186433,0.6,0.08333333333333337,1.0,0.2968276907002094
4,180,90,6,180,15,3,1,0,1,3,1,1,1,1,0.10539922456186433,0.8,0.4642857142857143,1.0,0.5177738407899549
2,30,158,11,120,19,5,1,1,0,1,1,1,1,1,0.1353352832366127,0.4,0.059523809523809534,0.25,0.2300229001104334
2,60,25,6,120,21,6,0,0,1,5,1,1,1,1,0.10539922456186433,0.4,0.8511904761904762,0.5,0.4522564702144145
5,45,57,6,60,22,3,1,1,0,5,1,1,1,1,0.1353352832366127,1.0,0.6607142857142857,0.75,0.6496309779834414
3,60,161,10,90,22,3,0,1,0,5,1,1,1,1,0.049787068367863944,0.6,0.04166666666666663,0.6666666666666666,0.2949485751708175
1,90,139,8,150,10,2,0,1,1,0,1,1,1,1,0.6065306597126334,0.2,0.17261904761904767,0.6,0.3716401096454896
4,45,44,6,150,22,3,0,0,1,1,1,1,1,1,0.1353352832366127,0.8,0.7380952380952381,0.3,0.554859091455872
1,90,132,9,180,10,2,1,0,0,4,1,1,1,1,0.7788007830714049,0.2,0.2142857142857143,0.5,0.37604104513951647
2,120,163,6,180,9,3,1,0,0,3,1,1,1,1,0.4723665527410147,0.4,0.029761904761904767,0.6666666666666666,0.29623014113498236
4,30,27,6,90,20,3,1,0,0,2,1,1,1,1,0.0820849986238988,0.8,0.8392857142857143,0.3333333333333333,0.5814511763849011
4,45,126,7,45,8,3,1,1,0,0,1,1,1,1,0.7788007830714049,0.8,0.25,1.0,0.6379685966907868
5,45,157,7,180,6,4,1,0,1,3,1,1,1,1,0.7788007830714049,1.0,0.06547619047619047,0.25,0.5917694368729023
4,120,72,6,180,10,4,0,0,1,1,1,1,1,1,0.36787944117144233,0.8,0.5714285714285714,0.6666666666666666,0.5626711660649528
1,45,121,6,180,21,0,0,0,0,1,1,1,1,1,0.10539922456186433,0.2,0.27976190476190477,0.25,0.15653901362990186
4,45,86,6,120,21,6,0,0,1,0,1,1,1,1,0.10539922456186433,0.8,0.48809523809523814,0.375,0.5010771197786315
4,45,116,7,120,14,2,0,0,0,0,1,1,1,1,0.17377394345044514,0.8,0.30952380952380953,0.375,0.47888835546958525
3,30,120,9,150,18,4,0,0,0,1,1,1,1,1,0.10539922456186433,0.6,0.2857142857142857,0.2,0.32255881326939917
2,30,126,7,45,7,0,0,0,0,5,1,1,1,1,1.0,0.4,0.25,0.6666666666666666,0.47310187061814757
1,45,130,6,120,15,4,1,0,0,5,1,1,1,1,0.10539922456186433,0.2,0.22619047619047616,0.375,0.19112536553251025
2,30,135,8,60,19,0,1,0,0,1,1,1,1,1,0.06392786120670757,0.4,0.1964285714285714,0.5,0.23283755062095896
2,45,49,6,45,19,1,0,0,0,0,1,1,1,1,0.06392786120670757,0.4,0.7083333333333333,1.0,0.44154659820277903
3,45,120,6,150,15,1,1,0,0,3,1,1,1,1,0.10539922456186433,0.6,0.2857142857142857,0.3,0.3478559602489591
2,30,144,9,180,11,3,1,0,1,0,1,1,1,1,0.6065306597126334,0.4,0.1428571428571429,0.16666666666666666,0.34196280325253664
3,180,150,6,180,11,6,1,0,1,1,1,1,1,1,0.2865047968601901,0.6,0.1071428571428571,1.0,0.4038527779659806
2,120,96,8,180,19,5,0,0,0,0,1,1,1,1,0.06392786120670757,0.4,0.4285714285714286,0.6666666666666666,0.3372696243528913
4,30,44,7,60,19,0,1,0,0,1,1,1,1,1,0.049787068367863944,0.8,0.7380952380952381,0.5,0.5279740535078375
4,45,113,7,120,19,3,1,0,0,4,1,1,1,1,0.049787068367863944,0.8,0.32738095238095233,0.375,0.3994254106273547
4,150,104,6,150,19,5,1,1,0,3,1,1,1,1,0.06392786120670757,0.8,0.38095238095238093,1.0,0.5138907697375968
2,90,63,6,120,15,5,1,0,1,3,1,1,1,1,0.10539922456186433,0.4,0.625,0.75,0.43551012299837055
1,30,122,10,45,13,5,1,0,0,0,1,1,1,1,0.4723665527410147,0.2,0.27380952380952384,0.6666666666666666,0.3160965115627519
5,45,165,12,90,17,0,0,0,0,5,1,1,1,1,0.2865047968601901,1.0,0.017857142857142905,0.5,0.4556098554929596
4,30,107,8,30,14,6,0,0,0,3,1,1,1,1,0.22313016014842982,0.8,0.36309523809523814,1.0,0.5199441308989806
4,60,123,8,180,12,0,0,0,0,4,1,1,1,1,0.36787944117144233,0.8,0.2678571428571429,0.3333333333333333,0.46989247284026014
5,30,141,6,180,20,3,1,0,0,4,1,1,1,1,0.0820849986238988,1.0,0.1607142857142857,0.16666666666666666,0.4490726225864129
1,120,157,8,180,18,6,0,0,1,4,1,1,1,1,0.0820849986238988,0.2,0.06547619047619047,0.6666666666666666,0.17175696931909376
1,45,78,7,60,18,5,1,0,1,4,1,1,1,1,0.06392786120670757,0.2,0.5357142857142857,0.75,0.31516723525137474
4,45,136,8,150,14,3,1,0,0,1,1,1,1,1,0.22313016014842982,0.8,0.19047619047619047,0.3,0.44818442055621827
1,30,106,7,120,11,1,1,1,1,1,1,1,1,1,0.36787944117144233,0.2,0.36904761904761907,0.25,0.3207034830262426
3,30,85,9,150,17,1,1,0,1,1,1,1,1,1,0.1353352832366127,0.6,0.49404761904761907,0.2,0.43294451889410784
3,60,105,9,150,7,0,0,0,1,4,1,1,1,1,0.6065306597126334,0.6,0.375,0.4,0.5909568145881152
3,120,118,7,150,20,6,1,0,0,0,1,1,1,1,0.06392786120670757,0.6,0.29761904761904767,0.8,0.3529379829632571
4,30,168,12,180,14,4,0,0,1,3,1,1,1,1,0.6065306597126334,0.8,0.0,0.16666666666666666,0.46765943026540635
5,60,98,6,90,17,3,1,0,1,4,1,1,1,1,0.06392786120670757,1.0,0.41666666666666663,0.6666666666666666,0.5296269114105743
3,30,59,7,150,16,5,1,0,1,3,1,1,1,1,0.10539922456186433,0.6,0.6488095238095238,0.2,0.47746412190779014
2,30,118,8,45,19,3,0,1,1,0,1,1,1,1,0.06392786120670757,0.4,0.29761904761904767,0.6666666666666666,0.3201164351981698
3,45,167,10,120,10,6,1,1,0,4,1,1,1,1,1.0,0.6,0.005952380952380931,0.375,0.516217746939168
3,45,155,9,180,18,4,0,0,1,5,1,1,1,1,0.10539922456186433,0.6,0.07738095238095233,0.25,0.28258415682162985
2,30,147,7,60,9,2,1,0,1,5,1,1,1,1,0.6065306597126334,0.4,0.125,0.5,0.37431146915305175
4,30,118,9,180,16,5,0,1,1,4,1,1,1,1,0.17377394345044514,0.8,0.29761904761904767,0.16666666666666666,0.4708485159195333
1,90,151,9,150,10,0,1,1,0,1,1,1,1,1,0.7788007830714049,0.2,0.10119047619047616,0.6,0.35837455265213136
1,60,72,6,90,15,6,0,1,0,5,1,1,1,1,0.10539922456186433,0.2,0.5714285714285714,0.6666666666666666,0.29026389774803096
5,30,70,6,30,22,2,0,0,1,5,1,1,1,1,0.1353352832366127,1.0,0.5833333333333333,1.0,0.6319245676598172
3,45,123,7,180,20,6,0,0,0,0,1,1,1,1,0.06392786120670757,0.6,0.2678571428571429,0.25,0.27506988191962695
4,90,103,7,150,21,0,0,0,1,0,1,1,1,1,0.0820849986238988,0.8,0.38690476190476186,0.6,0.4870890502735031
3,45,137,6,60,6,3,1,0,0,1,1,1,1,1,1.0,0.6,0.18452380952380953,0.75,0.5406215786503672
5,30,102,9,30,9,5,0,0,1,0,1,1,1,1,1.0,1.0,0.3928571428571429,1.0,0.7658416870600868
2,120,107,7,180,7,6,0,1,0,2,1,1,1,1,1.0,0.4,0.36309523809523814,0.6666666666666666,0.5599780608574331
3,30,132,11,150,21,2,0,1,0,2,1,1,1,1,0.0820849986238988,0.6,0.2142857142857143,0.2,0.3077704254016182
2,30,117,9,60,8,5,1,0,0,2,1,1,1,1,0.7788007830714049,0.4,0.3035714285714286,0.5,0.4524569870570658
2,45,142,10,150,21,1,0,0,0,3,1,1,1,1,0.06392786120670757,0.4,0.15476190476190477,0.3,0.2504463780994942
4,45,153,6,120,15,5,1,1,1,2,1,1,1,1,0.10539922456186433,0.8,0.0892857142857143,0.375,0.4221378160069037
1,30,92,9,30,7,2,1,1,0,0,1,1,1,1,0.6065306597126334,0.2,0.45238095238095233,1.0,0.46220273203195755
4,45,124,9,120,21,4,0,0,0,2,1,1,1,1,0.049787068367863944,0.8,0.26190476190476186,0.375,0.390199146136114
5,30,136,7,30,20,3,1,0,0,0,1,1,1,1,0.06392786120670757,1.0,0.19047619047619047,1.0,0.43628541228793805
2,45,79,8,45,17,6,1,0,0,2,1,1,1,1,0.10539922456186433,0.4,0.5297619047619048,1.0,0.3548081684937337
1,60,74,8,60,8,3,1,0,0,4,1,1,1,1,1.0,0.2,0.5595238095238095,1.0,0.5560520685780354
2,60,65,7,180,17,1,1,0,0,0,1,1,1,1,0.0820849986238988,0.4,0.6130952380952381,0.3333333333333333,0.3540455067975537
2,60,156,11,150,22,1,1,0,0,1,1,1,1,1,0.06392786120670757,0.4,0.0714285714285714,0.4,0.19181650279750043
2,90,158,9,120,13,5,1,0,1,4,1,1,1,1,0.36787944117144233,0.4,0.059523809523809534,0.75,0.3348517917847666
2,45,57,6,150,13,4,0,0,1,1,1,1,1,1,0.17377394345044514,0.4,0.6607142857142857,0.3,0.4162571491774922
3,30,135,10,120,22,6,0,0,0,5,1,1,1,1,0.049787068367863944,0.6,0.1964285714285714,0.25,0.29520289878157874
2,30,153,7,120,20,3,0,0,0,2,1,1,1,1,0.06392786120670757,0.4,0.0892857142857143,0.25,0.18489668603520837
5,30,23,6,150,12,2,1,1,0,3,1,1,1,1,0.22313016014842982,1.0,0.8630952380952381,0.2,0.6935330661390199
2,150,167,7,180,8,5,1,0,0,1,1,1,1,1,0.7788007830714049,0.4,0.005952380952380931,0.8333333333333334,0.394345167852424
4,30,102,8,120,10,1,1,0,1,4,1,1,1,1,0.6065306597126334,0.8,0.3928571428571429,0.25,0.6032032604750771
2,45,143,11,45,22,0,1,0,1,2,1,1,1,1,0.06392786120670757,0.4,0.14880952380952384,1.0,0.2957074473519985
1,60,107,8,120,11,6,0,0,0,3,1,1,1,1,0.4723665527410147,0.2,0.36309523809523814,0.5,0.3091889846311194
5,60,86,7,180,9,2,0,1,0,2,1,1,1,1,0.6065306597126334,1.0,0.48809523809523814,0.3333333333333333,0.7031365614746475
2,30,163,7,150,20,2,1,0,1,3,1,1,1,1,0.06392786120670757,0.4,0.029761904761904767,0.2,0.16140351388573726
3,90,132,7,150,9,4,1,0,0,2,1,1,1,1,0.6065306597126334,0.6,0.2142857142857143,0.6,0.42118801479341716
2,90,129,6,120,16,0,0,0,0,4,1,1,1,1,0.0820849986238988,0.4,0.2321428571428571,0.75,0.23772138288408032
1,90,136,6,120,21,1,1,1,1,4,1,1,1,1,0.10539922456186433,0.2,0.19047619047619047,0.75,0.18656907793261712
3,30,152,6,180,6,3,1,1,0,4,1,1,1,1,1.0,0.6,0.09523809523809523,0.16666666666666666,0.5129899226328064
1,150,99,7,150,11,3,1,0,1,0,1,1,1,1,0.36787944117144233,0.2,0.4107142857142857,1.0,0.337628136698056
5,45,156,9,45,17,2,0,1,0,2,1,1,1,1,0.1353352832366127,1.0,0.0714285714285714,1.0,0.5071993452463803
4,120,99,8,150,13,4,1,0,0,1,1,1,1,1,0.2865047968601901,0.8,0.4107142857142857,0.8,0.5176310450696651
4,120,167,10,150,10,6,0,0,1,1,1,1,1,1,1.0,0.8,0.005952380952380931,0.8,0.6032506125544119
3,90,150,7,90,20,6,1,0,0,4,1,1,1,1,0.06392786120670757,0.6,0.1071428571428571,1.0,0.2960495899053158
1,30,130,9,60,20,4,1,1,0,5,1,1,1,1,0.06392786120670757,0.2,0.22619047619047616,0.5,0.18010235720034762
5,45,157,7,45,22,0,0,1,1,1,1,1,1,1,0.10539922456186433,1.0,0.06547619047619047,1.0,0.5027651000177279
2,30,78,6,180,18,2,0,0,1,3,1,1,1,1,0.049787068367863944,0.4,0.5357142857142857,0.16666666666666666,0.341667522104156
5,120,89,7,150,17,4,1,0,1,5,1,1,1,1,0.0820849986238988,1.0,0.47023809523809523,0.8,0.5927901407144752
1,30,86,7,30,16,0,0,0,1,2,1,1,1,1,0.10539922456186433,0.2,0.48809523809523814,1.0,0.2947617969079308
1,90,125,7,180,8,5,0,0,1,5,1,1,1,1,0.7788007830714049,0.2,0.25595238095238093,0.5,0.4066319108561431
4,120,73,6,120,12,1,0,0,1,5,1,1,1,1,0.22313016014842982,0.8,0.5654761904761905,1.0,0.5834617317445616
2,30,138,8,180,21,4,1,0,0,1,1,1,1,1,0.06392786120670757,0.4,0.1785714285714286,0.16666666666666666,0.2572180869023312
1,60,85,8,150,22,5,0,0,0,3,1,1,1,1,0.0820849986238988,0.2,0.49404761904761907,0.4,0.24350766373670935
4,45,150,9,120,19,0,0,0,0,1,1,1,1,1,0.0820849986238988,0.8,0.1071428571428571,0.375,0.35730251374311567
1,30,63,8,150,16,2,1,1,0,4,1,1,1,1,0.1353352832366127,0.2,0.625,0.2,0.3135465492470001
5,60,147,6,120,16,6,1,0,1,0,1,1,1,1,0.0820849986238988,1.0,0.125,0.5,0.4657530842372982
1,30,86,8,180,12,0,1,0,1,4,1,1,1,1,0.36787944117144233,0.2,0.48809523809523814,0.16666666666666666,0.38094735232688515
1,60,84,6,90,10,5,1,0,0,1,1,1,1,1,0.36787944117144233,0.2,0.5,0.6666666666666666,0.3530160892459695
3,45,76,8,120,22,4,0,0,0,2,1,1,1,1,0.0820849986238988,0.6,0.5476190476190477,0.375,0.3778017063669544
4,60,57,6,90,17,1,1,0,1,0,1,1,1,1,0.06392786120670757,0.8,0.6607142857142857,0.6666666666666666,0.5653423363406671
5,120,168,6,150,13,6,1,0,0,3,1,1,1,1,0.17377394345044514,1.0,0.0,0.8,0.4629678666698349
4,30,132,6,90,15,5,1,0,1,3,1,1,1,1,0.10539922456186433,0.8,0.2142857142857143,0.3333333333333333,0.36961262254504945
5,45,135,8,90,10,0,1,0,0,1,1,1,1,1,0.6065306597126334,1.0,0.1964285714285714,0.5,0.5913935304049216
2,120,112,8,120,19,2,1,0,1,2,1,1,1,1,0.06392786120670757,0.4,0.33333333333333337,1.0,0.3748932098793158
3,45,153,10,90,19,0,1,0,0,0,1,1,1,1,0.10539922456186433,0.6,0.0892857142857143,0.5,0.2851658605185241
2,30,40,7,30,8,3,0,0,1,0,1,1,1,1,0.7788007830714049,0.4,0.7619047619047619,1.0,0.611677634219987
5,60,156,8,180,13,1,1,0,0,4,1,1,1,1,0.2865047968601901,1.0,0.0714285714285714,0.3333333333333333,0.4618231454988601
4,30,18,6,30,10,6,1,0,0,3,1,1,1,1,0.36787944117144233,0.8,0.8928571428571429,1.0,0.7171348450822136
3,60,113,6,180,21,6,1,0,0,5,1,1,1,1,0.10539922456186433,0.6,0.32738095238095233,0.3333333333333333,0.35036712443873075
5,150,165,6,180,21,2,0,0,1,2,1,1,1,1,0.10539922456186433,1.0,0.017857142857142905,0.8333333333333334,0.4602833058585306
5,30,100,7,45,12,0,0,1,0,3,1,1,1,1,0.2865047968601901,1.0,0.40476190476190477,0.6666666666666666,0.5899291047333033
1,30,141,8,120,14,0,0,0,1,2,1,1,1,1,0.22313016014842982,0.2,0.1607142857142857,0.25,0.26144267111266467
2,60,133,7,180,18,6,0,1,1,2,1,1,1,1,0.06392786120670757,0.4,0.20833333333333337,0.3333333333333333,0.27370809080424896
3,60,98,9,60,18,4,1,0,1,2,1,1,1,1,0.10539922456186433,0.6,0.41666666666666663,1.0,0.4444313444146785
2,120,93,7,150,15,6,0,0,0,2,1,1,1,1,0.1353352832366127,0.4,0.4464285714285714,0.8,0.3614340889908211
2,60,91,7,90,14,6,1,0,1,5,1,1,1,1,0.17377394345044514,0.4,0.45833333333333337,0.6666666666666666,0.4013037272571398
5,30,101,8,45,7,3,1,0,0,1,1,1,1,1,0.7788007830714049,1.0,0.39880952380952384,0.6666666666666666,0.7139570434190144
1,90,158,8,180,20,4,0,0,0,2,1,1,1,1,0.049787068367863944,0.2,0.059523809523809534,0.5,0.10886796165187287
3,30,162,11,180,17,0,0,0,1,1,1,1,1,1,0.22313016014842982,0.6,0.0357142857142857,0.16666666666666666,0.30402078598355425
1,60,124,8,180,7,2,1,0,1,4,1,1,1,1,0.7788007830714049,0.2,0.26190476190476186,0.3333333333333333,0.3921760638411666
3,60,136,10,60,20,1,0,0,0,5,1,1,1,1,0.0820849986238988,0.6,0.19047619047619047,1.0,0.34078460708296304
3,45,98,6,90,15,0,1,1,1,1,1,1,1,1,0.10539922456186433,0.6,0.41666666666666663,0.5,0.4310170994703997
1,60,25,6,150,9,4,0,1,0,3,1,1,1,1,0.4723665527410147,0.2,0.8511904761904762,0.4,0.456737659883736
2,45,116,7,150,12,1,0,0,0,1,1,1,1,1,0.2865047968601901,0.4,0.30952380952380953,0.3,0.3212565545364162
3,45,148,11,45,17,4,0,1,1,0,1,1,1,1,0.22313016014842982,0.6,0.11904761904761907,1.0,0.411737167603529
1,90,134,8,180,7,5,0,1,0,5,1,1,1,1,0.7788007830714049,0.2,0.20238095238095233,0.5,0.3972225510343302
2,90,107,7,120,18,5,1,0,1,0,1,1,1,1,0.06392786120670757,0.4,0.36309523809523814,0.75,0.3296121544737335
1,30,108,7,60,7,4,0,1,0,4,1,1,1,1,1.0,0.2,0.3571428571428571,0.5,0.5381393706217572
2,45,47,7,60,14,1,0,1,0,0,1,1,1,1,0.17377394345044514,0.4,0.7202380952380952,0.75,0.49005075510910767
1,30,110,8,180,20,4,1,0,1,5,1,1,1,1,0.049787068367863944,0.2,0.34523809523809523,0.16666666666666666,0.27343470483381327
2,45,114,10,90,13,1,0,0,1,4,1,1,1,1,0.4723665527410147,0.4,0.3214285714285714,0.5,0.40085457943433095
1,60,162,8,60,18,1,0,0,1,4,1,1,1,1,0.0820849986238988,0.2,0.0357142857142857,1.0,0.17932756403581743
1,30,144,7,180,11,0,1,0,1,5,1,1,1,1,0.36787944117144233,0.2,0.1428571428571429,0.16666666666666666,0.24430302155459097
5,45,102,7,180,19,6,0,1,0,5,1,1,1,1,0.049787068367863944,1.0,0.3928571428571429,0.25,0.4855721627999292
2,150,159,9,150,17,3,0,0,1,2,1,1,1,1,0.1353352832366127,0.4,0.0535714285714286,1.0,0.2923217601871291
2,150,142,6,180,11,0,1,0,0,5,1,1,1,1,0.2865047968601901,0.4,0.15476190476190477,0.8333333333333334,0.32961445590605465
3,30,61,6,120,6,0,0,0,1,4,1,1,1,1,1.0,0.6,0.6369047619047619,0.25,0.73298027337866
4,30,165,7,60,10,4,0,0,0,0,1,1,1,1,0.4723665527410147,0.8,0.017857142857142905,0.5,0.4387534742579734
4,45,71,7,150,19,6,1,0,0,4,1,1,1,1,0.049787068367863944,0.8,0.5773809523809523,0.3,0.4922045888603437
4,45,64,6,180,14,5,1,1,1,5,1,1,1,1,0.1353352832366127,0.8,0.6190476190476191,0.25,0.5488486073207929
1,90,149,8,180,19,3,1,0,0,0,1,1,1,1,0.06392786120670757,0.2,0.11309523809523814,0.5,0.1922329166273076
1,60,152,9,180,20,4,1,0,0,3,1,1,1,1,0.06392786120670757,0.2,0.09523809523809523,0.3333333333333333,0.16056473285828674
5,45,74,7,150,8,1,1,0,0,5,1,1,1,1,0.7788007830714049,1.0,0.5595238095238095,0.3,0.7761132823251657
1,30,115,6,45,15,6,1,0,0,4,1,1,1,1,0.10539922456186433,0.2,0.31547619047619047,0.6666666666666666,0.26906489813091655
3,45,61,7,60,16,4,0,0,1,2,1,1,1,1,0.10539922456186433,0.6,0.6369047619047619,0.75,0.4816125508952911
5,45,81,7,180,11,6,1,0,1,1,1,1,1,1,0.36787944117144233,1.0,0.5178571428571428,0.25,0.6467848063238893
2,150,104,7,150,12,5,1,0,0,4,1,1,1,1,0.2865047968601901,0.4,0.38095238095238093,1.0,0.3954834482179749
3,30,63,6,60,10,0,0,1,0,1,1,1,1,1,0.36787944117144233,0.6,0.625,0.5,0.5569439963639756
4,30,114,9,30,14,4,0,0,1,3,1,1,1,1,0.2865047968601901,0.8,0.3214285714285714,1.0,0.5361474955391665
1,45,20,6,150,15,6,0,1,1,0,1,1,1,1,0.10539922456186433,0.2,0.8809523809523809,0.3,0.4305125593590751
4,45,90,8,90,11,0,0,0,1,2,1,1,1,1,0.4723665527410147,0.8,0.4642857142857143,0.5,0.5598775882170117
2,45,160,9,90,16,3,0,0,1,1,1,1,1,1,0.17377394345044514,0.4,0.04761904761904767,0.5,0.2645581146169643
4,30,131,8,45,10,1,1,0,1,2,1,1,1,1,0.6065306597126334,0.8,0.22023809523809523,0.6666666666666666,0.582519158429345
3,30,77,6,150,14,3,1,0,1,3,1,1,1,1,0.1353352832366127,0.6,0.5416666666666667,0.2,0.4574246826097007
5,60,109,7,150,6,3,1,1,0,5,1,1,1,1,0.7788007830714049,1.0,0.35119047619047616,0.4,0.6936981439640759
5,45,167,10,150,6,3,0,0,1,0,1,1,1,1,0.36787944117144233,1.0,0.005952380952380931,0.3,0.46512835089669646
4,30,78,8,45,15,2,0,0,0,1,1,1,1,1,0.17377394345044514,0.8,0.5357142857142857,0.6666666666666666,0.503929936445831
3,30,128,7,180,16,1,0,0,0,0,1,1,1,1,0.10539922456186433,0.6,0.23809523809523814,0.16666666666666666,0.36124737817133257
2,90,91,6,120,16,0,0,0,0,0,1,1,1,1,0.0820849986238988,0.4,0.45833333333333337,0.75,0.3797287227501104
1,90,93,8,180,20,3,1,1,1,0,1,1,1,1,0.049787068367863944,0.2,0.4464285714285714,0.5,0.3410656781808038
1,45,59,7,45,6,1,1,0,1,3,1,1,1,1,0.7788007830714049,0.2,0.6488095238095238,1.0,0.5076476103133477
4,90,165,8,150,12,0,1,1,1,5,1,1,1,1,0.36787944117144233,0.8,0.017857142857142905,0.6,0.38832028425455495
4,30,168,7,120,18,6,1,0,0,1,1,1,1,1,0.06392786120670757,0.8,0.0,0.25,0.37190584099151874
2,30,143,8,180,20,6,1,0,0,2,1,1,1,1,0.049787068367863944,0.4,0.14880952380952384,0.16666666666666666,0.18951060303890246
1,90,119,8,90,21,0,1,1,0,4,1,1,1,1,0.06392786120670757,0.2,0.29166666666666663,1.0,0.24484687336927755
3,30,72,8,30,20,5,1,0,0,4,1,1,1,1,0.049787068367863944,0.6,0.5714285714285714,1.0,0.43871600459174454
1,90,108,6,120,21,5,0,1,1,0,1,1,1,1,0.10539922456186433,0.2,0.3571428571428571,0.75,0.32750428193697245
2,45,140,9,150,7,1,1,0,0,1,1,1,1,1,0.6065306597126334,0.4,0.16666666666666663,0.3,0.3382382990036141
2,90,164,9,180,6,1,0,0,0,1,1,1,1,1,0.4723665527410147,0.4,0.023809523809523836,0.5,0.27686759247763987
2,90,119,9,180,21,4,1,0,0,3,1,1,1,1,0.049787068367863944,0.4,0.29166666666666663,0.5,0.2045634689852769
4,90,125,8,90,11,6,1,0,1,5,1,1,1,1,0.4723665527410147,0.8,0.25595238095238093,1.0,0.5619867333198076
4,90,147,6,180,9,1,1,0,1,1,1,1,1,1,0.4723665527410147,0.8,0.125,0.5,0.5118620276806624
3,30,48,7,30,19,3,0,0,0,0,1,1,1,1,0.049787068367863944,0.6,0.7142857142857143,1.0,0.4783528252922923
2,30,114,7,120,21,1,1,0,0,1,1,1,1,1,0.0820849986238988,0.4,0.3214285714285714,0.25,0.25991397993446713
3,45,134,7,60,21,3,0,0,0,2,1,1,1,1,0.0820849986238988,0.6,0.20238095238095233,0.75,0.3604696240794937
4,45,60,7,120,10,0,0,0,0,4,1,1,1,1,0.4723665527410147,0.8,0.6428571428571428,0.375,0.5867303604328539
4,30,123,10,90,11,3,0,0,0,3,1,1,1,1,0.7788007830714049,0.8,0.2678571428571429,0.3333333333333333,0.5407560766796307
2,30,138,7,90,21,4,1,0,1,3,1,1,1,1,0.0820849986238988,0.4,0.1785714285714286,0.3333333333333333,0.25359084055320547
3,45,162,11,90,6,1,0,0,1,3,1,1,1,1,0.2865047968601901,0.6,0.0357142857142857,0.5,0.3285070258160656
1,30,119,8,45,22,0,1,0,1,3,1,1,1,1,0.0820849986238988,0.2,0.29166666666666663,0.6666666666666666,0.24954652933769456
2,30,142,10,150,15,5,0,0,1,0,1,1,1,1,0.2865047968601901,0.4,0.15476190476190477,0.2,0.27959479184485186
1,60,142,6,90,16,5,1,0,0,4,1,1,1,1,0.0820849986238988,0.2,0.15476190476190477,0.6666666666666666,0.19220305484720918
1,30,161,8,180,19,0,1,0,0,4,1,1,1,1,0.06392786120670757,0.2,0.04166666666666663,0.16666666666666666,0.14027736561038895
1,30,118,7,150,19,2,1,0,1,5,1,1,1,1,0.049787068367863944,0.2,0.29761904761904767,0.2,0.15836262526251418
4,120,107,8,180,17,4,0,0,0,1,1,1,1,1,0.10539922456186433,0.8,0.36309523809523814,0.6666666666666666,0.4358292504024323
2,60,78,7,90,10,5,0,0,0,2,1,1,1,1,0.4723665527410147,0.4,0.5357142857142857,0.6666666666666666,0.45420737194561206
5,150,157,10,180,6,0,1,0,0,3,1,1,1,1,0.36787944117144233,1.0,0.06547619047619047,0.8333333333333334,0.5165556621787418
3,30,113,10,180,17,5,1,0,1,1,1,1,1,1,0.17377394345044514,0.6,0.32738095238095233,0.16666666666666666,0.3975199653168896
4,30,100,6,30,17,6,1,0,0,3,1,1,1,1,0.06392786120670757,0.8,0.40476190476190477,1.0,0.5033056184244852
1,30,143,11,120,18,5,1,1,0,4,1,1,1,1,0.17377394345044514,0.2,0.14880952380952384,0.25,0.1867896574781324
4,90,58,6,150,21,1,1,0,0,4,1,1,1,1,0.10539922456186433,0.8,0.6547619047619048,0.6,0.5607128003839932
5,60,88,6,120,10,2,1,0,1,3,1,1,1,1,0.36787944117144233,1.0,0.47619047619047616,0.5,0.6781046540056637
5,30,141,11,60,9,3,0,0,1,5,1,1,1,1,0.6065306597126334,1.0,0.1607142857142857,0.5,0.5956575724225384
4,60,49,6,60,10,2,1,1,0,1,1,1,1,1,0.36787944117144233,0.8,0.7083333333333333,1.0,0.6732589412775538
1,45,91,6,60,20,1,0,0,0,1,1,1,1,1,0.0820849986238988,0.2,0.45833333333333337,0.75,0.30430476732892286
3,45,105,7,90,9,0,1,0,0,5,1,1,1,1,0.6065306597126334,0.6,0.375,0.5,0.5214521537386729
3,150,138,6,180,12,4,0,0,1,4,1,1,1,1,0.22313016014842982,0.6,0.1785714285714286,0.8333333333333334,0.35875710015810935
2,30,82,7,90,15,1,1,0,1,2,1,1,1,1,0.1353352832366127,0.4,0.5119047619047619,0.3333333333333333,0.3658132613434286
3,150,141,7,150,9,0,0,0,1,2,1,1,1,1,0.6065306597126334,0.6,0.1607142857142857,1.0,0.4598354801846144
3,30,132,6,30,12,5,0,0,1,4,1,1,1,1,0.22313016014842982,0.6,0.2142857142857143,1.0,0.41416798420582385
3,60,148,10,150,8,2,0,0,1,3,1,1,1,1,0.6065306597126334,0.6,0.11904761904761907,0.4,0.3521990059292948
3,120,133,6,180,16,1,0,0,1,2,1,1,1,1,0.0820849986238988,0.6,0.20833333333333337,0.6666666666666666,0.3502596430270753
5,45,80,8,150,14,5,1,0,0,3,1,1,1,1,0.22313016014842982,1.0,0.5238095238095238,0.3,0.6047607028596397
1,30,117,10,60,11,6,1,0,1,5,1,1,1,1,0.7788007830714049,0.2,0.3035714285714286,0.5,0.4044252550241768
3,60,92,8,180,22,0,0,0,0,0,1,1,1,1,0.0820849986238988,0.6,0.45238095238095233,0.3333333333333333,0.3838576116146694
4,45,152,11,45,17,2,1,0,0,4,1,1,1,1,0.22313016014842982,0.8,0.09523809523809523,1.0,0.4068775324765141
1,30,105,8,45,17,2,1,0,1,4,1,1,1,1,0.10539922456186433,0.2,0.375,0.6666666666666666,0.23421046875844
4,60,34,6,150,19,4,1,0,0,0,1,1,1,1,0.06392786120670757,0.8,0.7976190476190477,0.4,0.5655570222355331
5,45,108,7,90,17,3,0,0,0,2,1,1,1,1,0.0820849986238988,1.0,0.3571428571428571,0.5,0.49312992538413036
3,120,65,6,180,14,0,0,1,0,0,1,1,1,1,0.1353352832366127,0.6,0.6130952380952381,0.6666666666666666,0.5110058726998954
5,60,135,8,120,20,6,1,1,1,3,1,1,1,1,0.049787068367863944,1.0,0.1964285714285714,0.5,0.5249716727653497
2,45,157,7,90,13,5,0,0,1,2,1,1,1,1,0.22313016014842982,0.4,0.06547619047619047,0.5,0.26518617095039304
4,60,46,6,120,17,1,1,0,1,4,1,1,1,1,0.06392786120670757,0.8,0.7261904761904762,0.5,0.5585023429559051
4,60,118,8,150,6,2,0,0,0,5,1,1,1,1,0.6065306597126334,0.8,0.29761904761904767,0.4,0.5515976341727462
3,120,85,6,180,22,1,0,0,0,5,1,1,1,1,0.1353352832366127,0.6,0.49404761904761907,0.6666666666666666,0.4040156054507467
3,90,103,7,180,17,0,1,0,0,5,1,1,1,1,0.0820849986238988,0.6,0.38690476190476186,0.5,0.37907236757569845
5,45,32,6,90,13,4,0,0,1,0,1,1,1,1,0.17377394345044514,1.0,0.8095238095238095,0.5,0.720304489413839
3,45,147,10,180,6,3,0,0,0,2,1,1,1,1,0.36787944117144233,0.6,0.125,0.25,0.3793789936068726
1,30,83,8,180,10,5,1,0,1,0,1,1,1,1,0.6065306597126334,0.2,0.5059523809523809,0.16666666666666666,0.391104675108457
1,30,42,7,60,16,5,0,1,0,0,1,1,1,1,0.10539922456186433,0.2,0.75,0.5,0.3573001018841926
3,30,150,7,120,16,1,0,0,1,3,1,1,1,1,0.10539922456186433,0.6,0.1071428571428571,0.25,0.33471326007775926
4,60,106,6,150,9,1,1,0,0,2,1,1,1,1,0.4723665527410147,0.8,0.36904761904761907,0.4,0.5236829882126732
5,120,81,6,120,11,6,0,0,1,1,1,1,1,1,0.2865047968601901,1.0,0.5178571428571428,1.0,0.6501711633322192
2,90,121,6,150,21,2,0,0,0,3,1,1,1,1,0.10539922456186433,0.4,0.27976190476190477,0.6,0.2879375954910745
3,45,117,10,45,14,4,0,0,0,5,1,1,1,1,0.36787944117144233,0.6,0.3035714285714286,1.0,0.4088980238059968
4,90,168,8,150,11,4,0,0,1,5,1,1,1,1,0.4723665527410147,0.8,0.0,0.6,0.4455743802081856
2,45,160,9,150,11,3,0,0,0,4,1,1,1,1,0.6065306597126334,0.4,0.04761904761904767,0.3,0.2797432217284575
3,45,72,7,60,18,0,1,0,0,3,1,1,1,1,0.06392786120670757,0.6,0.5714285714285714,0.75,0.4179562770241916
3,60,96,7,180,7,6,0,0,0,4,1,1,1,1,1.0,0.6,0.4285714285714286,0.3333333333333333,0.6398122657188542
4,30,70,7,150,10,6,1,1,0,3,1,1,1,1,0.4723665527410147,0.8,0.5833333333333333,0.2,0.607514072489545
4,45,73,8,150,10,0,1,0,1,1,1,1,1,1,0.6065306597126334,0.8,0.5654761904761905,0.3,0.657414619961557
1,30,159,10,90,18,3,0,0,0,1,1,1,1,1,0.1353352832366127,0.2,0.0535714285714286,0.3333333333333333,0.13290157503918132
5,30,121,8,45,7,4,0,0,0,0,1,1,1,1,0.7788007830714049,1.0,0.27976190476190477,0.6666666666666666,0.6905634997815248
5,90,152,6,150,8,5,1,0,0,3,1,1,1,1,0.6065306597126334,1.0,0.09523809523809523,0.6,0.6231039826674895
4,150,163,7,150,10,6,0,1,0,3,1,1,1,1,0.4723665527410147,0.8,0.029761904761904767,1.0,0.5092903764200775
2,120,102,6,120,14,0,1,0,0,1,1,1,1,1,0.1353352832366127,0.4,0.3928571428571429,1.0,0.4210624354168317
4,30,59,6,180,9,1,1,0,0,5,1,1,1,1,0.4723665527410147,0.8,0.6488095238095238,0.16666666666666666,0.5622530889003121
3,30,37,6,45,16,4,0,0,1,4,1,1,1,1,0.0820849986238988,0.6,0.7797619047619048,0.6666666666666666,0.5357595176981595
1,90,135,7,120,13,2,1,0,0,0,1,1,1,1,0.22313016014842982,0.2,0.1964285714285714,0.75,0.21369342554797005
4,120,163,8,180,18,4,0,0,1,5,1,1,1,1,0.0820849986238988,0.8,0.029761904761904767,0.6666666666666666,0.3686746524981467
1,45,154,7,45,14,1,1,0,0,4,1,1,1,1,0.17377394345044514,0.2,0.08333333333333337,1.0,0.16389660260243968
2,30,92,7,120,19,5,0,0,1,5,1,1,1,1,0.049787068367863944,0.4,0.45238095238095233,0.25,0.31513989195985553
4,90,78,6,120,14,5,0,0,0,5,1,1,1,1,0.1353352832366127,0.8,0.5357142857142857,0.75,0.48866027316006805
3,120,123,7,150,6,6,1,0,0,2,1,1,1,1,0.7788007830714049,0.6,0.2678571428571429,0.8,0.5002291072339932
2,45,78,6,150,6,1,1,0,0,1,1,1,1,1,1.0,0.4,0.5357142857142857,0.3,0.5811902278794674
5,90,58,6,120,15,6,0,1,0,4,1,1,1,1,0.10539922456186433,1.0,0.6547619047619048,0.75,0.6537531336578686
5,30,151,6,90,21,5,1,1,1,0,1,1,1,1,0.10539922456186433,1.0,0.10119047619047616,0.3333333333333333,0.43140576745759046
5,60,89,8,150,13,4,1,0,1,1,1,1,1,1,0.2865047968601901,1.0,0.47023809523809523,0.4,0.5874870850410885
2,90,145,8,90,11,0,1,1,0,2,1,1,1,1,0.4723665527410147,0.4,0.13690476190476186,1.0,0.38302499874433216
5,45,148,7,60,16,5,1,0,0,4,1,1,1,1,0.10539922456186433,1.0,0.11904761904761907,0.75,0.47037134150622684
4,30,101,7,150,6,1,0,1,0,1,1,1,1,1,0.7788007830714049,0.8,0.39880952380952384,0.2,0.6462404976016508
2,30,145,8,90,16,1,1,0,0,1,1,1,1,1,0.1353352832366127,0.4,0.13690476190476186,0.3333333333333333,0.19061731169683022
3,150,168,9,180,10,1,0,1,0,4,1,1,1,1,0.7788007830714049,0.6,0.0,0.8333333333333334,0.4623498927407298
3,90,132,10,120,16,4,0,0,0,3,1,1,1,1,0.22313016014842982,0.6,0.2142857142857143,0.75,0.3590031841192472
3,60,24,6,180,9,0,1,0,1,0,1,1,1,1,0.4723665527410147,0.6,0.8571428571428572,0.3333333333333333,0.6466781089813824
4,45,69,8,180,18,4,1,0,1,5,1,1,1,1,0.0820849986238988,0.8,0.5892857142857143,0.25,0.4981645325699218
5,45,93,7,45,18,4,1,1,0,2,1,1,1,1,0.06392786120670757,1.0,0.4464285714285714,1.0,0.5918891107109697
3,60,126,9,180,10,2,0,1,1,2,1,1,1,1,0.7788007830714049,0.6,0.25,0.3333333333333333,0.5709316497430408
1,30,137,7,45,22,5,0,0,1,3,1,1,1,1,0.10539922456186433,0.2,0.18452380952380953,0.6666666666666666,0.1726553564779333
1,90,142,10,150,17,4,0,1,1,0,1,1,1,1,0.17377394345044514,0.2,0.15476190476190477,0.6,0.23101977208851088
4,45,94,8,150,11,0,0,1,1,0,1,1,1,1,0.4723665527410147,0.8,0.44047619047619047,0.3,0.5508776052224942
3,45,157,6,60,9,4,1,0,1,5,1,1,1,1,0.4723665527410147,0.6,0.06547619047619047,0.75,0.3974335690646142
2,90,132,7,90,15,0,0,1,0,3,1,1,1,1,0.1353352832366127,0.4,0.2142857142857143,1.0,0.3464578118202651
1,45,133,6,90,19,6,1,0,0,3,1,1,1,1,0.06392786120670757,0.2,0.20833333333333337,0.5,0.16297160526834642
4,45,142,9,150,22,1,0,1,0,3,1,1,1,1,0.06392786120670757,0.8,0.15476190476190477,0.3,0.40923296468709724
2,30,166,8,180,12,3,0,0,0,1,1,1,1,1,0.36787944117144233,0.4,0.011904761904761862,0.16666666666666666,0.222302340240224
5,30,86,6,30,21,1,1,0,1,0,1,1,1,1,0.10539922456186433,1.0,0.48809523809523814,1.0,0.5610995742806523
3,45,112,9,60,11,4,1,0,1,1,1,1,1,1,0.6065306597126334,0.6,0.33333333333333337,0.75,0.5132684531823933
4,90,138,7,90,9,0,1,0,0,1,1,1,1,1,0.6065306597126334,0.8,0.1785714285714286,1.0,0.5057940775081413
5,45,164,8,150,13,2,0,0,0,1,1,1,1,1,0.2865047968601901,1.0,0.023809523809523836,0.3,0.45110212255453125
3,120,58,6,120,14,3,0,0,1,3,1,1,1,1,0.1353352832366127,0.6,0.6547619047619048,1.0,0.5330450445715961
4,45,90,7,180,11,4,0,0,0,1,1,1,1,1,0.36787944117144233,0.8,0.4642857142857143,0.25,0.5180026891011357
5,30,102,9,30,7,3,1,1,0,4,1,1,1,1,0.6065306597126334,1.0,0.3928571428571429,1.0,0.7013048909375801
4,90,117,7,90,16,4,0,0,0,3,1,1,1,1,0.10539922456186433,0.8,0.3035714285714286,1.0,0.4176535540859039
4,90,85,7,90,6,5,1,0,0,0,1,1,1,1,0.7788007830714049,0.8,0.49404761904761907,1.0,0.6366077341170923
3,45,83,7,60,7,3,0,0,0,0,1,1,1,1,1.0,0.6,0.5059523809523809,0.75,0.6331652623133921
5,45,54,6,90,15,5,0,1,1,3,1,1,1,1,0.10539922456186433,1.0,0.6785714285714286,0.5,0.6929912889004357
4,30,142,8,45,10,3,1,0,0,4,1,1,1,1,0.6065306597126334,0.8,0.15476190476190477,0.6666666666666666,0.5345002132447568
1,30,53,6,45,14,4,1,0,0,4,1,1,1,1,0.1353352832366127,0.2,0.6845238095238095,0.6666666666666666,0.3137110723094192
3,30,165,9,45,17,2,0,1,0,4,1,1,1,1,0.1353352832366127,0.6,0.017857142857142905,0.6666666666666666,0.3514859075632685
5,120,115,6,180,11,4,1,0,0,3,1,1,1,1,0.2865047968601901,1.0,0.31547619047619047,0.6666666666666666,0.539581552799648
2,60,157,8,120,18,4,0,0,1,0,1,1,1,1,0.0820849986238988,0.4,0.06547619047619047,0.5,0.2326576819312948
2,150,141,9,150,7,1,0,1,0,2,1,1,1,1,0.6065306597126334,0.4,0.1607142857142857,1.0,0.4030740519940827
1,30,147,8,180,9,0,0,0,1,0,1,1,1,1,0.7788007830714049,0.2,0.125,0.16666666666666666,0.359237954271564
5,90,163,9,150,6,2,1,0,1,1,1,1,1,1,0.4723665527410147,1.0,0.029761904761904767,0.6,0.546677914309807
3,45,153,7,150,17,3,0,0,0,2,1,1,1,1,0.0820849986238988,0.6,0.0892857142857143,0.3,0.27744927341484177
5,45,137,7,90,20,4,0,0,0,5,1,1,1,1,0.06392786120670757,1.0,0.18452380952380953,0.5,0.49169245708058834
5,60,164,11,60,21,2,1,0,1,2,1,1,1,1,0.0820849986238988,1.0,0.023809523809523836,1.0,0.5008359787872559
3,60,99,8,150,9,4,0,0,0,5,1,1,1,1,0.7788007830714049,0.6,0.4107142857142857,0.4,0.5222978643415123
1,45,61,7,150,21,6,1,1,1,3,1,1,1,1,0.0820849986238988,0.2,0.6369047619047619,0.3,0.3286727586578212
2,30,139,11,90,11,0,1,0,0,2,1,1,1,1,1.0,0.4,0.17261904761904767,0.3333333333333333,0.4356932718218295
4,180,138,8,180,6,6,0,0,0,2,1,1,1,1,0.6065306597126334,0.8,0.1785714285714286,1.0,0.5054831062489547
3,60,60,7,60,17,4,0,1,0,3,1,1,1,1,0.0820849986238988,0.6,0.6428571428571428,1.0,0.4838523692501194
4,120,125,6,150,10,5,1,0,1,2,1,1,1,1,0.36787944117144233,0.8,0.25595238095238093,0.8,0.5229378896896488
1,30,149,10,30,11,2,0,0,0,3,1,1,1,1,0.7788007830714049,0.2,0.11309523809523814,1.0,0.31932268734441904
1,45,49,7,60,11,0,1,0,0,3,1,1,1,1,0.36787944117144233,0.2,0.7083333333333333,0.75,0.3938342592805932
1,150,148,7,180,22,0,0,0,0,5,1,1,1,1,0.10539922456186433,0.2,0.11904761904761907,0.8333333333333334,0.18364362421078895
4,30,113,7,120,14,6,1,0,0,5,1,1,1,1,0.17377394345044514,0.8,0.32738095238095233,0.25,0.43746813592306827
2,90,96,6,120,20,3,1,0,0,5,1,1,1,1,0.0820849986238988,0.4,0.4285714285714286,0.75,0.3242523654462056
4,30,74,7,60,21,0,1,0,0,5,1,1,1,1,0.0820849986238988,0.8,0.5595238095238095,0.5,0.4683056251486849
3,45,124,7,45,19,6,0,0,0,1,1,1,1,1,0.049787068367863944,0.6,0.26190476190476186,1.0,0.33506285571301997
3,60,163,8,150,21,2,1,0,0,5,1,1,1,1,0.06392786120670757,0.6,0.029761904761904767,0.4,0.28042848421094857
5,60,30,6,180,9,1,0,0,0,0,1,1,1,1,0.4723665527410147,1.0,0.8214285714285714,0.3333333333333333,0.6911835405414707
4,45,96,8,120,6,1,0,0,0,1,1,1,1,1,0.6065306597126334,0.8,0.4285714285714286,0.375,0.5570869857718321
3,60,144,6,120,7,0,0,0,1,2,1,1,1,1,0.7788007830714049,0.6,0.1428571428571429,0.5,0.5330503839145091
3,60,154,6,60,20,1,0,0,1,5,1,1,1,1,0.0820849986238988,0.6,0.08333333333333337,1.0,0.32939364811116084
3,30,135,9,90,17,1,0,0,0,3,1,1,1,1,0.1353352832366127,0.6,0.1964285714285714,0.3333333333333333,0.3285077542692961
5,120,166,10,120,8,6,1,1,0,3,1,1,1,1,0.6065306597126334,1.0,0.011904761904761862,1.0,0.6149919137371709
3,45,48,7,150,18,5,0,0,1,3,1,1,1,1,0.06392786120670757,0.6,0.7142857142857143,0.3,0.4863997066353065
5,45,62,7,120,15,5,0,0,0,4,1,1,1,1,0.1353352832366127,1.0,0.6309523809523809,0.375,0.5635662106552662
3,90,82,7,150,10,2,0,0,1,1,1,1,1,1,0.4723665527410147,0.6,0.5119047619047619,0.6,0.497672336229431
5,150,105,6,180,12,1,0,1,0,2,1,1,1,1,0.22313016014842982,1.0,0.375,0.8333333333333334,0.579314330468157
3,45,128,9,45,12,3,0,0,0,5,1,1,1,1,0.4723665527410147,0.6,0.23809523809523814,1.0,0.5036286070536523
4,30,114,6,120,14,0,0,0,0,3,1,1,1,1,0.1353352832366127,0.8,0.3214285714285714,0.25,0.45054618987710515
5,45,158,10,120,9,1,0,0,0,4,1,1,1,1,0.7788007830714049,1.0,0.059523809523809534,0.375,0.571320570721051
2,60,99,7,90,8,2,0,0,1,4,1,1,1,1,0.7788007830714049,0.4,0.4107142857142857,0.6666666666666666,0.5242118087763039
3,30,102,7,90,20,2,1,1,1,5,1,1,1,1,0.06392786120670757,0.6,0.3928571428571429,0.3333333333333333,0.4421076452592486
3,45,111,6,60,10,1,0,1,1,4,1,1,1,1,0.36787944117144233,0.6,0.3392857142857143,0.75,0.5161636045389162
1,30,132,7,180,15,0,1,0,1,3,1,1,1,1,0.1353352832366127,0.2,0.2142857142857143,0.16666666666666666,0.2109206406347539
4,30,90,6,150,21,5,0,0,0,0,1,1,1,1,0.10539922456186433,0.8,0.4642857142857143,0.2,0.46896871675567875
5,120,165,7,150,20,5,1,0,0,0,1,1,1,1,0.06392786120670757,1.0,0.017857142857142905,0.8,0.350550963218483
4,120,163,8,150,15,4,0,0,1,2,1,1,1,1,0.17377394345044514,0.8,0.029761904761904767,0.8,0.3790747586206223
4,60,72,7,150,18,5,1,1,0,5,1,1,1,1,0.06392786120670757,0.8,0.5714285714285714,0.4,0.5191935662814178
3,180,146,6,180,11,1,1,0,0,2,1,1,1,1,0.2865047968601901,0.6,0.13095238095238093,1.0,0.37377789770902126
4,45,158,11,180,15,2,0,0,1,0,1,1,1,1,0.36787944117144233,0.8,0.059523809523809534,0.25,0.42674149639251846
1,60,124,7,90,10,0,1,0,0,0,1,1,1,1,0.4723665527410147,0.2,0.26190476190476186,0.6666666666666666,0.23845879088234345
2,120,76,7,120,15,1,0,0,1,2,1,1,1,1,0.1353352832366127,0.4,0.5476190476190477,1.0,0.4134873278603898
1,30,87,7,150,21,2,1,0,1,3,1,1,1,1,0.0820849986238988,0.2,0.4821428571428571,0.2,0.3214271565192774
5,60,134,7,120,13,4,1,0,0,2,1,1,1,1,0.22313016014842982,1.0,0.20238095238095233,0.5,0.4736228933293671
3,60,133,7,90,16,2,0,0,0,5,1,1,1,1,0.10539922456186433,0.6,0.20833333333333337,0.6666666666666666,0.33638067404593536
1,45,133,8,150,12,6,0,0,1,2,1,1,1,1,0.36787944117144233,0.2,0.20833333333333337,0.3,0.27673651605661354
1,90,144,9,90,11,5,1,1,0,0,1,1,1,1,0.6065306597126334,0.2,0.1428571428571429,1.0,0.3657282338807029
2,60,142,8,60,22,4,1,1,1,2,1,1,1,1,0.0820849986238988,0.4,0.15476190476190477,1.0,0.2509303973734492
2,45,122,10,180,6,5,0,0,0,3,1,1,1,1,0.36787944117144233,0.4,0.27380952380952384,0.25,0.32127254311588277
4,60,111,9,180,13,6,0,0,1,1,1,1,1,1,0.36787944117144233,0.8,0.3392857142857143,0.3333333333333333,0.5116284777981345
2,30,155,9,90,8,3,0,0,1,2,1,1,1,1,0.7788007830714049,0.4,0.07738095238095233,0.3333333333333333,0.362184955227517
2,30,115,6,180,22,0,0,0,1,5,1,1,1,1,0.1353352832366127,0.4,0.31547619047619047,0.16666666666666666,0.28830358061162026
2,120,145,10,180,10,6,0,0,0,5,1,1,1,1,1.0,0.4,0.13690476190476186,0.6666666666666666,0.4410710582824815
3,30,161,9,120,18,4,0,1,0,0,1,1,1,1,0.10539922456186433,0.6,0.04166666666666663,0.25,0.34541008723204264
2,45,165,11,180,10,6,0,0,0,0,1,1,1,1,0.7788007830714049,0.4,0.017857142857142905,0.25,0.35150656416652337
4,45,142,7,90,12,6,0,0,1,0,1,1,1,1,0.2865047968601901,0.8,0.15476190476190477,0.5,0.45880487953892624
5,120,136,8,120,9,1,1,0,0,3,1,1,1,1,0.7788007830714049,1.0,0.19047619047619047,1.0,0.6867934516946825
5,90,121,6,180,16,6,0,0,1,5,1,1,1,1,0.0820849986238988,1.0,0.27976190476190477,0.5,0.512047131738066
3,180,99,7,180,22,2,0,1,1,1,1,1,1,1,0.10539922456186433,0.6,0.4107142857142857,1.0,0.4530492045178105
3,60,84,7,60,8,5,0,0,0,1,1,1,1,1,0.7788007830714049,0.6,0.5,1.0,0.5914497107738272
4,30,105,7,30,18,1,1,1,0,1,1,1,1,1,0.06392786120670757,0.8,0.375,1.0,0.5095853813883853
2,30,125,7,45,6,0,1,1,1,1,1,1,1,1,0.7788007830714049,0.4,0.25595238095238093,0.6666666666666666,0.5214901177189936
1,120,167,8,150,10,1,0,0,1,4,1,1,1,1,0.6065306597126334,0.2,0.005952380952380931,0.8,0.29853955910027197
1,60,145,8,60,11,6,1,0,1,5,1,1,1,1,0.4723665527410147,0.2,0.13690476190476186,1.0,0.2884965953122061
4,30,158,10,180,19,1,0,0,1,0,1,1,1,1,0.10539922456186433,0.8,0.059523809523809534,0.16666666666666666,0.35026707005217467
5,45,136,6,150,14,4,0,1,0,2,1,1,1,1,0.1353352832366127,1.0,0.19047619047619047,0.3,0.46042167836235526
3,150,151,8,180,16,4,1,0,0,5,1,1,1,1,0.1353352832366127,0.6,0.10119047619047616,0.8333333333333334,0.2848756593455458
3,120,64,6,150,12,4,1,0,0,1,1,1,1,1,0.22313016014842982,0.6,0.6190476190476191,0.8,0.5330593530906655
4,45,137,8,90,22,3,1,0,0,4,1,1,1,1,0.0820849986238988,0.8,0.18452380952380953,0.5,0.39773218818220735
1,30,90,8,150,19,0,0,0,0,1,1,1,1,1,0.06392786120670757,0.2,0.4642857142857143,0.2,0.23884709053276168
3,30,156,8,150,19,1,1,0,0,3,1,1,1,1,0.06392786120670757,0.6,0.0714285714285714,0.2,0.2870478169079061
4,60,49,6,150,10,6,0,1,1,5,1,1,1,1,0.36787944117144233,0.8,0.7083333333333333,0.4,0.6775054497555427
2,120,165,6,150,22,6,0,0,0,5,1,1,1,1,0.1353352832366127,0.4,0.017857142857142905,0.8,0.19778926855383688
5,90,98,6,180,15,1,0,0,1,1,1,1,1,1,0.10539922456186433,1.0,0.41666666666666663,0.5,0.5605249070397623
2,60,132,10,150,11,4,1,0,1,5,1,1,1,1,0.7788007830714049,0.4,0.2142857142857143,0.4,0.45794843718293143
2,30,168,9,45,17,6,0,0,0,5,1,1,1,1,0.1353352832366127,0.4,0.0,0.6666666666666666,0.19171126410942899
5,45,101,9,150,9,3,0,1,1,5,1,1,1,1,1.0,1.0,0.39880952380952384,0.3,0.8235287599252701
1,180,99,6,180,11,0,1,0,0,0,1,1,1,1,0.2865047968601901,0.2,0.4107142857142857,1.0,0.2690168292218946
2,60,118,9,60,20,6,1,0,0,5,1,1,1,1,0.06392786120670757,0.4,0.29761904761904767,1.0,0.29157628264832175
5,30,166,6,180,18,4,1,0,1,4,1,1,1,1,0.049787068367863944,1.0,0.011904761904761862,0.16666666666666666,0.3688500478861602
5,45,72,8,150,21,2,1,0,0,0,1,1,1,1,0.06392786120670757,1.0,0.5714285714285714,0.3,0.5530322057465636
2,30,65,7,120,14,6,0,1,0,3,1,1,1,1,0.17377394345044514,0.4,0.6130952380952381,0.25,0.4219859018419152
3,45,163,6,120,18,6,1,1,0,1,1,1,1,1,0.049787068367863944,0.6,0.029761904761904767,0.375,0.3087215795385686
2,30,156,10,150,18,2,1,0,1,3,1,1,1,1,0.1353352832366127,0.4,0.0714285714285714,0.2,0.22310067920850588
5,30,74,8,90,6,0,0,1,0,0,1,1,1,1,0.6065306597126334,1.0,0.5595238095238095,0.3333333333333333,0.7601924491117444
3,90,150,8,90,20,0,0,0,1,0,1,1,1,1,0.049787068367863944,0.6,0.1071428571428571,1.0,0.3437078991321232
2,90,154,9,180,9,6,1,0,1,3,1,1,1,1,1.0,0.4,0.08333333333333337,0.5,0.46727551209496687
1,45,82,7,60,22,3,1,0,1,4,1,1,1,1,0.10539922456186433,0.2,0.5119047619047619,0.75,0.3632069489154214
3,30,62,6,180,9,5,0,0,0,2,1,1,1,1,0.4723665527410147,0.6,0.6309523809523809,0.16666666666666666,0.5637296302546158
1,45,143,7,120,13,2,1,0,0,3,1,1,1,1,0.22313016014842982,0.2,0.14880952380952384,0.375,0.16366532986586801
1,45,97,8,45,22,6,1,0,1,5,1,1,1,1,0.0820849986238988,0.2,0.42261904761904767,1.0,0.253249024854752
1,45,147,6,90,6,6,0,0,0,3,1,1,1,1,1.0,0.2,0.125,0.5,0.34747636523618475
4,60,168,9,120,14,6,1,0,0,0,1,1,1,1,0.2865047968601901,0.8,0.0,0.5,0.3860779349381565
3,60,49,6,60,12,3,0,0,1,1,1,1,1,1,0.22313016014842982,0.6,0.7083333333333333,1.0,0.570290363300795
4,45,71,8,45,22,1,0,1,0,5,1,1,1,1,0.0820849986238988,0.8,0.5773809523809523,1.0,0.5229863325933749
1,120,55,6,120,16,5,0,1,1,5,1,1,1,1,0.0820849986238988,0.2,0.6726190476190477,1.0,0.3959081589842464
3,60,64,7,90,18,6,1,0,0,0,1,1,1,1,0.06392786120670757,0.6,0.6190476190476191,0.6666666666666666,0.4360035881777053
3,30,104,7,120,16,0,1,0,0,4,1,1,1,1,0.10539922456186433,0.6,0.38095238095238093,0.25,0.3916230230500321
3,60,104,8,150,19,1,1,0,0,3,1,1,1,1,0.06392786120670757,0.6,0.38095238095238093,0.4,0.3430184754496757
1,60,96,7,150,18,2,0,0,0,5,1,1,1,1,0.06392786120670757,0.2,0.4285714285714286,0.4,0.23690559359431218
5,120,135,7,180,7,2,1,0,1,0,1,1,1,1,1.0,1.0,0.1964285714285714,0.6666666666666666,0.7534744066712101
3,45,106,9,60,15,2,1,1,1,2,1,1,1,1,0.22313016014842982,0.6,0.36904761904761907,0.75,0.499506440971993
4,45,153,6,60,12,3,0,1,0,1,1,1,1,1,0.22313016014842982,0.8,0.0892857142857143,0.75,0.4062979794172564
2,180,113,6,180,7,3,0,0,0,5,1,1,1,1,0.7788007830714049,0.4,0.32738095238095233,1.0,0.48981089835967906
2,90,132,9,150,17,6,0,0,0,4,1,1,1,1,0.1353352832366127,0.4,0.2142857142857143,0.6,0.25126837598642643
4,180,166,8,180,7,6,0,0,0,3,1,1,1,1,0.7788007830714049,0.8,0.011904761904761862,1.0,0.5407131280033077
5,30,16,6,60,14,4,0,1,1,2,1,1,1,1,0.1353352832366127,1.0,0.9047619047619048,0.5,0.7304568501394398
3,45,118,8,45,9,5,0,0,0,2,1,1,1,1,0.7788007830714049,0.6,0.29761904761904767,1.0,0.4873661973410297
4,45,125,8,180,11,3,1,0,0,0,1,1,1,1,0.4723665527410147,0.8,0.25595238095238093,0.25,0.47875996343908717
4,30,110,7,30,21,1,0,1,1,3,1,1,1,1,0.0820849986238988,0.8,0.34523809523809523,1.0,0.47515882764719897
4,30,160,12,150,13,2,0,1,1,5,1,1,1,1,0.7788007830714049,0.8,0.04761904761904767,0.2,0.5734164652247264
4,90,157,7,180,19,3,0,0,1,0,1,1,1,1,0.049787068367863944,0.8,0.06547619047619047,0.5,0.33590567963585355
1,30,154,6,90,12,6,0,0,0,4,1,1,1,1,0.22313016014842982,0.2,0.08333333333333337,0.3333333333333333,0.1552719734161469
1,45,154,6,90,8,3,0,0,0,1,1,1,1,1,0.6065306597126334,0.2,0.08333333333333337,0.5,0.24701389907802487
4,120,117,7,120,9,1,1,0,0,4,1,1,1,1,0.6065306597126334,0.8,0.3035714285714286,1.0,0.5703795530326957
1,45,138,8,90,20,6,1,0,0,3,1,1,1,1,0.049787068367863944,0.2,0.1785714285714286,0.5,0.1861387258292186
4,30,159,8,30,7,4,1,0,1,5,1,1,1,1,0.7788007830714049,0.8,0.0535714285714286,1.0,0.5367981036890028
3,30,133,6,45,22,4,1,0,1,1,1,1,1,1,0.1353352832366127,0.6,0.20833333333333337,0.6666666666666666,0.33684801152611776
3,45,113,7,90,16,0,0,0,0,0,1,1,1,1,0.10539922456186433,0.6,0.32738095238095233,0.5,0.35731845616366703
2,30,167,7,150,10,4,0,0,1,5,1,1,1,1,0.4723665527410147,0.4,0.005952380952380931,0.2,0.2486379711246532
3,90,163,11,180,17,5,0,0,0,0,1,1,1,1,0.22313016014842982,0.6,0.029761904761904767,0.5,0.3012517723086298
2,45,159,8,45,14,0,0,0,0,3,1,1,1,1,0.22313016014842982,0.4,0.0535714285714286,1.0,0.25064492788409
2,30,80,7,180,17,1,1,0,0,3,1,1,1,1,0.0820849986238988,0.4,0.5238095238095238,0.16666666666666666,0.28523091038380416
2,90,94,8,150,16,5,0,0,0,5,1,1,1,1,0.1353352832366127,0.4,0.44047619047619047,0.6,0.3400918472383156
5,120,141,6,150,9,5,0,0,0,5,1,1,1,1,0.4723665527410147,1.0,0.1607142857142857,0.8,0.5359129425858292
3,30,110,7,60,12,2,0,0,0,4,1,1,1,1,0.2865047968601901,0.6,0.34523809523809523,0.5,0.3977410212204453
4,30,52,7,180,16,6,0,1,0,4,1,1,1,1,0.10539922456186433,0.8,0.6904761904761905,0.16666666666666666,0.5481059120948903
3,45,95,6,60,19,4,0,1,1,0,1,1,1,1,0.06392786120670757,0.6,0.43452380952380953,0.75,0.4444686983406278
4,30,133,9,45,6,6,1,0,0,0,1,1,1,1,0.4723665527410147,0.8,0.20833333333333337,0.6666666666666666,0.48698204475847884
5,30,71,7,180,22,0,0,0,0,4,1,1,1,1,0.10539922456186433,1.0,0.5773809523809523,0.16666666666666666,0.5250945366369512
5,45,127,9,180,20,1,0,0,0,3,1,1,1,1,0.06392786120670757,1.0,0.24404761904761907,0.25,0.4685032777828973
4,60,154,7,60,7,1,0,0,1,0,1,1,1,1,1.0,0.8,0.08333333333333337,1.0,0.6417761085112188
2,60,126,6,90,19,5,1,0,0,2,1,1,1,1,0.06392786120670757,0.4,0.25,0.6666666666666666,0.27152038370334886
4,90,168,8,120,12,1,0,0,1,0,1,1,1,1,0.36787944117144233,0.8,0.0,0.75,0.42222186052310634
3,45,59,6,90,20,2,0,1,1,4,1,1,1,1,0.0820849986238988,0.6,0.6488095238095238,0.5,0.4946585058938504
1,30,164,12,30,11,2,1,0,0,5,1,1,1,1,0.7788007830714049,0.2,0.023809523809523836,1.0,0.32902438738579987
1,90,124,8,90,12,5,1,0,1,4,1,1,1,1,0.36787944117144233,0.2,0.26190476190476186,1.0,0.2751417629797756
3,30,154,9,90,21,6,0,0,0,4,1,1,1,1,0.049787068367863944,0.6,0.08333333333333337,0.3333333333333333,0.2474862488392744
4,45,155,11,150,14,3,1,0,1,4,1,1,1,1,0.4723665527410147,0.8,0.07738095238095233,0.3,0.49244767650110527
1,45,159,8,60,8,0,1,0,0,5,1,1,1,1,1.0,0.2,0.0535714285714286,0.75,0.3926026823125826
3,45,112,7,180,15,0,0,0,0,0,1,1,1,1,0.1353352832366127,0.6,0.33333333333333337,0.25,0.37396353303457136
3,60,107,6,150,14,3,0,0,0,5,1,1,1,1,0.1353352832366127,0.6,0.36309523809523814,0.4,0.3819810810082303
4,30,129,6,30,11,3,1,0,0,2,1,1,1,1,0.2865047968601901,0.8,0.2321428571428571,1.0,0.46143763397887305
1,60,72,7,120,10,5,0,0,0,1,1,1,1,1,0.4723665527410147,0.2,0.5714285714285714,0.5,0.3472609600476788
1,120,167,9,150,21,4,0,1,0,0,1,1,1,1,0.049787068367863944,0.2,0.005952380952380931,0.8,0.10220147712871039
2,45,45,6,180,19,6,1,0,1,3,1,1,1,1,0.06392786120670757,0.4,0.7321428571428572,0.25,0.4030552015621217
4,60,100,9,90,15,5,0,0,1,5,1,1,1,1,0.22313016014842982,0.8,0.40476190476190477,0.6666666666666666,0.544824924899331
4,45,134,6,150,12,5,1,0,1,5,1,1,1,1,0.22313016014842982,0.8,0.20238095238095233,0.3,0.4288216945642662
1,120,165,9,120,17,5,0,0,0,5,1,1,1,1,0.1353352832366127,0.2,0.017857142857142905,1.0,0.15729617296173
3,30,151,6,45,18,3,1,0,1,5,1,1,1,1,0.049787068367863944,0.6,0.10119047619047616,0.6666666666666666,0.30198171139845864
1,30,19,6,90,22,3,1,1,0,3,1,1,1,1,0.1353352832366127,0.2,0.8869047619047619,0.3333333333333333,0.44821642218562835
3,45,116,6,180,21,2,1,0,0,1,1,1,1,1,0.10539922456186433,0.6,0.30952380952380953,0.25,0.3296870782363224
2,45,111,6,150,17,5,1,0,1,5,1,1,1,1,0.06392786120670757,0.4,0.3392857142857143,0.3,0.25570388886862183
4,120,60,6,120,19,3,1,0,0,3,1,1,1,1,0.06392786120670757,0.8,0.6428571428571428,1.0,0.5844664746287833
1,45,105,9,90,11,1,1,1,1,2,1,1,1,1,0.6065306597126334,0.2,0.375,0.5,0.4400212495194541
4,60,146,7,60,10,5,1,1,0,1,1,1,1,1,0.4723665527410147,0.8,0.13095238095238093,1.0,0.5152329810698575
3,45,99,6,150,13,2,0,0,1,1,1,1,1,1,0.17377394345044514,0.6,0.4107142857142857,0.3,0.4102522962948634
4,45,147,6,45,9,4,1,1,0,5,1,1,1,1,0.4723665527410147,0.8,0.125,1.0,0.47475903113824724
3,150,141,9,180,22,1,1,1,1,1,1,1,1,1,0.06392786120670757,0.6,0.1607142857142857,0.8333333333333334,0.33478804903193615
3,150,100,6,150,15,4,0,0,0,4,1,1,1,1,0.10539922456186433,0.6,0.40476190476190477,1.0,0.42421458153453573
3,30,117,9,30,15,3,0,0,1,4,1,1,1,1,0.22313016014842982,0.6,0.3035714285714286,1.0,0.41463766852206585
2,30,166,11,30,20,3,1,0,0,3,1,1,1,1,0.10539922456186433,0.4,0.011904761904761862,1.0,0.1893055426254282
2,45,144,6,180,20,5,0,0,0,3,1,1,1,1,0.0820849986238988,0.4,0.1428571428571429,0.25,0.22632834880852126
1,45,43,6,45,18,6,0,0,1,4,1,1,1,1,0.049787068367863944,0.2,0.7440476190476191,1.0,0.3600926562776833
3,45,123,6,150,18,5,0,1,1,2,1,1,1,1,0.049787068367863944,0.6,0.2678571428571429,0.3,0.33280171051458346
4,30,156,12,60,9,1,0,1,0,0,1,1,1,1,0.4723665527410147,0.8,0.0714285714285714,0.5,0.4802585509457025
5,30,135,9,45,9,2,0,0,0,3,1,1,1,1,1.0,1.0,0.1964285714285714,0.6666666666666666,0.639394161804745
4,30,52,6,60,17,4,1,0,1,5,1,1,1,1,0.06392786120670757,0.8,0.6904761904761905,0.5,0.5786583550677182
2,90,153,7,180,11,1,1,1,0,2,1,1,1,1,0.36787944117144233,0.4,0.0892857142857143,0.5,0.3138725550249461
1,60,151,11,120,21,1,0,1,1,3,1,1,1,1,0.0820849986238988,0.2,0.10119047619047616,0.5,0.25493128912766183
2,120,144,6,180,14,1,1,0,1,0,1,1,1,1,0.1353352832366127,0.4,0.1428571428571429,0.6666666666666666,0.22590624225524672
4,30,107,7,30,8,6,0,0,0,1,1,1,1,1,0.7788007830714049,0.8,0.36309523809523814,1.0,0.6118321469349078
3,30,99,6,90,20,0,1,0,1,2,1,1,1,1,0.0820849986238988,0.6,0.4107142857142857,0.3333333333333333,0.37740498037171033
1,60,97,8,150,7,5,0,0,0,0,1,1,1,1,0.7788007830714049,0.2,0.42261904761904767,0.4,0.4305331895330097
4,60,49,7,180,12,0,0,1,0,4,1,1,1,1,0.2865047968601901,0.8,0.7083333333333333,0.3333333333333333,0.6627262040883235
2,30,145,7,90,21,5,1,0,0,2,1,1,1,1,0.0820849986238988,0.4,0.13690476190476186,0.3333333333333333,0.22796609337347934
2,180,168,8,180,18,1,0,0,1,2,1,1,1,1,0.0820849986238988,0.4,0.0,1.0,0.24623333316735582
4,90,39,6,150,16,4,1,1,0,5,1,1,1,1,0.0820849986238988,0.8,0.7678571428571428,0.6,0.560269607615417
3,120,125,6,150,20,0,1,0,0,3,1,1,1,1,0.0820849986238988,0.6,0.25595238095238093,0.8,0.36996412781528626
4,30,118,9,150,22,0,0,1,0,1,1,1,1,1,0.06392786120670757,0.8,0.29761904761904767,0.2,0.41865970824283666
4,90,70,7,150,9,3,1,1,1,0,1,1,1,1,0.6065306597126334,0.8,0.5833333333333333,0.6,0.6647573181539687
1,90,155,8,150,9,2,1,0,0,3,1,1,1,1,0.7788007830714049,0.2,0.07738095238095233,0.6,0.28767078194418794
5,45,59,7,60,8,2,0,0,0,5,1,1,1,1,0.7788007830714049,1.0,0.6488095238095238,0.75,0.7368204838431716
4,30,149,7,150,11,0,0,0,0,1,1,1,1,1,0.36787944117144233,0.8,0.11309523809523814,0.2,0.4403151313017952
4,120,132,6,120,10,0,1,0,1,2,1,1,1,1,0.36787944117144233,0.8,0.2142857142857143,1.0,0.4934420803891644
3,45,122,9,120,10,5,1,0,0,4,1,1,1,1,0.7788007830714049,0.6,0.27380952380952384,0.375,0.5297991543143682
2,45,99,8,45,22,2,0,0,0,2,1,1,1,1,0.0820849986238988,0.4,0.4107142857142857,1.0,0.35359511499891866
4,90,145,9,150,20,4,1,1,0,1,1,1,1,1,0.06392786120670757,0.8,0.13690476190476186,0.6,0.38599140306426766
1,45,67,7,180,16,2,0,1,0,4,1,1,1,1,0.10539922456186433,0.2,0.6011904761904762,0.25,0.29802405119293374
5,45,60,6,150,6,5,0,0,0,1,1,1,1,1,1.0,1.0,0.6428571428571428,0.3,0.770980156441901
1,45,116,10,60,19,6,0,1,1,0,1,1,1,1,0.10539922456186433,0.2,0.30952380952380953,0.75,0.3153217858491338
5,60,160,6,90,10,4,0,0,0,3,1,1,1,1,0.36787944117144233,1.0,0.04761904761904767,0.6666666666666666,0.5001501298901888
3,30,112,6,45,19,5,0,0,1,3,1,1,1,1,0.06392786120670757,0.6,0.33333333333333337,0.6666666666666666,0.3473125873959672
4,90,141,7,90,12,6,1,0,0,2,1,1,1,1,0.2865047968601901,0.8,0.1607142857142857,1.0,0.47132552633380065
1,60,156,10,150,7,2,1,0,1,1,1,1,1,1,0.4723665527410147,0.2,0.0714285714285714,0.4,0.22162990972003932
4,30,107,9,180,17,2,1,0,0,2,1,1,1,1,0.1353352832366127,0.8,0.36309523809523814,0.16666666666666666,0.4447362925870253
5,45,166,10,60,15,2,0,1,0,2,1,1,1,1,0.2865047968601901,1.0,0.011904761904761862,0.75,0.5043391519540849
1,30,156,9,180,7,3,0,1,0,0,1,1,1,1,0.6065306597126334,0.2,0.0714285714285714,0.16666666666666666,0.2634460596312244
5,30,107,6,150,15,6,0,1,0,0,1,1,1,1,0.10539922456186433,1.0,0.36309523809523814,0.2,0.5309945493204452
5,30,90,7,150,14,0,0,0,1,5,1,1,1,1,0.17377394345044514,1.0,0.4642857142857143,0.2,0.5533887379896021
5,30,101,7,45,15,1,1,0,0,5,1,1,1,1,0.1353352832366127,1.0,0.39880952380952384,0.6666666666666666,0.5577934875264632
4,45,87,8,60,13,0,1,0,1,0,1,1,1,1,0.2865047968601901,0.8,0.4821428571428571,0.75,0.5744141544195208
5,45,162,9,150,16,2,0,1,0,5,1,1,1,1,0.17377394345044514,1.0,0.0357142857142857,0.3,0.45604428138018444
4,60,128,6,150,15,0,0,0,0,5,1,1,1,1,0.10539922456186433,0.8,0.23809523809523814,0.4,0.38359702756610986
5,30,138,9,30,15,0,1,0,0,5,1,1,1,1,0.22313016014842982,1.0,0.1785714285714286,1.0,0.5577128826330577
1,30,136,10,180,19,2,0,0,0,1,1,1,1,1,0.10539922456186433,0.2,0.19047619047619047,0.16666666666666666,0.13754674223237334
3,45,115,8,120,10,5,0,0,1,2,1,1,1,1,0.6065306597126334,0.6,0.31547619047619047,0.375,0.4591337524617999
1,45,156,6,60,20,6,1,0,0,3,1,1,1,1,0.0820849986238988,0.2,0.0714285714285714,0.75,0.15915166691244761
5,45,112,7,120,15,6,1,0,0,0,1,1,1,1,0.1353352832366127,1.0,0.33333333333333337,0.375,0.4899543031919892
2,30,168,12,90,15,5,1,0,0,3,1,1,1,1,0.4723665527410147,0.4,0.0,0.3333333333333333,0.28303537379631255
2,30,67,7,45,20,1,1,1,0,1,1,1,1,1,0.06392786120670757,0.4,0.6011904761904762,0.6666666666666666,0.40774778504313297
4,180,114,7,180,20,5,0,0,0,5,1,1,1,1,0.06392786120670757,0.8,0.3214285714285714,1.0,0.4001309852286531
5,45,147,7,120,16,5,0,1,0,3,1,1,1,1,0.10539922456186433,1.0,0.125,0.375,0.5080919369739176
1,30,40,6,180,19,4,0,1,0,5,1,1,1,1,0.06392786120670757,0.2,0.7619047619047619,0.16666666666666666,0.33657113322474586
3,60,25,6,180,6,0,0,0,1,0,1,1,1,1,1.0,0.6,0.8511904761904762,0.3333333333333333,0.7914328206304031
5,90,119,7,180,7,1,1,1,1,1,1,1,1,1,1.0,1.0,0.29166666666666663,0.5,0.7570037066235404
3,45,121,9,150,10,1,0,0,1,3,1,1,1,1,0.7788007830714049,0.6,0.27976190476190477,0.3,0.542080152396332
3,60,167,9,60,21,5,1,1,1,0,1,1,1,1,0.049787068367863944,0.6,0.005952380952380931,1.0,0.3379603496546141
3,30,132,9,60,21,2,1,0,0,5,1,1,1,1,0.049787068367863944,0.6,0.2142857142857143,0.5,0.3116697874674095
5,30,155,10,90,14,0,0,1,1,0,1,1,1,1,0.36787944117144233,1.0,0.07738095238095233,0.3333333333333333,0.5421093822767744
2,45,146,11,180,20,0,0,0,0,4,1,1,1,1,0.10539922456186433,0.4,0.13095238095238093,0.25,0.2128491485805579
5,30,124,7,30,21,5,1,0,1,5,1,1,1,1,0.0820849986238988,1.0,0.26190476190476186,1.0,0.5065962931603993
5,30,140,11,180,21,1,0,0,0,5,1,1,1,1,0.0820849986238988,1.0,0.16666666666666663,0.16666666666666666,0.4664221257177582
4,45,85,7,90,19,1,1,0,1,2,1,1,1,1,0.049787068367863944,0.8,0.49404761904761907,0.5,0.470751353583768
1,150,114,6,180,12,1,1,0,0,2,1,1,1,1,0.22313016014842982,0.2,0.3214285714285714,0.8333333333333334,0.2581479710897897
3,30,134,9,60,17,6,0,0,0,4,1,1,1,1,0.1353352832366127,0.6,0.20238095238095233,0.5,0.26566796144491256
1,30,125,9,150,10,3,1,1,0,4,1,1,1,1,0.7788007830714049,0.2,0.25595238095238093,0.2,0.33066628202947324
2,30,71,8,120,20,4,1,0,0,1,1,1,1,1,0.049787068367863944,0.4,0.5773809523809523,0.25,0.31498396691597974
2,60,158,10,150,15,5,0,0,1,5,1,1,1,1,0.2865047968601901,0.4,0.059523809523809534,0.4,0.26594920265192246
4,30,84,7,180,14,3,0,1,0,1,1,1,1,1,0.17377394345044514,0.8,0.5,0.16666666666666666,0.5045840976078299
3,30,132,7,90,7,1,1,0,0,4,1,1,1,1,1.0,0.6,0.2142857142857143,0.3333333333333333,0.5436536161724175
4,30,85,9,45,14,0,0,0,1,3,1,1,1,1,0.2865047968601901,0.8,0.49404761904761907,0.6666666666666666,0.5603062367196844
2,90,133,10,180,22,5,0,0,0,2,1,1,1,1,0.049787068367863944,0.4,0.20833333333333337,0.5,0.2316758226457068
3,45,137,6,180,15,2,1,0,1,3,1,1,1,1,0.10539922456186433,0.6,0.18452380952380953,0.25,0.3431697301735511
2,60,130,7,150,18,5,0,0,0,2,1,1,1,1,0.06392786120670757,0.4,0.22619047619047616,0.4,0.24720992920243381
3,30,164,10,45,14,2,0,0,1,0,1,1,1,1,0.36787944117144233,0.6,0.023809523809523836,0.6666666666666666,0.37929131479543776
1,30,133,9,180,14,3,1,0,1,3,1,1,1,1,0.2865047968601901,0.2,0.20833333333333337,0.16666666666666666,0.23804460992337126
4,90,104,6,90,11,2,1,0,1,1,1,1,1,1,0.2865047968601901,0.8,0.38095238095238093,1.0,0.5244108385427338
4,45,106,8,180,21,4,1,0,0,2,1,1,1,1,0.06392786120670757,0.8,0.36904761904761907,0.25,0.430287772489817
4,30,137,6,30,6,2,1,0,0,1,1,1,1,1,1.0,0.8,0.18452380952380953,1.0,0.6272409528827203
5,90,158,6,120,10,2,0,1,0,0,1,1,1,1,0.36787944117144233,1.0,0.059523809523809534,0.75,0.5218761149793746
2,45,125,9,180,11,4,1,0,1,4,1,1,1,1,0.6065306597126334,0.4,0.25595238095238093,0.25,0.38173679023460527
4,90,145,8,150,15,2,1,0,0,3,1,1,1,1,0.17377394345044514,0.8,0.13690476190476186,0.6,0.35594538038867324
3,150,133,6,150,10,4,1,0,0,5,1,1,1,1,0.36787944117144233,0.6,0.20833333333333337,1.0,0.4308760628295888
3,30,28,6,180,8,3,0,0,0,1,1,1,1,1,0.6065306597126334,0.6,0.8333333333333334,0.16666666666666666,0.5797824571595921
5,60,156,7,60,13,3,1,0,0,3,1,1,1,1,0.22313016014842982,1.0,0.0714285714285714,1.0,0.48160948977364854
3,30,96,6,45,12,6,1,0,0,3,1,1,1,1,0.22313016014842982,0.6,0.4285714285714286,0.6666666666666666,0.42763077059036386
4,90,128,7,150,16,5,0,0,0,5,1,1,1,1,0.10539922456186433,0.8,0.23809523809523814,0.6,0.42733809891828134
2,45,149,9,90,14,2,0,1,1,5,1,1,1,1,0.2865047968601901,0.4,0.11309523809523814,0.5,0.28146920558009697
3,30,153,7,180,9,4,1,0,1,0,1,1,1,1,0.6065306597126334,0.6,0.0892857142857143,0.16666666666666666,0.4718629894763041
2,60,115,8,120,16,4,1,0,0,4,1,1,1,1,0.1353352832366127,0.4,0.31547619047619047,0.5,0.35044495716815227
4,45,133,7,180,19,5,1,0,1,3,1,1,1,1,0.049787068367863944,0.8,0.20833333333333337,0.25,0.411606510189848
1,180,94,6,180,15,5,0,1,0,1,1,1,1,1,0.10539922456186433,0.2,0.44047619047619047,1.0,0.35270692740451265
3,45,122,9,120,13,4,0,0,1,1,1,1,1,1,0.36787944117144233,0.6,0.27380952380952384,0.375,0.4414409540637388
2,60,102,9,120,11,1,0,0,0,1,1,1,1,1,0.6065306597126334,0.4,0.3928571428571429,0.5,0.3831826171231842
3,60,50,7,120,18,3,0,0,0,4,1,1,1,1,0.06392786120670757,0.6,0.7023809523809523,0.5,0.48703806087275203
2,45,41,6,150,13,2,1,0,0,4,1,1,1,1,0.17377394345044514,0.4,0.7559523809523809,0.3,0.38826000331961713
1,30,100,9,45,12,5,1,0,0,0,1,1,1,1,0.4723665527410147,0.2,0.40476190476190477,0.6666666666666666,0.33152977399718997
2,45,101,8,150,17,4,0,0,0,2,1,1,1,1,0.10539922456186433,0.4,0.39880952380952384,0.3,0.3422159340661222
4,150,130,8,180,22,4,1,0,0,3,1,1,1,1,0.0820849986238988,0.8,0.22619047619047616,0.8333333333333334,0.402482607713591
2,30,101,9,30,12,3,0,0,0,2,1,1,1,1,0.4723665527410147,0.4,0.39880952380952384,1.0,0.3946214399131082
4,45,117,6,60,11,6,0,0,0,0,1,1,1,1,0.2865047968601901,0.8,0.3035714285714286,0.75,0.4875402837389417
3,120,141,7,180,18,5,0,1,0,3,1,1,1,1,0.06392786120670757,0.6,0.1607142857142857,0.6666666666666666,0.3041961600434369
4,150,156,10,180,20,0,0,0,1,5,1,1,1,1,0.0820849986238988,0.8,0.0714285714285714,0.8333333333333334,0.4289767058939854
2,45,117,7,60,9,0,0,0,1,1,1,1,1,1,0.6065306597126334,0.4,0.3035714285714286,0.75,0.43433630065336465
4,45,58,7,60,20,2,1,1,0,5,1,1,1,1,0.06392786120670757,0.8,0.6547619047619048,0.75,0.5577365691110661
1,45,115,9,150,19,4,0,0,0,2,1,1,1,1,0.0820849986238988,0.2,0.31547619047619047,0.3,0.19297188861667214
4,30,132,9,90,11,6,0,0,0,3,1,1,1,1,0.6065306597126334,0.8,0.2142857142857143,0.3333333333333333,0.5175402519302384
5,60,100,7,150,8,0,1,1,0,5,1,1,1,1,0.7788007830714049,1.0,0.40476190476190477,0.4,0.7182396774872235
3,60,74,7,60,12,4,0,1,0,3,1,1,1,1,0.2865047968601901,0.6,0.5595238095238095,1.0,0.542114640097892
1,60,76,7,180,21,4,1,1,0,1,1,1,1,1,0.0820849986238988,0.2,0.5476190476190477,0.3333333333333333,0.2843173046197687
1,120,132,6,180,6,4,0,0,1,1,1,1,1,1,1.0,0.2,0.2142857142857143,0.6666666666666666,0.48469900116032083
2,45,95,7,45,14,5,1,0,0,4,1,1,1,1,0.17377394345044514,0.4,0.43452380952380953,1.0,0.3376997395765863
5,90,145,6,120,18,4,0,1,0,4,1,1,1,1,0.049787068367863944,1.0,0.13690476190476186,0.75,0.5016207641622433
4,45,145,8,120,6,4,0,0,0,2,1,1,1,1,0.6065306597126334,0.8,0.13690476190476186,0.375,0.4569224057313317
3,90,71,7,150,10,4,0,0,0,4,1,1,1,1,0.4723665527410147,0.6,0.5773809523809523,0.6,0.5749523766520593
2,30,117,7,60,6,3,0,0,0,3,1,1,1,1,0.7788007830714049,0.4,0.3035714285714286,0.5,0.4253912310207188
2,45,74,8,150,8,5,1,1,0,3,1,1,1,1,1.0,0.4,0.5595238095238095,0.3,0.5995472319176685
3,45,164,12,45,18,2,1,0,0,2,1,1,1,1,0.22313016014842982,0.6,0.023809523809523836,1.0,0.2752074624134645
5,45,138,9,60,18,0,0,0,1,2,1,1,1,1,0.10539922456186433,1.0,0.1785714285714286,0.75,0.559968563138865
3,120,158,10,120,7,5,1,1,1,5,1,1,1,1,0.4723665527410147,0.6,0.059523809523809534,1.0,0.46519082443262233
3,60,97,6,90,13,5,0,0,0,5,1,1,1,1,0.17377394345044514,0.6,0.42261904761904767,0.6666666666666666,0.4407129760997321
5,30,34,6,150,17,3,0,1,1,0,1,1,1,1,0.06392786120670757,1.0,0.7976190476190477,0.2,0.656475129333679
3,90,139,9,90,10,0,1,0,0,2,1,1,1,1,0.7788007830714049,0.6,0.17261904761904767,1.0,0.4943180150337835
2,60,148,8,180,17,2,1,0,0,3,1,1,1,1,0.10539922456186433,0.4,0.11904761904761907,0.3333333333333333,0.23888699575873196
5,30,85,9,150,11,2,1,1,0,3,1,1,1,1,0.6065306597126334,1.0,0.49404761904761907,0.2,0.6736118550965744
4,45,100,9,180,21,4,0,0,0,0,1,1,1,1,0.049787068367863944,0.8,0.40476190476190477,0.25,0.48418431289221736
5,90,115,8,180,22,6,1,0,0,5,1,1,1,1,0.0820849986238988,1.0,0.31547619047619047,0.5,0.5228511987709564
5,150,101,6,180,22,2,1,0,0,4,1,1,1,1,0.1353352832366127,1.0,0.39880952380952384,0.8333333333333334,0.5767530870023732
4,30,112,8,60,10,3,1,0,0,2,1,1,1,1,0.6065306597126334,0.8,0.33333333333333337,0.5,0.5785969119142089
1,90,90,7,180,19,4,0,0,0,1,1,1,1,1,0.049787068367863944,0.2,0.4642857142857143,0.5,0.2464662964514934
5,60,109,7,120,8,2,0,0,0,2,1,1,1,1,0.7788007830714049,1.0,0.35119047619047616,0.5,0.6834330505077698
3,60,120,6,120,22,3,0,0,1,4,1,1,1,1,0.1353352832366127,0.6,0.2857142857142857,0.5,0.3660208901301196
5,30,60,8,60,17,5,1,0,1,0,1,1,1,1,0.10539922456186433,1.0,0.6428571428571428,0.5,0.6221906758164021
1,120,134,8,180,19,2,0,0,1,2,1,1,1,1,0.06392786120670757,0.2,0.20238095238095233,0.6666666666666666,0.17990597476285985
3,60,135,8,150,17,3,1,0,0,1,1,1,1,1,0.10539922456186433,0.6,0.1964285714285714,0.4,0.3160717936146725
1,30,155,11,120,20,4,1,0,1,1,1,1,1,1,0.10539922456186433,0.2,0.07738095238095233,0.25,0.15641926541246962
2,90,37,6,180,6,0,0,1,0,5,1,1,1,1,1.0,0.4,0.7797619047619048,0.5,0.714268667064441
2,90,115,9,90,17,1,1,0,0,5,1,1,1,1,0.1353352832366127,0.4,0.31547619047619047,1.0,0.2823283203447751
2,60,42,6,60,19,2,0,0,0,0,1,1,1,1,0.06392786120670757,0.4,0.75,1.0,0.4163556874797305
3,150,168,10,180,12,4,1,0,0,0,1,1,1,1,0.6065306597126334,0.6,0.0,0.8333333333333334,0.4228817261834711
3,30,96,8,30,9,2,0,0,1,1,1,1,1,1,0.7788007830714049,0.6,0.4285714285714286,1.0,0.6290685872706571
5,90,96,7,150,21,0,1,0,0,5,1,1,1,1,0.0820849986238988,1.0,0.4285714285714286,0.6,0.5409002236811259
4,30,51,6,60,16,4,1,1,0,0,1,1,1,1,0.0820849986238988,0.8,0.6964285714285714,0.5,0.5985482570192193
5,30,149,7,45,8,6,1,0,0,1,1,1,1,1,0.7788007830714049,1.0,0.11309523809523814,0.6666666666666666,0.5946565685789725
5,30,37,6,45,9,5,0,0,0,2,1,1,1,1,0.4723665527410147,1.0,0.7797619047619048,0.6666666666666666,0.7264828109628637
5,45,35,6,45,18,0,0,0,0,0,1,1,1,1,0.049787068367863944,1.0,0.7916666666666666,1.0,0.675024610320788
3,30,117,8,120,14,1,1,0,1,0,1,1,1,1,0.22313016014842982,0.6,0.3035714285714286,0.25,0.39513863531583987
2,30,165,6,45,12,6,0,0,0,0,1,1,1,1,0.22313016014842982,0.4,0.017857142857142905,0.6666666666666666,0.23336595130006046
3,30,86,9,150,18,2,0,1,0,0,1,1,1,1,0.10539922456186433,0.6,0.48809523809523814,0.2,0.3848853034073387
2,45,147,6,45,16,2,1,0,0,0,1,1,1,1,0.0820849986238988,0.4,0.125,1.0,0.26379912647736176
5,45,104,9,150,14,0,1,0,0,2,1,1,1,1,0.2865047968601901,1.0,0.38095238095238093,0.3,0.5388887702520355
1,30,139,6,150,13,1,0,0,0,0,1,1,1,1,0.17377394345044514,0.2,0.17261904761904767,0.2,0.1357584685318587
1,45,147,9,120,21,0,1,1,0,1,1,1,1,1,0.049787068367863944,0.2,0.125,0.375,0.20639358580428874
1,90,105,8,120,11,6,1,0,1,4,1,1,1,1,0.4723665527410147,0.2,0.375,0.75,0.38872613873514184
4,30,100,8,120,6,2,0,1,0,4,1,1,1,1,0.6065306597126334,0.8,0.40476190476190477,0.25,0.5736670886807225
1,90,145,9,180,10,6,0,1,1,4,1,1,1,1,0.7788007830714049,0.2,0.13690476190476186,0.5,0.41756800439318664
4,45,140,9,60,12,3,0,0,0,5,1,1,1,1,0.4723665527410147,0.8,0.16666666666666663,0.75,0.5066585243508214
4,60,149,8,120,12,3,0,1,1,2,1,1,1,1,0.36787944117144233,0.8,0.11309523809523814,0.5,0.4673164439183929
3,30,65,8,180,7,2,1,0,0,4,1,1,1,1,0.7788007830714049,0.6,0.6130952380952381,0.16666666666666666,0.6256673940235663
5,180,154,6,180,20,4,1,1,0,5,1,1,1,1,0.0820849986238988,1.0,0.08333333333333337,1.0,0.4926229362883473
2,60,158,6,180,10,0,0,0,1,4,1,1,1,1,0.36787944117144233,0.4,0.059523809523809534,0.3333333333333333,0.30241009762397375
4,45,153,7,150,15,2,0,1,0,4,1,1,1,1,0.1353352832366127,0.8,0.0892857142857143,0.3,0.389519510935256
1,45,89,7,90,17,2,0,0,0,0,1,1,1,1,0.0820849986238988,0.2,0.47023809523809523,0.5,0.25583777119462897
2,30,71,7,120,9,1,1,0,0,5,1,1,1,1,0.6065306597126334,0.4,0.5773809523809523,0.25,0.4670240337409444
5,30,55,7,45,18,2,1,0,1,5,1,1,1,1,0.06392786120670757,1.0,0.6726190476190477,0.6666666666666666,0.6542449103534002
1,30,75,6,120,9,4,0,0,0,5,1,1,1,1,0.4723665527410147,0.2,0.5535714285714286,0.25,0.33169288334809455
1,120,152,10,180,22,5,0,0,0,2,1,1,1,1,0.049787068367863944,0.2,0.09523809523809523,0.6666666666666666,0.14139965672850277
1,45,91,8,150,12,2,1,0,1,2,1,1,1,1,0.36787944117144233,0.2,0.45833333333333337,0.3,0.3531128618987671
3,45,149,9,45,14,3,1,0,0,3,1,1,1,1,0.2865047968601901,0.6,0.11309523809523814,1.0,0.30583668329564756
1,45,51,7,180,17,1,0,1,1,3,1,1,1,1,0.0820849986238988,0.2,0.6964285714285714,0.25,0.3453823577483064
3,180,156,8,180,13,3,1,0,0,2,1,1,1,1,0.2865047968601901,0.6,0.0714285714285714,1.0,0.3953204798912899
2,30,155,7,120,18,2,0,0,1,4,1,1,1,1,0.06392786120670757,0.4,0.07738095238095233,0.25,0.16967971693470918
2,45,98,7,45,7,4,1,0,0,2,1,1,1,1,1.0,0.4,0.41666666666666663,1.0,0.5148782158824816
3,60,75,8,90,15,0,1,1,1,4,1,1,1,1,0.17377394345044514,0.6,0.5535714285714286,0.6666666666666666,0.49690184742267685
1,30,83,7,120,17,0,0,1,1,0,1,1,1,1,0.0820849986238988,0.2,0.5059523809523809,0.25,0.28330031800101907
1,30,112,6,30,22,0,1,0,0,2,1,1,1,1,0.1353352832366127,0.2,0.33333333333333337,1.0,0.26499522264551617
4,30,88,9,120,11,4,0,0,0,1,1,1,1,1,0.6065306597126334,0.8,0.47619047619047616,0.25,0.5905045667776592
4,30,153,9,90,19,2,1,0,0,1,1,1,1,1,0.0820849986238988,0.8,0.0892857142857143,0.3333333333333333,0.3488930307527809
2,90,162,10,150,9,5,1,1,1,3,1,1,1,1,0.7788007830714049,0.4,0.0357142857142857,0.6,0.44902476951681114
4,30,69,8,120,15,6,1,0,1,3,1,1,1,1,0.17377394345044514,0.8,0.5892857142857143,0.25,0.5264343845309762
3,45,158,7,150,22,4,1,1,1,5,1,1,1,1,0.10539922456186433,0.6,0.059523809523809534,0.3,0.2814322999413959
4,120,65,6,120,14,1,1,0,1,3,1,1,1,1,0.1353352832366127,0.8,0.6130952380952381,1.0,0.5657716789594438
4,120,164,10,180,11,0,0,0,0,4,1,1,1,1,0.7788007830714049,0.8,0.023809523809523836,0.6666666666666666,0.5289693032252981
3,60,81,8,60,14,4,1,0,1,4,1,1,1,1,0.22313016014842982,0.6,0.5178571428571428,1.0,0.5086804620047314
3,120,168,8,150,7,2,1,1,1,2,1,1,1,1,0.7788007830714049,0.6,0.0,0.8,0.48361281700528974
2,45,140,9,45,6,6,1,0,0,0,1,1,1,1,0.4723665527410147,0.4,0.16666666666666663,1.0,0.33906426844381915
4,30,155,11,180,11,5,1,0,1,2,1,1,1,1,1.0,0.8,0.07738095238095233,0.16666666666666666,0.6169048612304038
3,45,117,10,90,11,4,0,0,0,0,1,1,1,1,0.7788007830714049,0.6,0.3035714285714286,0.5,0.5695489768441092
3,45,119,10,90,7,6,1,1,0,1,1,1,1,1,0.4723665527410147,0.6,0.29166666666666663,0.5,0.45563025985461636
5,45,95,6,45,9,5,0,0,0,2,1,1,1,1,0.4723665527410147,1.0,0.43452380952380953,1.0,0.613271331278209
3,60,111,7,150,9,1,1,1,1,3,1,1,1,1,0.6065306597126334,0.6,0.3392857142857143,0.4,0.5116035198627256
2,30,97,7,90,22,6,1,1,1,1,1,1,1,1,0.10539922456186433,0.4,0.42261904761904767,0.3333333333333333,0.3554169763558725
3,60,56,6,90,8,6,0,0,1,2,1,1,1,1,0.6065306597126334,0.6,0.6666666666666667,0.6666666666666666,0.6514270006467658
4,120,112,6,120,16,1,0,0,0,5,1,1,1,1,0.0820849986238988,0.8,0.33333333333333337,1.0,0.41255061482144495
1,30,136,8,60,17,5,1,1,0,1,1,1,1,1,0.10539922456186433,0.2,0.19047619047619047,0.5,0.1592863147108344
2,45,23,6,150,17,6,0,0,1,5,1,1,1,1,0.06392786120670757,0.4,0.8630952380952381,0.3,0.4533242473827731
4,45,148,9,180,8,4,0,0,0,0,1,1,1,1,0.7788007830714049,0.8,0.11904761904761907,0.25,0.5248385950158034
4,60,153,8,60,21,5,0,1,0,5,1,1,1,1,0.06392786120670757,0.8,0.0892857142857143,1.0,0.416850263893297
1,30,122,8,30,20,6,0,0,0,2,1,1,1,1,0.049787068367863944,0.2,0.27380952380952384,1.0,0.16991332895986955
4,45,109,6,60,8,5,0,0,1,3,1,1,1,1,0.6065306597126334,0.8,0.35119047619047616,0.75,0.5759862802077287
5,30,30,6,60,13,1,0,0,1,5,1,1,1,1,0.17377394345044514,1.0,0.8214285714285714,0.5,0.7025856263644701
3,30,64,6,150,19,4,0,0,1,5,1,1,1,1,0.06392786120670757,0.6,0.6190476190476191,0.2,0.4737252678372151
2,45,102,6,180,17,6,1,0,0,5,1,1,1,1,0.06392786120670757,0.4,0.3928571428571429,0.25,0.3126918470376685
3,30,84,8,30,13,5,1,0,1,4,1,1,1,1,0.2865047968601901,0.6,0.5,1.0,0.5101926066045536
5,150,127,7,150,18,1,1,0,0,4,1,1,1,1,0.06392786120670757,1.0,0.24404761904761907,1.0,0.4836115886170636
2,30,132,8,30,18,6,0,0,0,5,1,1,1,1,0.0820849986238988,0.4,0.2142857142857143,1.0,0.2610818023507204
2,45,157,10,90,21,6,1,0,1,3,1,1,1,1,0.06392786120670757,0.4,0.06547619047619047,0.5,0.22791733172082418
4,45,60,6,150,9,6,0,1,0,1,1,1,1,1,0.4723665527410147,0.8,0.6428571428571428,0.3,0.605070543328315
1,60,139,10,180,16,3,1,1,1,2,1,1,1,1,0.22313016014842982,0.2,0.17261904761904767,0.3333333333333333,0.2554845881174563
2,45,101,7,120,17,6,0,0,0,1,1,1,1,1,0.0820849986238988,0.4,0.39880952380952384,0.375,0.28542442209211455
3,150,94,6,180,20,1,1,0,0,4,1,1,1,1,0.0820849986238988,0.6,0.44047619047619047,0.8333333333333334,0.40489636367723614
3,180,137,7,180,11,4,1,0,0,3,1,1,1,1,0.36787944117144233,0.6,0.18452380952380953,1.0,0.41455616256829037
3,45,130,6,90,12,2,1,0,1,3,1,1,1,1,0.22313016014842982,0.6,0.22619047619047616,0.5,0.3762506396432844
5,150,112,6,150,10,4,1,0,1,1,1,1,1,1,0.36787944117144233,1.0,0.33333333333333337,1.0,0.6270025992304357
4,60,113,7,90,22,5,0,0,0,3,1,1,1,1,0.10539922456186433,0.8,0.32738095238095233,0.6666666666666666,0.4353997224877602
2,45,98,6,90,22,1,0,1,0,4,1,1,1,1,0.1353352832366127,0.4,0.41666666666666663,0.5,0.34908140050450853
5,60,167,7,60,8,5,0,0,1,2,1,1,1,1,0.7788007830714049,1.0,0.005952380952380931,1.0,0.6259280439169356
2,45,165,12,120,9,5,0,0,1,5,1,1,1,1,0.4723665527410147,0.4,0.017857142857142905,0.375,0.29531207431094414
3,30,125,8,120,9,5,0,0,1,5,1,1,1,1,0.7788007830714049,0.6,0.25595238095238093,0.25,0.44143416407294434
3,90,162,7,120,16,0,1,0,0,2,1,1,1,1,0.10539922456186433,0.6,0.0357142857142857,0.75,0.30078592770341295
1,120,153,7,120,15,6,0,0,0,0,1,1,1,1,0.1353352832366127,0.2,0.0892857142857143,1.0,0.16902069868958794
4,60,123,10,150,17,5,1,0,0,0,1,1,1,1,0.17377394345044514,0.8,0.2678571428571429,0.4,0.38591215279324803
2,90,125,8,120,14,5,0,0,0,3,1,1,1,1,0.22313016014842982,0.4,0.25595238095238093,0.75,0.29384041566070124
1,60,165,6,60,21,5,0,0,1,1,1,1,1,1,0.10539922456186433,0.2,0.017857142857142905,1.0,0.17203845585892485
5,60,98,8,120,18,1,0,1,0,4,1,1,1,1,0.0820849986238988,1.0,0.41666666666666663,0.5,0.5822155296238593
3,90,155,10,90,10,6,0,0,0,1,1,1,1,1,1.0,0.6,0.07738095238095233,1.0,0.481204514885617
2,45,112,9,60,11,1,0,1,0,5,1,1,1,1,0.6065306597126334,0.4,0.33333333333333337,0.75,0.4851011255639684
3,30,135,11,60,21,0,0,1,1,2,1,1,1,1,0.0820849986238988,0.6,0.1964285714285714,0.5,0.33662206727932864
3,30,155,6,45,13,0,1,0,0,4,1,1,1,1,0.17377394345044514,0.6,0.07738095238095233,0.6666666666666666,0.26717038399604504
2,45,47,7,150,19,4,0,0,1,0,1,1,1,1,0.049787068367863944,0.4,0.7202380952380952,0.3,0.4245278969140249
1,45,95,6,180,12,5,1,0,1,3,1,1,1,1,0.22313016014842982,0.2,0.43452380952380953,0.25,0.2672609994813652
3,30,148,6,30,13,6,1,0,1,2,1,1,1,1,0.17377394345044514,0.6,0.11904761904761907,1.0,0.37645225115892567
3,120,138,7,120,8,2,0,0,0,4,1,1,1,1,0.7788007830714049,0.6,0.1785714285714286,1.0,0.5335088457565466
3,45,154,11,150,22,5,0,0,0,0,1,1,1,1,0.06392786120670757,0.6,0.08333333333333337,0.3,0.29253627172030044
4,60,168,6,120,17,2,1,0,0,4,1,1,1,1,0.06392786120670757,0.8,0.0,0.5,0.33363391414605004
4,45,93,8,150,20,4,1,0,0,0,1,1,1,1,0.049787068367863944,0.8,0.4464285714285714,0.3,0.4366450861184268
3,30,168,10,120,15,4,0,1,1,2,1,1,1,1,0.2865047968601901,0.6,0.0,0.25,0.3456479012329233
2,30,141,6,60,11,0,1,0,0,5,1,1,1,1,0.2865047968601901,0.4,0.1607142857142857,0.5,0.2958408248744173
1,30,111,8,60,6,1,1,0,1,4,1,1,1,1,0.6065306597126334,0.2,0.3392857142857143,0.5,0.3851639077938036
2,45,88,8,60,6,4,1,1,1,1,1,1,1,1,0.6065306597126334,0.4,0.47619047619047616,0.75,0.543173573354819
4,90,87,6,120,15,2,1,1,0,2,1,1,1,1,0.10539922456186433,0.8,0.4821428571428571,0.75,0.5478525143021756
4,150,140,8,150,8,0,0,0,1,1,1,1,1,1,1.0,0.8,0.16666666666666663,1.0,0.6668015183961765
1,60,165,11,120,16,4,0,0,1,4,1,1,1,1,0.2865047968601901,0.2,0.017857142857142905,0.5,0.1550808815431416
1,30,166,10,30,11,2,1,1,0,5,1,1,1,1,0.7788007830714049,0.2,0.011904761904761862,1.0,0.3049414016177986
2,60,151,9,120,14,4,0,0,0,1,1,1,1,1,0.2865047968601901,0.4,0.10119047619047616,0.5,0.25942041365358576
4,45,164,12,180,9,2,0,0,0,0,1,1,1,1,0.4723665527410147,0.8,0.023809523809523836,0.25,0.3777862380383349
4,90,108,6,120,13,1,0,0,1,4,1,1,1,1,0.17377394345044514,0.8,0.3571428571428571,0.75,0.5130942933900752
3,60,73,8,120,20,0,1,0,0,2,1,1,1,1,0.049787068367863944,0.6,0.5654761904761905,0.5,0.3872593452248673
3,120,143,6,180,8,4,0,0,1,0,1,1,1,1,0.6065306597126334,0.6,0.14880952380952384,0.6666666666666666,0.4837669909149766
3,45,155,7,45,6,2,1,0,1,2,1,1,1,1,0.7788007830714049,0.6,0.07738095238095233,1.0,0.4816690085732659
3,60,106,7,60,13,3,1,1,0,1,1,1,1,1,0.22313016014842982,0.6,0.36904761904761907,1.0,0.40047197844323346
5,30,82,7,60,22,4,1,0,0,2,1,1,1,1,0.10539922456186433,1.0,0.5119047619047619,0.5,0.5741595611490118
4,45,97,9,60,11,4,0,1,1,3,1,1,1,1,0.6065306597126334,0.8,0.42261904761904767,0.75,0.6048956099419098
2,45,167,8,45,9,6,1,0,1,1,1,1,1,1,0.7788007830714049,0.4,0.005952380952380931,1.0,0.4273988014845416
5,60,73,7,180,8,5,0,1,0,4,1,1,1,1,0.7788007830714049,1.0,0.5654761904761905,0.3333333333333333,0.7638991950298911
1,60,167,11,60,12,3,0,0,0,3,1,1,1,1,0.7788007830714049,0.2,0.005952380952380931,1.0,0.27641721581253376
5,120,99,6,150,18,0,1,0,0,3,1,1,1,1,0.049787068367863944,1.0,0.4107142857142857,0.8,0.5154514522014255
3,45,118,8,45,12,5,0,0,0,5,1,1,1,1,0.36787944117144233,0.6,0.29761904761904767,1.0,0.3941616203061025
4,60,143,10,150,8,3,1,0,1,3,1,1,1,1,0.6065306597126334,0.8,0.14880952380952384,0.4,0.5001096957758896
5,60,103,8,180,8,4,1,0,1,5,1,1,1,1,1.0,1.0,0.38690476190476186,0.3333333333333333,0.7598024170033655
4,30,69,7,30,22,6,0,1,0,5,1,1,1,1,0.10539922456186433,0.8,0.5892857142857143,1.0,0.579127002345046
2,30,146,7,90,21,5,1,0,0,2,1,1,1,1,0.0820849986238988,0.4,0.13095238095238093,0.3333333333333333,0.22650785136194798
4,45,124,10,45,12,2,0,0,0,5,1,1,1,1,0.6065306597126334,0.8,0.26190476190476186,1.0,0.5423598282209678
3,120,167,8,180,18,5,0,0,1,0,1,1,1,1,0.0820849986238988,0.6,0.005952380952380931,0.6666666666666666,0.30874975619047684
2,60,161,6,120,10,3,0,0,0,3,1,1,1,1,0.36787944117144233,0.4,0.04166666666666663,0.5,0.2855671317587582
3,45,144,11,150,18,5,1,0,1,2,1,1,1,1,0.17377394345044514,0.6,0.1428571428571429,0.3,0.30255938403124105
3,90,151,8,120,7,6,1,1,0,0,1,1,1,1,0.7788007830714049,0.6,0.10119047619047616,0.75,0.5324252637230305
3,45,150,8,60,6,0,1,1,0,3,1,1,1,1,0.6065306597126334,0.6,0.1071428571428571,0.75,0.4723393051664114
3,30,80,6,45,14,0,1,0,0,5,1,1,1,1,0.1353352832366127,0.6,0.5238095238095238,0.6666666666666666,0.48963112077490134
4,30,125,7,120,7,4,0,0,1,1,1,1,1,1,1.0,0.8,0.25595238095238093,0.25,0.6200421865577856
1,30,24,6,180,18,0,1,1,1,2,1,1,1,1,0.049787068367863944,0.2,0.8571428571428572,0.16666666666666666,0.437783177031138
4,30,39,7,30,9,1,1,0,0,5,1,1,1,1,0.6065306597126334,0.8,0.7678571428571428,1.0,0.7434410564852358
2,60,154,6,60,7,5,0,1,1,4,1,1,1,1,0.7788007830714049,0.4,0.08333333333333337,1.0,0.45939252140382386
2,60,152,11,90,11,4,1,0,0,4,1,1,1,1,1.0,0.4,0.09523809523809523,0.6666666666666666,0.4321884418324383
3,60,133,7,120,20,2,0,0,1,3,1,1,1,1,0.06392786120670757,0.6,0.20833333333333337,0.5,0.31116900648566803
2,150,69,6,150,6,1,1,0,0,2,1,1,1,1,1.0,0.4,0.5892857142857143,1.0,0.6621158053955899
1,30,42,6,180,16,5,0,0,1,5,1,1,1,1,0.0820849986238988,0.2,0.75,0.16666666666666666,0.36445965511155287
5,45,77,8,45,8,3,1,0,0,1,1,1,1,1,1.0,1.0,0.5416666666666667,1.0,0.8097060267582653
5,90,122,9,90,7,4,1,0,0,3,1,1,1,1,0.6065306597126334,1.0,0.27380952380952384,1.0,0.6528708003877821
1,30,137,9,180,16,4,0,1,0,3,1,1,1,1,0.17377394345044514,0.2,0.18452380952380953,0.16666666666666666,0.18168903824772975
4,45,149,9,60,11,4,0,0,1,1,1,1,1,1,0.6065306597126334,0.8,0.11309523809523814,0.75,0.5379498504261887
4,45,76,8,180,8,4,1,0,1,5,1,1,1,1,1.0,0.8,0.5476190476190477,0.25,0.7175205959139096
3,45,81,7,60,14,2,0,0,1,5,1,1,1,1,0.17377394345044514,0.6,0.5178571428571428,0.75,0.46051036753066615
1,90,118,6,150,6,6,0,0,0,1,1,1,1,1,1.0,0.2,0.29761904761904767,0.6,0.41684533662769657
2,30,82,7,60,20,0,0,0,0,0,1,1,1,1,0.06392786120670757,0.4,0.5119047619047619,0.5,0.3250520383129417
3,120,144,9,150,11,1,0,1,0,0,1,1,1,1,0.6065306597126334,0.6,0.1428571428571429,0.8,0.44380844314198026
3,45,133,6,120,16,0,0,0,0,1,1,1,1,1,0.0820849986238988,0.6,0.20833333333333337,0.375,0.32724690096171805
3,30,164,10,30,19,0,1,0,1,3,1,1,1,1,0.10539922456186433,0.6,0.023809523809523836,1.0,0.3574004992053066
1,45,118,6,150,7,4,0,0,0,5,1,1,1,1,0.7788007830714049,0.2,0.29761904761904767,0.3,0.3378308777335421
3,45,105,8,180,6,2,0,0,0,5,1,1,1,1,0.6065306597126334,0.6,0.375,0.25,0.5077994098779309
1,30,125,9,90,18,5,0,0,0,2,1,1,1,1,0.10539922456186433,0.2,0.25595238095238093,0.3333333333333333,0.16807007018574094
2,150,146,6,150,13,3,1,0,0,0,1,1,1,1,0.17377394345044514,0.4,0.13095238095238093,1.0,0.23280890674323418
1,60,168,6,90,7,4,1,0,0,4,1,1,1,1,0.7788007830714049,0.2,0.0,0.6666666666666666,0.309811225906158
1,30,77,8,30,7,5,0,0,0,2,1,1,1,1,0.7788007830714049,0.2,0.5416666666666667,1.0,0.4623102948316206
4,45,53,6,180,7,3,1,1,0,3,1,1,1,1,0.7788007830714049,0.8,0.6845238095238095,0.25,0.7155125391343775
3,60,56,7,90,11,0,0,0,1,2,1,1,1,1,0.36787944117144233,0.6,0.6666666666666667,0.6666666666666666,0.5634184082579072
1,30,104,6,30,6,2,1,0,1,1,1,1,1,1,1.0,0.2,0.38095238095238093,1.0,0.4952132596773986
4,30,164,11,30,21,1,1,1,0,1,1,1,1,1,0.0820849986238988,0.8,0.023809523809523836,1.0,0.3750164249091641
1,60,108,7,60,9,4,1,1,1,0,1,1,1,1,0.6065306597126334,0.2,0.3571428571428571,1.0,0.46597831463102635
4,45,84,8,150,14,5,0,0,1,3,1,1,1,1,0.22313016014842982,0.8,0.5,0.3,0.5275503572075907
3,90,135,7,120,14,1,1,0,1,0,1,1,1,1,0.17377394345044514,0.6,0.1964285714285714,0.75,0.34899903797927984
1,60,161,9,120,6,5,1,0,0,4,1,1,1,1,0.4723665527410147,0.2,0.04166666666666663,0.5,0.24943989825021007
4,60,98,7,120,20,4,0,0,0,1,1,1,1,1,0.06392786120670757,0.8,0.41666666666666663,0.5,0.4903827368577571
5,60,77,6,180,10,5,1,0,1,2,1,1,1,1,0.36787944117144233,1.0,0.5416666666666667,0.3333333333333333,0.6652140771805938
1,45,96,6,180,13,4,1,0,1,1,1,1,1,1,0.17377394345044514,0.2,0.4285714285714286,0.25,0.2784277719325209
1,30,55,7,150,14,6,1,0,1,2,1,1,1,1,0.17377394345044514,0.2,0.6726190476190477,0.2,0.3717556248457155
5,180,137,8,180,16,0,0,0,0,0,1,1,1,1,0.1353352832366127,1.0,0.18452380952380953,1.0,0.4769879633036399
5,90,160,9,150,7,2,1,0,0,3,1,1,1,1,0.6065306597126334,1.0,0.04761904761904767,0.6,0.5473906522120134
5,45,133,9,180,9,4,0,1,1,4,1,1,1,1,1.0,1.0,0.20833333333333337,0.25,0.6830126871903813
5,30,163,10,60,15,1,0,0,0,3,1,1,1,1,0.2865047968601901,1.0,0.029761904761904767,0.5,0.48688007651417675
4,90,157,11,90,18,5,0,0,0,0,1,1,1,1,0.17377394345044514,0.8,0.06547619047619047,1.0,0.37067427989704926
5,30,140,7,180,11,0,1,0,0,3,1,1,1,1,0.36787944117144233,1.0,0.16666666666666663,0.16666666666666666,0.5477990351244602
1,30,103,6,150,9,4,1,0,0,5,1,1,1,1,0.4723665527410147,0.2,0.38690476190476186,0.2,0.33844773211422907
5,45,144,9,180,12,2,0,0,0,3,1,1,1,1,0.4723665527410147,1.0,0.1428571428571429,0.25,0.5290318415651266
5,30,139,11,45,18,6,1,0,0,1,1,1,1,1,0.17377394345044514,1.0,0.17261904761904767,0.6666666666666666,0.48227344012255136
2,30,125,7,180,14,6,1,1,0,2,1,1,1,1,0.17377394345044514,0.4,0.25595238095238093,0.16666666666666666,0.29616267772157107
2,30,85,6,120,11,0,1,0,1,1,1,1,1,1,0.2865047968601901,0.4,0.49404761904761907,0.25,0.39607158508985363
5,45,109,9,150,16,1,0,0,1,3,1,1,1,1,0.17377394345044514,1.0,0.35119047619047616,0.3,0.5638569060487995
5,30,35,6,45,19,2,1,0,0,3,1,1,1,1,0.06392786120670757,1.0,0.7916666666666666,0.6666666666666666,0.6069686137732377
4,30,124,6,45,15,0,0,0,0,0,1,1,1,1,0.10539922456186433,0.8,0.26190476190476186,0.6666666666666666,0.40269169040327424
4,60,131,9,150,7,6,0,0,0,3,1,1,1,1,0.6065306597126334,0.8,0.22023809523809523,0.4,0.4914818053933928
1,120,87,6,180,12,2,1,0,0,5,1,1,1,1,0.22313016014842982,0.2,0.4821428571428571,0.6666666666666666,0.3010021485585874
3,60,127,7,60,21,4,0,0,0,5,1,1,1,1,0.0820849986238988,0.6,0.24404761904761907,1.0,0.41241358308433457
1,120,151,10,150,22,3,1,0,1,4,1,1,1,1,0.049787068367863944,0.2,0.10119047619047616,0.8,0.15766497483319758
3,30,82,8,120,15,3,1,1,0,5,1,1,1,1,0.17377394345044514,0.6,0.5119047619047619,0.25,0.4404293929304995
4,60,123,6,60,9,1,1,1,0,4,1,1,1,1,0.4723665527410147,0.8,0.2678571428571429,1.0,0.5724914685221028
5,60,90,7,180,21,2,0,0,0,1,1,1,1,1,0.0820849986238988,1.0,0.4642857142857143,0.3333333333333333,0.5091436007995366
2,120,69,6,150,14,1,1,0,0,4,1,1,1,1,0.1353352832366127,0.4,0.5892857142857143,0.8,0.356760150609183
3,45,103,9,180,20,0,0,0,1,5,1,1,1,1,0.06392786120670757,0.6,0.38690476190476186,0.25,0.43197127168512317
5,60,88,7,120,9,1,0,1,0,3,1,1,1,1,0.6065306597126334,1.0,0.47619047619047616,0.5,0.6828571058882679
4,150,162,10,150,13,6,1,0,1,4,1,1,1,1,0.4723665527410147,0.8,0.0357142857142857,1.0,0.5218902118566291
2,30,97,7,150,11,1,0,0,1,2,1,1,1,1,0.36787944117144233,0.4,0.42261904761904767,0.2,0.37925823595210606
4,30,122,9,30,9,1,0,1,1,3,1,1,1,1,1.0,0.8,0.27380952380952384,1.0,0.6905808103914157
2,30,102,8,30,6,4,0,0,0,0,1,1,1,1,0.6065306597126334,0.4,0.3928571428571429,1.0,0.467304709867299
1,60,123,10,150,21,2,0,0,0,3,1,1,1,1,0.06392786120670757,0.2,0.2678571428571429,0.4,0.19417537872799287
5,45,162,12,150,20,6,0,0,1,3,1,1,1,1,0.1353352832366127,1.0,0.0357142857142857,0.3,0.44205818586705625
3,45,63,7,180,17,1,0,0,1,1,1,1,1,1,0.0820849986238988,0.6,0.625,0.25,0.44386993557383153
5,60,157,9,60,19,4,1,0,0,1,1,1,1,1,0.0820849986238988,1.0,0.06547619047619047,1.0,0.4386686002299997
4,45,166,8,90,10,3,0,1,1,5,1,1,1,1,0.6065306597126334,0.8,0.011904761904761862,0.5,0.5110495001552383
1,45,142,7,180,7,2,1,0,0,0,1,1,1,1,1.0,0.2,0.15476190476190477,0.25,0.4089557281773459
5,45,76,8,120,16,1,1,0,0,0,1,1,1,1,0.1353352832366127,1.0,0.5476190476190477,0.375,0.6043064397626201
4,180,142,8,180,19,0,1,1,1,5,1,1,1,1,0.06392786120670757,0.8,0.15476190476190477,1.0,0.3888738885537663
4,60,67,7,120,8,3,1,0,0,1,1,1,1,1,0.7788007830714049,0.8,0.6011904761904762,0.5,0.6262493539013481
5,90,111,9,90,6,5,1,1,0,5,1,1,1,1,0.4723665527410147,1.0,0.3392857142857143,1.0,0.699056697143341
5,30,74,6,120,8,5,1,0,0,5,1,1,1,1,0.6065306597126334,1.0,0.5595238095238095,0.25,0.6604060538273246
1,45,41,6,60,7,5,1,1,1,4,1,1,1,1,0.7788007830714049,0.2,0.7559523809523809,0.75,0.6157121020525743
4,120,127,7,120,19,2,1,0,0,5,1,1,1,1,0.049787068367863944,0.8,0.24404761904761907,1.0,0.4036133108844833
5,45,120,6,150,22,3,0,0,1,2,1,1,1,1,0.1353352832366127,1.0,0.2857142857142857,0.3,0.5313681283204729
5,30,95,9,180,15,5,1,0,0,5,1,1,1,1,0.22313016014842982,1.0,0.43452380952380953,0.16666666666666666,0.53076030845969
1,45,103,8,45,21,2,0,1,1,5,1,1,1,1,0.06392786120670757,0.2,0.38690476190476186,1.0,0.3601410016149311
4,45,150,7,150,15,4,1,1,1,5,1,1,1,1,0.1353352832366127,0.8,0.1071428571428571,0.3,0.3812870829842462
4,30,67,6,120,6,4,0,0,0,5,1,1,1,1,1.0,0.8,0.6011904761904762,0.25,0.6606522485803897
2,90,117,9,120,18,6,1,0,0,4,1,1,1,1,0.10539922456186433,0.4,0.3035714285714286,0.75,0.31605670721862034
5,150,72,6,150,10,0,1,0,1,4,1,1,1,1,0.36787944117144233,1.0,0.5714285714285714,1.0,0.7334802307002474
4,45,80,6,45,13,4,1,0,0,0,1,1,1,1,0.17377394345044514,0.8,0.5238095238095238,1.0,0.5038384002430463
5,30,156,7,180,14,0,1,0,1,2,1,1,1,1,0.17377394345044514,1.0,0.0714285714285714,0.16666666666666666,0.4637965137772874
2,30,136,7,150,22,4,1,0,0,3,1,1,1,1,0.10539922456186433,0.4,0.19047619047619047,0.2,0.22223591392463343
1,30,164,8,90,10,6,1,0,0,0,1,1,1,1,0.6065306597126334,0.2,0.023809523809523836,0.3333333333333333,0.22465562659282956
1,60,152,11,60,10,2,0,0,1,1,1,1,1,1,0.7788007830714049,0.2,0.09523809523809523,1.0,0.3536892298400828
4,90,137,7,90,11,3,1,0,1,0,1,1,1,1,0.36787944117144233,0.8,0.18452380952380953,1.0,0.5179233186375901
2,60,97,7,120,21,0,0,0,0,3,1,1,1,1,0.0820849986238988,0.4,0.42261904761904767,0.5,0.33984109642306454
3,180,147,7,180,18,0,1,0,0,3,1,1,1,1,0.06392786120670757,0.6,0.125,1.0,0.3320092048702435
4,45,125,9,120,16,1,1,0,0,4,1,1,1,1,0.17377394345044514,0.8,0.25595238095238093,0.375,0.4512171628161806
4,30,100,7,150,14,1,1,0,1,0,1,1,1,1,0.17377394345044514,0.8,0.40476190476190477,0.2,0.47921449418169737
1,60,166,7,90,16,3,0,0,0,1,1,1,1,1,0.10539922456186433,0.2,0.011904761904761862,0.6666666666666666,0.11630175916843016
3,30,132,10,120,12,3,0,0,0,4,1,1,1,1,0.6065306597126334,0.6,0.2142857142857143,0.25,0.42277263507096474
1,180,72,6,180,16,6,1,0,0,3,1,1,1,1,0.0820849986238988,0.2,0.5714285714285714,1.0,0.32198592162675516
1,30,112,6,30,10,3,0,0,0,4,1,1,1,1,0.36787944117144233,0.2,0.33333333333333337,1.0,0.365770299707459
2,45,161,8,150,9,5,0,0,0,2,1,1,1,1,0.7788007830714049,0.4,0.04166666666666663,0.3,0.3800930061132808
2,90,53,6,180,11,5,1,0,0,0,1,1,1,1,0.2865047968601901,0.4,0.6845238095238095,0.5,0.44724009931068814
3,45,162,10,150,10,0,1,0,1,2,1,1,1,1,1.0,0.6,0.0357142857142857,0.3,0.517804176625237
5,30,162,7,60,13,4,0,0,0,2,1,1,1,1,0.22313016014842982,1.0,0.0357142857142857,0.5,0.4198666241157653
5,45,138,6,45,17,1,0,0,1,5,1,1,1,1,0.06392786120670757,1.0,0.1785714285714286,1.0,0.47142528246806625
4,90,67,7,90,21,4,0,0,0,4,1,1,1,1,0.0820849986238988,0.8,0.6011904761904762,1.0,0.5221321503085435
2,30,52,7,180,16,0,1,0,0,0,1,1,1,1,0.10539922456186433,0.4,0.6904761904761905,0.16666666666666666,0.3499325033489294
4,90,112,9,90,17,5,1,0,0,0,1,1,1,1,0.1353352832366127,0.8,0.33333333333333337,1.0,0.4718245291587019
2,45,142,9,90,8,4,0,0,0,3,1,1,1,1,0.7788007830714049,0.4,0.15476190476190477,0.5,0.46902663505292064
1,60,65,6,120,21,4,1,0,0,2,1,1,1,1,0.10539922456186433,0.2,0.6130952380952381,0.5,0.32911364230688345
3,45,143,6,90,19,6,1,0,0,2,1,1,1,1,0.06392786120670757,0.6,0.14880952380952384,0.5,0.32230043622965127
3,30,23,6,45,10,3,1,0,0,1,1,1,1,1,0.36787944117144233,0.6,0.8630952380952381,0.6666666666666666,0.6268686412068856
1,60,122,10,180,13,3,1,0,0,4,1,1,1,1,0.4723665527410147,0.2,0.27380952380952384,0.3333333333333333,0.28280952055820596
2,30,106,8,120,10,4,0,0,0,5,1,1,1,1,0.6065306597126334,0.4,0.36904761904761907,0.25,0.4615946055513403
2,30,103,8,90,20,5,1,0,0,5,1,1,1,1,0.049787068367863944,0.4,0.38690476190476186,0.3333333333333333,0.32796048764625263
3,30,62,7,60,17,6,1,1,1,4,1,1,1,1,0.0820849986238988,0.6,0.6309523809523809,0.5,0.5187452439134431
4,30,142,6,150,10,4,0,0,0,3,1,1,1,1,0.36787944117144233,0.8,0.15476190476190477,0.2,0.44447060491564294
4,90,133,7,150,18,1,0,0,0,4,1,1,1,1,0.06392786120670757,0.8,0.20833333333333337,0.6,0.3947055648449047
4,30,131,9,30,8,2,1,1,0,2,1,1,1,1,0.7788007830714049,0.8,0.22023809523809523,1.0,0.626618714925628
1,45,100,9,90,12,6,0,0,1,5,1,1,1,1,0.4723665527410147,0.2,0.40476190476190477,0.5,0.3302610790497305
5,45,156,6,90,19,4,0,0,0,3,1,1,1,1,0.06392786120670757,1.0,0.0714285714285714,0.5,0.3956511808671879
1,45,116,8,45,6,6,0,0,1,0,1,1,1,1,0.6065306597126334,0.2,0.30952380952380953,1.0,0.38272253190831707
2,120,109,8,120,15,6,0,0,0,5,1,1,1,1,0.17377394345044514,0.4,0.35119047619047616,1.0,0.3082770712585854
5,60,97,8,90,12,1,1,0,1,4,1,1,1,1,0.36787944117144233,1.0,0.42261904761904767,0.6666666666666666,0.6199019828332109
5,60,113,7,120,13,4,1,0,1,2,1,1,1,1,0.22313016014842982,1.0,0.32738095238095233,0.5,0.5835725938481802
1,30,89,9,180,10,5,1,0,0,1,1,1,1,1,0.7788007830714049,0.2,0.47023809523809523,0.16666666666666666,0.4195586882174565
3,60,134,10,90,19,5,1,0,1,2,1,1,1,1,0.10539922456186433,0.6,0.20238095238095233,0.6666666666666666,0.34072830123753794
5,90,87,6,90,14,1,0,0,0,5,1,1,1,1,0.1353352832366127,1.0,0.4821428571428571,1.0,0.5374501488300346
2,60,144,9,90,17,0,1,0,0,3,1,1,1,1,0.1353352832366127,0.4,0.1428571428571429,0.6666666666666666,0.2419363866503232
4,45,121,10,45,15,2,1,0,1,0,1,1,1,1,0.2865047968601901,0.8,0.27976190476190477,1.0,0.522300731222102
1,150,156,8,150,18,0,1,1,0,5,1,1,1,1,0.0820849986238988,0.2,0.0714285714285714,1.0,0.15584526091090242
2,90,108,9,90,8,4,1,0,1,3,1,1,1,1,0.7788007830714049,0.4,0.3571428571428571,1.0,0.53917576996972
4,30,145,11,60,11,6,1,1,0,5,1,1,1,1,1.0,0.8,0.13690476190476186,0.5,0.6341480996735406
2,30,130,8,120,6,4,0,0,1,2,1,1,1,1,0.6065306597126334,0.4,0.22619047619047616,0.25,0.3792553550394883
1,30,143,9,120,7,2,1,1,1,5,1,1,1,1,0.6065306597126334,0.2,0.14880952380952384,0.25,0.3455539500958415
2,45,159,6,150,19,6,1,0,1,3,1,1,1,1,0.06392786120670757,0.4,0.0535714285714286,0.3,0.18079874654392014
4,90,88,6,120,7,0,1,0,1,2,1,1,1,1,0.7788007830714049,0.8,0.47619047619047616,0.75,0.6803534799769715
4,90,90,7,150,8,4,1,0,0,5,1,1,1,1,0.7788007830714049,0.8,0.4642857142857143,0.6,0.5912783118971324
5,120,116,7,180,12,2,0,1,0,0,1,1,1,1,0.2865047968601901,1.0,0.30952380952380953,0.6666666666666666,0.6044758882572348
3,45,127,10,60,11,1,1,1,0,1,1,1,1,1,0.7788007830714049,0.6,0.24404761904761907,0.75,0.5172184503787601
1,45,167,6,90,18,5,1,0,0,2,1,1,1,1,0.049787068367863944,0.2,0.005952380952380931,0.5,0.08034557090483382
5,30,104,8,180,6,0,1,1,1,5,1,1,1,1,0.6065306597126334,1.0,0.38095238095238093,0.16666666666666666,0.6582263669576177
4,30,93,6,30,9,1,1,0,0,1,1,1,1,1,0.4723665527410147,0.8,0.4464285714285714,1.0,0.5735302690273738
2,30,41,7,60,16,5,1,1,0,5,1,1,1,1,0.10539922456186433,0.4,0.7559523809523809,0.5,0.4545710563633686
4,90,139,7,90,17,2,0,0,1,2,1,1,1,1,0.0820849986238988,0.8,0.17261904761904767,1.0,0.4004721179309828
1,60,93,6,90,19,1,1,0,0,1,1,1,1,1,0.06392786120670757,0.2,0.4464285714285714,0.6666666666666666,0.26088682456696594
2,30,105,8,45,17,6,1,0,1,0,1,1,1,1,0.10539922456186433,0.4,0.375,0.6666666666666666,0.3581597761426855
5,45,139,10,90,19,4,0,1,1,3,1,1,1,1,0.10539922456186433,1.0,0.17261904761904767,0.5,0.5280733095521788
5,60,105,8,180,7,3,1,1,1,3,1,1,1,1,0.7788007830714049,1.0,0.375,0.3333333333333333,0.7628883887934143
4,60,79,7,90,22,5,0,0,0,5,1,1,1,1,0.10539922456186433,0.8,0.5297619047619048,0.6666666666666666,0.5041810080998609
3,30,165,11,150,21,5,1,0,1,2,1,1,1,1,0.0820849986238988,0.6,0.017857142857142905,0.2,0.29904243533643177
2,90,58,6,120,10,0,0,1,1,1,1,1,1,1,0.36787944117144233,0.4,0.6547619047619048,0.75,0.5067317567227793
1,30,167,6,90,18,5,0,0,0,4,1,1,1,1,0.049787068367863944,0.2,0.005952380952380931,0.3333333333333333,0.09702373373688762
1,30,35,6,150,17,3,1,0,0,2,1,1,1,1,0.06392786120670757,0.2,0.7916666666666666,0.2,0.3705773590506654
2,30,40,7,60,10,1,0,0,0,2,1,1,1,1,0.4723665527410147,0.4,0.7619047619047619,0.5,0.507470144442243
3,30,160,7,180,16,0,1,1,0,1,1,1,1,1,0.10539922456186433,0.6,0.04761904761904767,0.16666666666666666,0.24615476314608875
2,180,160,6,180,19,3,0,0,1,1,1,1,1,1,0.06392786120670757,0.4,0.04761904761904767,1.0,0.23842428845222588
4,30,115,8,180,6,3,1,1,0,1,1,1,1,1,0.6065306597126334,0.8,0.31547619047619047,0.16666666666666666,0.5310848184603867
3,30,84,9,90,21,1,1,0,1,5,1,1,1,1,0.049787068367863944,0.6,0.5,0.3333333333333333,0.4118828118567391
1,30,67,6,150,6,3,0,0,1,1,1,1,1,1,1.0,0.2,0.6011904761904762,0.2,0.514071836492606
3,90,133,6,180,22,6,0,0,0,4,1,1,1,1,0.1353352832366127,0.6,0.20833333333333337,0.5,0.32512480114837716
4,30,150,7,150,10,5,0,0,1,1,1,1,1,1,0.4723665527410147,0.8,0.1071428571428571,0.2,0.4681592788646877
5,30,128,8,90,12,3,1,1,0,0,1,1,1,1,0.36787944117144233,1.0,0.23809523809523814,0.3333333333333333,0.5594389389696102
4,150,129,6,180,6,5,1,0,1,4,1,1,1,1,1.0,0.8,0.2321428571428571,0.8333333333333334,0.6959370248248864
2,30,118,7,90,10,2,0,1,1,4,1,1,1,1,0.4723665527410147,0.4,0.29761904761904767,0.3333333333333333,0.42027117331661457
1,150,132,9,150,19,0,1,0,0,3,1,1,1,1,0.0820849986238988,0.2,0.2142857142857143,1.0,0.2061736935344518
5,30,136,8,150,7,1,0,0,1,1,1,1,1,1,0.7788007830714049,1.0,0.19047619047619047,0.2,0.6220973934034646
4,45,150,7,120,21,5,1,1,1,0,1,1,1,1,0.0820849986238988,0.8,0.1071428571428571,0.375,0.4208267119915561
2,30,164,8,120,11,3,0,0,0,1,1,1,1,1,0.4723665527410147,0.4,0.023809523809523836,0.25,0.2527366309387455
5,60,159,11,120,15,4,0,0,1,5,1,1,1,1,0.36787944117144233,1.0,0.0535714285714286,0.5,0.5154030659592646
3,30,64,8,120,6,3,1,0,1,0,1,1,1,1,0.6065306597126334,0.6,0.6190476190476191,0.25,0.536109706157491
3,30,47,7,150,11,6,1,1,0,4,1,1,1,1,0.36787944117144233,0.6,0.7202380952380952,0.2,0.5464735209260743
1,30,79,8,150,7,3,0,0,1,0,1,1,1,1,0.7788007830714049,0.2,0.5297619047619048,0.2,0.4826288997154838
1,90,69,6,120,7,3,1,0,1,5,1,1,1,1,0.7788007830714049,0.2,0.5892857142857143,0.75,0.5421394695187284
4,45,108,6,120,13,1,0,1,0,1,1,1,1,1,0.17377394345044514,0.8,0.3571428571428571,0.375,0.5013761285088992
4,30,50,6,60,12,1,1,0,1,0,1,1,1,1,0.22313016014842982,0.8,0.7023809523809523,0.5,0.5808835566773137
5,60,52,7,120,12,5,0,0,1,4,1,1,1,1,0.2865047968601901,1.0,0.6904761904761905,0.5,0.6813403742759766
1,45,78,6,60,18,2,0,0,0,2,1,1,1,1,0.049787068367863944,0.2,0.5357142857142857,0.75,0.2861236947584028
4,90,167,7,120,12,6,0,0,1,5,1,1,1,1,0.2865047968601901,0.8,0.005952380952380931,0.75,0.4071740794945147
5,45,140,11,150,14,3,1,0,0,0,1,1,1,1,0.4723665527410147,1.0,0.16666666666666663,0.3,0.5260558433163044
5,30,45,7,180,15,1,1,0,1,3,1,1,1,1,0.1353352832366127,1.0,0.7321428571428572,0.16666666666666666,0.6723048743516897
1,45,63,7,90,15,1,1,0,0,1,1,1,1,1,0.1353352832366127,0.2,0.625,0.5,0.307838316764586
3,45,150,11,90,16,6,1,0,1,4,1,1,1,1,0.2865047968601901,0.6,0.1071428571428571,0.5,0.35361682776172354
4,60,150,11,90,22,3,0,0,1,5,1,1,1,1,0.06392786120670757,0.8,0.1071428571428571,0.6666666666666666,0.381818983759096
3,120,105,8,150,16,0,0,0,1,1,1,1,1,1,0.1353352832366127,0.6,0.375,0.8,0.4193820493263681
2,30,139,9,120,10,6,0,0,0,2,1,1,1,1,0.7788007830714049,0.4,0.17261904761904767,0.25,0.36832804542636105
2,45,60,6,180,8,1,0,0,0,0,1,1,1,1,0.6065306597126334,0.4,0.6428571428571428,0.25,0.5189486665932438
4,30,162,10,150,12,3,1,0,0,4,1,1,1,1,0.6065306597126334,0.8,0.0357142857142857,0.2,0.45229727177432266
5,45,122,10,45,10,0,0,1,0,5,1,1,1,1,1.0,1.0,0.27380952380952384,1.0,0.8144329421182394
3,45,81,7,120,16,0,1,0,1,2,1,1,1,1,0.10539922456186433,0.6,0.5178571428571428,0.375,0.4415627846938032
2,45,65,6,60,22,3,1,0,1,4,1,1,1,1,0.1353352832366127,0.4,0.6130952380952381,0.75,0.4388633591571321
4,45,105,6,120,18,3,0,0,0,5,1,1,1,1,0.049787068367863944,0.8,0.375,0.375,0.4164975679014767
5,30,146,9,150,6,4,1,0,1,1,1,1,1,1,0.4723665527410147,1.0,0.13095238095238093,0.2,0.5419566951211732
2,120,105,6,180,11,5,0,0,1,2,1,1,1,1,0.2865047968601901,0.4,0.375,0.6666666666666666,0.45007937965784844
4,30,157,12,30,7,4,1,0,1,5,1,1,1,1,0.2865047968601901,0.8,0.06547619047619047,1.0,0.4259747926238288
1,45,133,9,90,19,0,0,1,1,0,1,1,1,1,0.0820849986238988,0.2,0.20833333333333337,0.5,0.21042306242050038
5,30,166,11,45,7,1,0,1,0,0,1,1,1,1,0.36787944117144233,1.0,0.011904761904761862,0.6666666666666666,0.5063357400288987
1,120,82,7,150,13,6,1,0,0,5,1,1,1,1,0.22313016014842982,0.2,0.5119047619047619,0.8,0.30664268507975984
4,60,133,7,90,18,1,1,0,1,1,1,1,1,1,0.06392786120670757,0.8,0.20833333333333337,0.6666666666666666,0.4615379762540015
2,60,114,9,60,8,0,0,0,0,5,1,1,1,1,0.7788007830714049,0.4,0.3214285714285714,1.0,0.4655773268848157
2,90,112,6,150,7,6,0,0,0,4,1,1,1,1,0.7788007830714049,0.4,0.33333333333333337,0.6,0.4633906753588833
1,60,75,6,90,19,1,0,0,1,2,1,1,1,1,0.06392786120670757,0.2,0.5535714285714286,0.6666666666666666,0.3845359411530265
4,45,88,8,120,16,6,1,1,0,4,1,1,1,1,0.1353352832366127,0.8,0.47619047619047616,0.375,0.5055831168369266
4,90,132,7,90,7,4,1,0,0,3,1,1,1,1,1.0,0.8,0.2142857142857143,1.0,0.6663154319762896
2,90,95,8,120,18,5,1,1,1,0,1,1,1,1,0.0820849986238988,0.4,0.43452380952380953,0.75,0.3127350915744715
4,30,162,11,30,16,6,1,0,0,0,1,1,1,1,0.2865047968601901,0.8,0.0357142857142857,1.0,0.37626538219125516
1,45,85,6,150,18,6,0,0,0,0,1,1,1,1,0.049787068367863944,0.2,0.49404761904761907,0.3,0.2721951907065454
1,120,126,9,120,21,6,1,1,1,2,1,1,1,1,0.049787068367863944,0.2,0.25,1.0,0.2587297936881538
1,30,156,8,45,12,5,1,0,0,1,1,1,1,1,0.36787944117144233,0.2,0.0714285714285714,0.6666666666666666,0.22582831075811052
1,120,97,8,120,17,6,1,0,0,1,1,1,1,1,0.10539922456186433,0.2,0.42261904761904767,1.0,0.2622989407346076
3,30,104,8,30,11,1,0,0,1,0,1,1,1,1,0.4723665527410147,0.6,0.38095238095238093,1.0,0.5043298818821849
2,150,134,8,150,13,1,0,0,1,0,1,1,1,1,0.2865047968601901,0.4,0.20238095238095233,1.0,0.30529014740874244
4,30,105,6,150,12,6,1,1,1,3,1,1,1,1,0.22313016014842982,0.8,0.375,0.2,0.5036249334381423
5,120,112,7,180,15,5,0,0,0,2,1,1,1,1,0.1353352832366127,1.0,0.33333333333333337,0.6666666666666666,0.5318430826845264
4,30,121,6,60,15,0,0,1,1,2,1,1,1,1,0.10539922456186433,0.8,0.27976190476190477,0.5,0.4523738556229474
5,30,89,9,30,12,5,1,0,1,3,1,1,1,1,0.4723665527410147,1.0,0.47023809523809523,1.0,0.6820064449881296
1,60,97,8,180,11,3,0,0,0,0,1,1,1,1,0.4723665527410147,0.2,0.42261904761904767,0.3333333333333333,0.3236680910534604
3,150,62,6,180,16,2,0,0,0,3,1,1,1,1,0.0820849986238988,0.6,0.6309523809523809,0.8333333333333334,0.45125812212361505
1,30,25,6,90,7,3,0,0,0,5,1,1,1,1,0.7788007830714049,0.2,0.8511904761904762,0.3333333333333333,0.5511379510328129
2,45,124,7,150,22,6,0,0,0,3,1,1,1,1,0.10539922456186433,0.4,0.26190476190476186,0.3,0.23186482064083722
1,90,111,7,150,18,0,0,0,0,0,1,1,1,1,0.06392786120670757,0.2,0.3392857142857143,0.6,0.23864441748736062
2,45,101,7,90,11,0,1,0,0,4,1,1,1,1,0.36787944117144233,0.4,0.39880952380952384,0.5,0.37987134215199325
5,30,103,9,120,6,5,1,0,1,0,1,1,1,1,0.4723665527410147,1.0,0.38690476190476186,0.25,0.6213118683607949
4,45,40,6,45,16,0,1,0,1,1,1,1,1,1,0.0820849986238988,0.8,0.7619047619047619,1.0,0.6003690183344506
3,60,134,9,150,16,3,0,0,0,1,1,1,1,1,0.17377394345044514,0.6,0.20238095238095233,0.4,0.30984540221672685
2,45,58,6,90,6,4,1,0,1,1,1,1,1,1,1.0,0.4,0.6547619047619048,0.5,0.660791553432735
4,90,99,7,180,10,1,0,0,0,2,1,1,1,1,0.4723665527410147,0.8,0.4107142857142857,0.5,0.5167656662650897
4,30,84,8,120,11,2,1,1,0,5,1,1,1,1,0.4723665527410147,0.8,0.5,0.25,0.5699220736216387
4,90,68,6,90,11,4,1,1,0,3,1,1,1,1,0.2865047968601901,0.8,0.5952380952380952,1.0,0.6320401502100588
1,30,104,7,30,13,2,1,1,0,3,1,1,1,1,0.22313016014842982,0.2,0.38095238095238093,1.0,0.31187373089146564
2,60,164,9,180,18,6,1,1,1,5,1,1,1,1,0.10539922456186433,0.4,0.023809523809523836,0.3333333333333333,0.24394582138404222
3,45,95,9,60,18,3,1,0,0,4,1,1,1,1,0.10539922456186433,0.6,0.43452380952380953,0.75,0.3531452179486243
4,30,90,7,45,8,6,0,0,0,2,1,1,1,1,0.7788007830714049,0.8,0.4642857142857143,0.6666666666666666,0.6435273549213743
1,90,109,7,180,16,2,1,1,0,0,1,1,1,1,0.10539922456186433,0.2,0.35119047619047616,0.5,0.18149223649438695
5,45,148,11,90,14,3,0,0,1,2,1,1,1,1,0.4723665527410147,1.0,0.11904761904761907,0.5,0.5245402905331631
3,60,148,8,90,18,1,0,1,0,4,1,1,1,1,0.0820849986238988,0.6,0.11904761904761907,0.6666666666666666,0.32841096206508175
4,90,135,10,120,16,4,0,1,0,5,1,1,1,1,0.22313016014842982,0.8,0.1964285714285714,0.75,0.47200275199585273
1,30,114,7,120,8,2,1,0,1,2,1,1,1,1,0.7788007830714049,0.2,0.3214285714285714,0.25,0.40292479022224487
3,90,140,10,150,8,0,0,0,0,5,1,1,1,1,0.6065306597126334,0.6,0.16666666666666663,0.6,0.46213279080144204
2,120,98,8,180,7,4,0,0,0,5,1,1,1,1,0.7788007830714049,0.4,0.41666666666666663,0.6666666666666666,0.5223399160438871
2,30,167,10,90,11,2,0,1,1,2,1,1,1,1,0.7788007830714049,0.4,0.005952380952380931,0.3333333333333333,0.40877356210355614
5,30,131,9,45,16,0,0,1,1,4,1,1,1,1,0.17377394345044514,1.0,0.22023809523809523,0.6666666666666666,0.544131646314504
5,45,139,8,180,9,5,0,0,0,3,1,1,1,1,0.7788007830714049,1.0,0.17261904761904767,0.25,0.5762185492210297
3,45,140,6,180,16,0,0,0,0,3,1,1,1,1,0.0820849986238988,0.6,0.16666666666666663,0.25,0.24207388047573425
2,45,85,7,60,18,3,0,1,0,0,1,1,1,1,0.06392786120670757,0.4,0.49404761904761907,0.75,0.37787533342973906
2,90,164,7,90,14,6,1,0,1,5,1,1,1,1,0.17377394345044514,0.4,0.023809523809523836,1.0,0.23790343055725122
3,90,121,9,90,6,6,1,0,0,3,1,1,1,1,0.4723665527410147,0.6,0.27976190476190477,1.0,0.4616563436146933
3,30,105,8,90,15,6,1,0,0,1,1,1,1,1,0.17377394345044514,0.6,0.375,0.3333333333333333,0.39467120539725026
4,30,95,6,45,15,2,0,0,1,4,1,1,1,1,0.10539922456186433,0.8,0.43452380952380953,0.6666666666666666,0.5024046361317763
3,45,149,8,120,11,2,1,0,0,0,1,1,1,1,0.4723665527410147,0.6,0.11309523809523814,0.375,0.3509794166818861
5,90,121,8,120,22,6,0,0,0,4,1,1,1,1,0.0820849986238988,1.0,0.27976190476190477,0.75,0.44641303091982765
3,120,151,7,150,9,0,0,1,0,2,1,1,1,1,0.6065306597126334,0.6,0.10119047619047616,0.8,0.4302673130714539
4,30,65,6,45,14,6,1,0,0,1,1,1,1,1,0.1353352832366127,0.8,0.6130952380952381,0.6666666666666666,0.5886278279900719
4,45,131,10,180,20,6,1,1,0,4,1,1,1,1,0.0820849986238988,0.8,0.22023809523809523,0.25,0.4032441312689599
4,60,54,7,90,8,4,1,0,0,4,1,1,1,1,0.7788007830714049,0.8,0.6785714285714286,0.6666666666666666,0.6746978414336138
3,45,158,8,150,19,4,0,1,0,5,1,1,1,1,0.06392786120670757,0.6,0.059523809523809534,0.3,0.26784778962573347
4,180,139,7,180,19,2,0,1,0,3,1,1,1,1,0.049787068367863944,0.8,0.17261904761904767,1.0,0.42331094362561067
1,60,55,7,60,6,1,1,0,1,5,1,1,1,1,0.7788007830714049,0.2,0.6726190476190477,1.0,0.5538997104561564
4,150,164,7,150,17,6,0,1,0,4,1,1,1,1,0.0820849986238988,0.8,0.023809523809523836,1.0,0.35917552486472504
4,60,119,9,180,16,4,0,1,0,0,1,1,1,1,0.17377394345044514,0.8,0.29166666666666663,0.3333333333333333,0.46860697777806615
5,30,90,6,60,10,1,1,1,1,5,1,1,1,1,0.36787944117144233,1.0,0.4642857142857143,0.5,0.6552186185829816
3,90,48,6,120,18,2,1,0,0,5,1,1,1,1,0.049787068367863944,0.6,0.7142857142857143,0.75,0.4588211733814118
1,45,153,10,150,20,1,0,1,0,2,1,1,1,1,0.0820849986238988,0.2,0.0892857142857143,0.3,0.13320713845936308
2,45,97,7,90,11,6,0,0,1,2,1,1,1,1,0.36787944117144233,0.4,0.42261904761904767,0.5,0.39454410134712686
4,90,118,9,120,17,5,0,1,0,2,1,1,1,1,0.1353352832366127,0.8,0.29761904761904767,0.75,0.4821664671331165
3,90,149,9,150,11,0,0,0,0,5,1,1,1,1,0.6065306597126334,0.6,0.11309523809523814,0.6,0.3710224393134521
1,90,119,7,180,10,3,0,1,0,2,1,1,1,1,0.4723665527410147,0.2,0.29166666666666663,0.5,0.3746802083777501
1,60,153,9,120,7,6,0,1,1,5,1,1,1,1,0.6065306597126334,0.2,0.0892857142857143,0.5,0.3116972435015778
5,180,148,6,180,16,3,1,0,1,5,1,1,1,1,0.0820849986238988,1.0,0.11904761904761907,1.0,0.45298226336310377
2,150,69,6,150,9,4,0,1,0,4,1,1,1,1,0.4723665527410147,0.4,0.5892857142857143,1.0,0.5509457503409682
4,30,61,6,45,6,4,1,1,0,4,1,1,1,1,1.0,0.8,0.6369047619047619,0.6666666666666666,0.7858617503913052
3,150,161,7,180,9,4,0,1,1,1,1,1,1,1,0.6065306597126334,0.6,0.04166666666666663,0.8333333333333334,0.446463830534719
1,30,129,8,180,8,1,0,0,0,0,1,1,1,1,1.0,0.2,0.2321428571428571,0.16666666666666666,0.3823389710574499
4,45,95,9,60,8,0,0,0,0,2,1,1,1,1,0.7788007830714049,0.8,0.43452380952380953,0.75,0.654386176163344
2,120,165,6,180,12,3,1,0,0,2,1,1,1,1,0.22313016014842982,0.4,0.017857142857142905,0.6666666666666666,0.20020555629935963
3,60,125,10,180,22,6,1,0,1,0,1,1,1,1,0.049787068367863944,0.6,0.25595238095238093,0.3333333333333333,0.30527055557638905
3,45,114,10,120,16,2,0,0,0,1,1,1,1,1,0.22313016014842982,0.6,0.3214285714285714,0.375,0.33675025091365945
2,45,166,7,120,6,3,1,0,0,0,1,1,1,1,0.7788007830714049,0.4,0.011904761904761862,0.375,0.3423871353019561
1,30,160,7,60,10,2,0,0,0,4,1,1,1,1,0.4723665527410147,0.2,0.04761904761904767,0.5,0.2653566832211567
3,45,150,11,90,21,6,0,0,1,1,1,1,1,1,0.0820849986238988,0.6,0.1071428571428571,0.5,0.336733936918965
1,60,70,6,60,21,5,1,0,0,5,1,1,1,1,0.10539922456186433,0.2,0.5833333333333333,1.0,0.3614223882142851
1,45,125,10,120,16,2,1,0,1,1,1,1,1,1,0.22313016014842982,0.2,0.25595238095238093,0.375,0.2483738888468881
2,45,142,9,60,15,0,0,0,1,2,1,1,1,1,0.22313016014842982,0.4,0.15476190476190477,0.75,0.3249490795487155
4,60,85,6,90,8,3,0,1,0,1,1,1,1,1,0.6065306597126334,0.8,0.49404761904761907,0.6666666666666666,0.6523081134892198
2,30,148,6,150,13,5,1,1,1,2,1,1,1,1,0.17377394345044514,0.4,0.11904761904761907,0.2,0.2804804772412808
5,45,139,8,120,19,1,0,0,0,0,1,1,1,1,0.06392786120670757,1.0,0.17261904761904767,0.375,0.4595150076233573
1,90,159,6,90,10,0,0,0,1,4,1,1,1,1,0.36787944117144233,0.2,0.0535714285714286,1.0,0.26987889353978756
1,45,141,11,45,16,5,0,0,0,4,1,1,1,1,0.2865047968601901,0.2,0.1607142857142857,1.0,0.27064277618765
1,60,105,7,120,6,1,1,1,0,3,1,1,1,1,0.7788007830714049,0.2,0.375,0.5,0.4420619031455462
1,30,80,8,150,20,1,1,1,1,3,1,1,1,1,0.049787068367863944,0.2,0.5238095238095238,0.2,0.29007920493777034
1,45,148,7,120,18,0,0,0,0,1,1,1,1,1,0.06392786120670757,0.2,0.11904761904761907,0.375,0.1309046107621538
3,30,65,6,60,8,2,1,0,1,0,1,1,1,1,0.6065306597126334,0.6,0.6130952380952381,0.5,0.5859602017658684
5,150,114,7,150,8,2,1,0,0,5,1,1,1,1,0.7788007830714049,1.0,0.3214285714285714,1.0,0.7414738980432353
2,90,131,8,150,21,5,1,0,0,4,1,1,1,1,0.06392786120670757,0.4,0.22023809523809523,0.6,0.25981020149158707
3,150,88,7,150,17,1,1,0,1,2,1,1,1,1,0.0820849986238988,0.6,0.47619047619047616,1.0,0.39342580521197035
1,30,99,9,30,9,4,1,0,0,1,1,1,1,1,1.0,0.2,0.4107142857142857,1.0,0.49481547729177006
4,30,162,10,120,17,6,1,0,1,3,1,1,1,1,0.17377394345044514,0.8,0.0357142857142857,0.25,0.34694305721213914
5,30,156,11,60,6,3,1,1,0,5,1,1,1,1,0.2865047968601901,1.0,0.0714285714285714,0.5,0.49000364484828934
4,60,164,9,120,7,6,1,0,1,3,1,1,1,1,0.6065306597126334,0.8,0.023809523809523836,0.5,0.48080769546606267
5,60,128,8,180,16,6,0,0,1,5,1,1,1,1,0.1353352832366127,1.0,0.23809523809523814,0.3333333333333333,0.5367095851028079
2,30,139,8,180,20,6,1,0,1,2,1,1,1,1,0.049787068367863944,0.4,0.17261904761904767,0.16666666666666666,0.1996807741639761
2,30,71,7,90,22,1,0,1,0,2,1,1,1,1,0.10539922456186433,0.4,0.5773809523809523,0.3333333333333333,0.3672476623444938
1,45,43,7,180,16,5,1,1,0,3,1,1,1,1,0.10539922456186433,0.2,0.7440476190476191,0.25,0.3237875835506999
2,30,86,6,180,10,2,1,0,0,3,1,1,1,1,0.36787944117144233,0.4,0.48809523809523814,0.16666666666666666,0.3838711636734128
5,90,78,6,90,17,1,1,0,0,3,1,1,1,1,0.06392786120670757,1.0,0.5357142857142857,1.0,0.5798990379261292
3,90,153,7,120,16,0,1,0,0,1,1,1,1,1,0.10539922456186433,0.6,0.0892857142857143,0.75,0.32522340112613973
2,60,129,7,150,13,0,0,0,1,5,1,1,1,1,0.22313016014842982,0.4,0.2321428571428571,0.4,0.33062008530638953
5,120,87,7,120,17,5,0,0,0,0,1,1,1,1,0.0820849986238988,1.0,0.4821428571428571,1.0,0.5709037727369588
1,45,104,8,90,13,3,0,1,0,0,1,1,1,1,0.2865047968601901,0.2,0.38095238095238093,0.5,0.2866564472210435
1,45,167,6,90,7,4,1,0,0,4,1,1,1,1,0.7788007830714049,0.2,0.005952380952380931,0.5,0.34205517525709017
2,60,73,8,60,18,1,0,1,0,1,1,1,1,1,0.0820849986238988,0.4,0.5654761904761905,1.0,0.40842099931787823
3,60,119,6,180,14,5,0,0,1,4,1,1,1,1,0.1353352832366127,0.6,0.29166666666666663,0.3333333333333333,0.39806963045320665
5,45,152,9,45,11,1,0,1,1,0,1,1,1,1,0.6065306597126334,1.0,0.09523809523809523,1.0,0.6098956222169598
4,30,164,11,30,21,5,0,1,0,1,1,1,1,1,0.0820849986238988,0.8,0.023809523809523836,1.0,0.39700689168265463
5,60,111,9,60,6,4,1,1,0,5,1,1,1,1,0.4723665527410147,1.0,0.3392857142857143,1.0,0.5966996244360016
2,60,87,8,60,20,3,0,1,0,0,1,1,1,1,0.049787068367863944,0.4,0.4821428571428571,1.0,0.3800587967278339
3,60,148,10,150,16,5,1,1,1,2,1,1,1,1,0.22313016014842982,0.6,0.11904761904761907,0.4,0.40045556933259974
2,60,142,9,120,19,2,1,1,0,0,1,1,1,1,0.0820849986238988,0.4,0.15476190476190477,0.5,0.269057573052903
3,120,121,7,120,18,3,1,1,1,0,1,1,1,1,0.06392786120670757,0.6,0.27976190476190477,1.0,0.43480762720024296
3,30,151,11,60,19,2,1,0,0,4,1,1,1,1,0.1353352832366127,0.6,0.10119047619047616,0.5,0.2688252029570744
1,30,164,7,60,8,3,0,0,1,0,1,1,1,1,0.7788007830714049,0.2,0.023809523809523836,0.5,0.30515974343797614
2,120,63,6,120,16,5,0,0,1,0,1,1,1,1,0.0820849986238988,0.4,0.625,1.0,0.43719785072152045
3,45,68,7,180,20,3,0,0,1,1,1,1,1,1,0.06392786120670757,0.6,0.5952380952380952,0.25,0.3953217311771038
5,45,163,8,120,9,3,0,0,1,3,1,1,1,1,0.7788007830714049,1.0,0.029761904761904767,0.375,0.6151545823662368
3,60,161,6,120,19,1,1,1,1,3,1,1,1,1,0.06392786120670757,0.6,0.04166666666666663,0.5,0.3187986511023161
1,90,138,8,150,8,0,0,0,0,4,1,1,1,1,1.0,0.2,0.1785714285714286,0.6,0.38497182140283265
1,60,76,8,180,11,5,0,0,0,5,1,1,1,1,0.4723665527410147,0.2,0.5476190476190477,0.3333333333333333,0.3680010071527362
1,30,89,7,30,17,2,1,0,0,3,1,1,1,1,0.0820849986238988,0.2,0.47023809523809523,1.0,0.2534445078549194
2,30,81,7,45,7,6,0,0,1,0,1,1,1,1,1.0,0.4,0.5178571428571428,0.6666666666666666,0.5857094002018397
2,120,157,8,180,8,2,0,0,1,5,1,1,1,1,1.0,0.4,0.06547619047619047,0.6666666666666666,0.4877404093705706
4,90,86,8,180,19,1,1,0,1,0,1,1,1,1,0.06392786120670757,0.8,0.48809523809523814,0.5,0.4799102969140077
3,60,97,7,90,10,3,1,0,0,4,1,1,1,1,0.4723665527410147,0.6,0.42261904761904767,0.6666666666666666,0.4841023499252936
4,90,144,10,150,8,0,0,0,0,0,1,1,1,1,0.6065306597126334,0.8,0.1428571428571429,0.6,0.5120664152547925
2,30,94,9,30,12,1,1,0,1,0,1,1,1,1,0.4723665527410147,0.4,0.44047619047619047,1.0,0.4484517679316085
1,90,122,8,120,18,4,0,0,0,0,1,1,1,1,0.0820849986238988,0.2,0.27380952380952384,0.75,0.23056691534673796
2,120,98,7,120,18,0,0,1,1,3,1,1,1,1,0.06392786120670757,0.4,0.41666666666666663,1.0,0.35848891055696774
2,180,100,6,180,8,3,0,0,1,4,1,1,1,1,0.6065306597126334,0.4,0.40476190476190477,1.0,0.4936488125568605
3,30,49,6,90,18,4,1,0,1,5,1,1,1,1,0.049787068367863944,0.6,0.7083333333333333,0.3333333333333333,0.48849633490167743
2,60,156,8,150,7,4,0,0,0,2,1,1,1,1,0.7788007830714049,0.4,0.0714285714285714,0.4,0.3844710852473936
4,90,120,9,120,10,5,1,0,0,2,1,1,1,1,0.7788007830714049,0.8,0.2857142857142857,0.75,0.5664444188572302
1,45,94,7,150,20,5,0,0,1,3,1,1,1,1,0.06392786120670757,0.2,0.44047619047619047,0.3,0.30194884486675266
3,60,144,6,150,13,3,0,0,0,0,1,1,1,1,0.17377394345044514,0.6,0.1428571428571429,0.4,0.31341573263569983
5,150,138,7,180,12,2,1,0,1,3,1,1,1,1,0.2865047968601901,1.0,0.1785714285714286,0.8333333333333334,0.5536137277084553
2,30,131,10,30,16,1,0,0,0,5,1,1,1,1,0.22313016014842982,0.4,0.22023809523809523,1.0,0.3315876423273607
2,30,118,7,150,12,6,1,0,1,0,1,1,1,1,0.2865047968601901,0.4,0.29761904761904767,0.2,0.3176586188315639
3,45,127,6,45,21,2,1,1,1,4,1,1,1,1,0.10539922456186433,0.6,0.24404761904761907,1.0,0.4336525643232871
1,60,49,6,90,7,6,0,1,0,5,1,1,1,1,0.7788007830714049,0.2,0.7083333333333333,0.6666666666666666,0.5459326934687406
2,30,55,7,150,11,3,0,0,0,4,1,1,1,1,0.36787944117144233,0.4,0.6726190476190477,0.2,0.4412517875494506
2,90,138,10,120,20,2,1,1,0,0,1,1,1,1,0.0820849986238988,0.4,0.1785714285714286,0.75,0.30170234080483743
1,120,73,6,120,11,5,1,0,0,0,1,1,1,1,0.2865047968601901,0.2,0.5654761904761905,1.0,0.3489322902228695
1,60,99,8,60,20,2,0,0,0,3,1,1,1,1,0.049787068367863944,0.2,0.4107142857142857,1.0,0.19947168717422128
3,30,93,9,90,8,3,1,0,1,1,1,1,1,1,0.7788007830714049,0.6,0.4464285714285714,0.3333333333333333,0.5801211526737414
1,30,80,7,180,22,1,1,0,0,5,1,1,1,1,0.10539922456186433,0.2,0.5238095238095238,0.16666666666666666,0.2853908800114099
4,90,85,8,90,19,5,0,0,0,4,1,1,1,1,0.06392786120670757,0.8,0.49404761904761907,1.0,0.5177155437490201
4,45,23,6,45,9,4,0,0,1,1,1,1,1,1,0.4723665527410147,0.8,0.8630952380952381,1.0,0.758838498850106
4,30,135,6,45,16,6,1,0,0,3,1,1,1,1,0.0820849986238988,0.8,0.1964285714285714,0.6666666666666666,0.4118138326742775
3,45,120,10,90,19,6,1,0,0,0,1,1,1,1,0.10539922456186433,0.6,0.2857142857142857,0.5,0.3868528878452717
2,90,44,6,120,17,3,1,0,1,3,1,1,1,1,0.06392786120670757,0.4,0.7380952380952381,0.75,0.4158150681847801
1,120,154,8,180,10,1,0,0,1,5,1,1,1,1,0.6065306597126334,0.2,0.08333333333333337,0.6666666666666666,0.30211334865478856
1,45,66,6,150,12,2,0,0,0,0,1,1,1,1,0.22313016014842982,0.2,0.6071428571428572,0.3,0.2922312919498399
5,90,88,7,180,6,2,1,1,0,5,1,1,1,1,0.7788007830714049,1.0,0.47619047619047616,0.5,0.7022428077233651
1,30,125,7,30,22,5,1,0,0,5,1,1,1,1,0.10539922456186433,0.2,0.25595238095238093,1.0,0.2203002622197837
3,60,145,7,60,18,0,0,0,0,5,1,1,1,1,0.06392786120670757,0.6,0.13690476190476186,1.0,0.3149576376131465
4,150,128,7,180,10,5,0,1,0,5,1,1,1,1,0.4723665527410147,0.8,0.23809523809523814,0.8333333333333334,0.5394288859037312
2,30,160,6,120,20,0,1,1,0,0,1,1,1,1,0.0820849986238988,0.4,0.04761904761904767,0.25,0.2331154055976572
3,120,151,6,180,21,3,1,1,1,0,1,1,1,1,0.10539922456186433,0.6,0.10119047619047616,0.6666666666666666,0.33018715078681715
1,45,59,7,150,10,2,0,0,1,5,1,1,1,1,0.4723665527410147,0.2,0.6488095238095238,0.3,0.5019039708621329
4,90,91,6,120,10,5,0,0,0,5,1,1,1,1,0.36787944117144233,0.8,0.45833333333333337,0.75,0.5910752064506929
5,150,91,7,180,10,6,1,0,0,5,1,1,1,1,0.4723665527410147,1.0,0.45833333333333337,0.8333333333333334,0.6207460573968172
4,30,156,10,45,17,1,0,0,1,1,1,1,1,1,0.17377394345044514,0.8,0.0714285714285714,0.6666666666666666,0.3961017940006771
2,60,132,10,180,15,4,0,0,0,5,1,1,1,1,0.2865047968601901,0.4,0.2142857142857143,0.3333333333333333,0.32592504253816423
3,60,113,9,180,9,6,1,1,1,1,1,1,1,1,1.0,0.6,0.32738095238095233,0.3333333333333333,0.6383272961924059
3,45,123,6,45,12,3,0,0,0,2,1,1,1,1,0.22313016014842982,0.6,0.2678571428571429,1.0,0.3894183760404379
4,30,70,7,45,21,3,1,0,0,4,1,1,1,1,0.0820849986238988,0.8,0.5833333333333333,0.6666666666666666,0.5378505554564303
4,60,78,7,60,9,3,1,1,1,0,1,1,1,1,0.6065306597126334,0.8,0.5357142857142857,1.0,0.66964230028182
4,90,161,9,150,22,3,1,0,0,4,1,1,1,1,0.06392786120670757,0.8,0.04166666666666663,0.6,0.3784646198605147
4,120,89,6,120,6,2,0,0,0,4,1,1,1,1,1.0,0.8,0.47023809523809523,1.0,0.7174212898857951
3,30,144,8,60,10,0,1,0,1,5,1,1,1,1,0.6065306597126334,0.6,0.1428571428571429,0.5,0.4580451097233175
1,30,97,8,30,21,1,1,0,1,4,1,1,1,1,0.06392786120670757,0.2,0.42261904761904767,1.0,0.2996607798224564
4,30,119,6,60,21,4,1,0,1,1,1,1,1,1,0.10539922456186433,0.8,0.29166666666666663,0.5,0.4731241060839947
3,45,133,7,60,9,1,1,1,0,2,1,1,1,1,0.6065306597126334,0.6,0.20833333333333337,0.75,0.5151200797494848
3,45,107,9,90,7,4,1,0,1,5,1,1,1,1,0.6065306597126334,0.6,0.36309523809523814,0.5,0.5140331136430215
5,30,143,8,90,19,4,0,0,0,3,1,1,1,1,0.06392786120670757,1.0,0.14880952380952384,0.3333333333333333,0.4304666294187981
1,120,140,7,150,12,4,1,0,0,1,1,1,1,1,0.2865047968601901,0.2,0.16666666666666663,0.8,0.2445411440365193
2,45,153,8,150,7,5,0,0,1,2,1,1,1,1,0.7788007830714049,0.4,0.0892857142857143,0.3,0.3885140244953411
1,30,100,7,150,20,1,0,0,1,5,1,1,1,1,0.06392786120670757,0.2,0.40476190476190477,0.2,0.25044770969644137
2,90,134,9,120,22,6,1,1,0,1,1,1,1,1,0.06392786120670757,0.4,0.20238095238095233,0.75,0.2703552014868428
1,90,159,9,120,18,5,0,0,0,4,1,1,1,1,0.10539922456186433,0.2,0.0535714285714286,0.75,0.1969122913097403
4,60,163,11,90,9,2,0,0,0,3,1,1,1,1,0.6065306597126334,0.8,0.029761904761904767,0.6666666666666666,0.5147673464991362
5,90,154,6,150,19,5,0,0,0,3,1,1,1,1,0.06392786120670757,1.0,0.08333333333333337,0.6,0.4430817163655546
3,45,166,6,180,22,1,1,1,0,3,1,1,1,1,0.1353352832366127,0.6,0.011904761904761862,0.25,0.26273482377848384
3,30,69,6,45,8,1,1,0,1,5,1,1,1,1,0.6065306597126334,0.6,0.5892857142857143,0.6666666666666666,0.638884866563751
3,30,111,10,30,16,5,0,0,0,5,1,1,1,1,0.22313016014842982,0.6,0.3392857142857143,1.0,0.3608974872880878
5,30,81,6,150,6,6,1,0,1,2,1,1,1,1,1.0,1.0,0.5178571428571428,0.2,0.7857388871631925
1,120,142,9,120,7,6,0,0,0,3,1,1,1,1,0.6065306597126334,0.2,0.15476190476190477,1.0,0.30434389983947907
2,45,131,8,45,17,5,1,0,1,5,1,1,1,1,0.10539922456186433,0.4,0.22023809523809523,1.0,0.3379181382664014
1,60,164,7,60,9,6,0,1,0,2,1,1,1,1,0.6065306597126334,0.2,0.023809523809523836,1.0,0.3096507188059374
5,60,125,6,150,13,6,0,0,0,1,1,1,1,1,0.17377394345044514,1.0,0.25595238095238093,0.4,0.5043038457954145
1,45,120,7,120,15,1,0,1,1,0,1,1,1,1,0.1353352832366127,0.2,0.2857142857142857,0.375,0.22003963640538635
4,120,132,9,180,11,3,1,1,0,5,1,1,1,1,0.6065306597126334,0.8,0.2142857142857143,0.6666666666666666,0.5695186749230451
5,90,83,6,150,22,3,1,0,1,4,1,1,1,1,0.1353352832366127,1.0,0.5059523809523809,0.6,0.6726323981804065
4,30,113,6,120,19,2,0,1,0,3,1,1,1,1,0.06392786120670757,0.8,0.32738095238095233,0.25,0.40892236141143984
1,60,27,6,120,13,5,0,0,0,0,1,1,1,1,0.17377394345044514,0.2,0.8392857142857143,0.5,0.3345548410770217
5,120,68,6,120,6,4,0,0,0,1,1,1,1,1,1.0,1.0,0.5952380952380952,1.0,0.8136176524147443
1,150,117,8,150,6,3,1,0,0,3,1,1,1,1,0.6065306597126334,0.2,0.3035714285714286,1.0,0.3613365624990528
1,45,22,6,150,15,2,0,0,0,4,1,1,1,1,0.10539922456186433,0.2,0.8690476190476191,0.3,0.43338868325466584
4,30,59,6,150,20,0,1,1,0,5,1,1,1,1,0.0820849986238988,0.8,0.6488095238095238,0.2,0.5360215456481947
3,120,133,6,120,21,5,0,0,1,2,1,1,1,1,0.10539922456186433,0.6,0.20833333333333337,1.0,0.3880713623557894
1,45,81,8,180,16,6,1,1,1,0,1,1,1,1,0.1353352832366127,0.2,0.5178571428571428,0.25,0.3124985253258091
5,45,38,6,120,12,6,1,0,1,3,1,1,1,1,0.22313016014842982,1.0,0.7738095238095238,0.375,0.6667670719903375
1,60,147,8,150,21,1,0,0,1,3,1,1,1,1,0.06392786120670757,0.2,0.125,0.4,0.1543700852026427
1,90,79,6,120,20,2,0,0,1,0,1,1,1,1,0.0820849986238988,0.2,0.5297619047619048,0.75,0.3210207731727095
4,45,118,7,60,13,5,1,1,0,3,1,1,1,1,0.22313016014842982,0.8,0.29761904761904767,0.75,0.48799511492965797
4,30,114,6,90,18,6,1,0,0,0,1,1,1,1,0.049787068367863944,0.8,0.3214285714285714,0.3333333333333333,0.4271026659693121
3,45,22,6,45,11,0,0,1,0,1,1,1,1,1,0.2865047968601901,0.6,0.8690476190476191,1.0,0.5914292470826102
1,30,166,9,90,15,6,1,1,0,3,1,1,1,1,0.22313016014842982,0.2,0.011904761904761862,0.3333333333333333,0.15224673906629976
4,30,102,6,150,10,0,1,0,0,2,1,1,1,1,0.36787944117144233,0.8,0.3928571428571429,0.2,0.4979646018763673
4,45,160,8,45,9,5,0,0,1,2,1,1,1,1,0.7788007830714049,0.8,0.04761904761904767,1.0,0.5526816716684859
4,90,72,6,90,20,1,1,1,0,0,1,1,1,1,0.0820849986238988,0.8,0.5714285714285714,1.0,0.4940057325267213
4,45,107,7,180,7,3,0,0,1,2,1,1,1,1,1.0,0.8,0.36309523809523814,0.25,0.6989101540051397
4,60,143,7,90,11,1,0,1,0,4,1,1,1,1,0.36787944117144233,0.8,0.14880952380952384,0.6666666666666666,0.5086692501126744
3,30,91,7,90,7,0,0,0,1,5,1,1,1,1,1.0,0.6,0.45833333333333337,0.3333333333333333,0.646736198337566
1,90,110,8,150,17,4,0,0,0,5,1,1,1,1,0.10539922456186433,0.2,0.34523809523809523,0.6,0.21846018017620084
3,30,146,8,45,13,2,0,1,0,1,1,1,1,1,0.2865047968601901,0.6,0.13095238095238093,0.6666666666666666,0.39408169567853074
3,150,160,7,180,15,3,0,0,0,0,1,1,1,1,0.1353352832366127,0.6,0.04761904761904767,0.8333333333333334,0.3121121308255571
4,30,148,8,180,20,5,0,0,1,0,1,1,1,1,0.049787068367863944,0.8,0.11904761904761907,0.16666666666666666,0.37246351351675516
3,30,165,8,60,17,2,1,1,1,5,1,1,1,1,0.10539922456186433,0.6,0.017857142857142905,0.5,0.33993957201595487
5,90,157,10,180,22,4,0,1,0,0,1,1,1,1,0.049787068367863944,1.0,0.06547619047619047,0.5,0.43888978154911246
1,60,149,7,150,9,0,0,0,0,0,1,1,1,1,0.6065306597126334,0.2,0.11309523809523814,0.4,0.29218324555514397
1,30,56,7,120,12,3,1,0,0,0,1,1,1,1,0.2865047968601901,0.2,0.6666666666666667,0.25,0.323866944618656
5,30,67,7,45,9,1,1,0,1,3,1,1,1,1,0.6065306597126334,1.0,0.6011904761904762,0.6666666666666666,0.7431402530327709
4,60,145,7,150,20,4,0,0,1,4,1,1,1,1,0.06392786120670757,0.8,0.13690476190476186,0.4,0.3668030234108736
5,60,150,9,120,7,4,1,1,1,2,1,1,1,1,0.6065306597126334,1.0,0.1071428571428571,0.5,0.6143610912774488
3,30,119,6,150,20,4,1,1,1,4,1,1,1,1,0.0820849986238988,0.6,0.29166666666666663,0.2,0.39940980571273954
3,60,164,11,150,10,5,0,0,1,1,1,1,1,1,0.7788007830714049,0.6,0.023809523809523836,0.4,0.4539977273110365
5,60,161,8,90,10,5,1,0,1,3,1,1,1,1,0.6065306597126334,1.0,0.04166666666666663,0.6666666666666666,0.5485518665059347
3,120,116,6,180,21,2,1,0,1,2,1,1,1,1,0.10539922456186433,0.6,0.30952380952380953,0.6666666666666666,0.3948788463343941
4,30,65,8,120,19,1,1,0,1,5,1,1,1,1,0.06392786120670757,0.8,0.6130952380952381,0.25,0.5584372240179003
2,90,54,6,90,19,4,0,0,0,4,1,1,1,1,0.06392786120670757,0.4,0.6785714285714286,1.0,0.3994572317326083
3,30,154,11,150,14,0,0,0,1,0,1,1,1,1,0.4723665527410147,0.6,0.08333333333333337,0.2,0.34365509838678016
3,30,95,8,60,6,4,1,1,0,0,1,1,1,1,0.6065306597126334,0.6,0.43452380952380953,0.5,0.538347349265681
3,120,140,7,180,7,4,1,0,0,0,1,1,1,1,1.0,0.6,0.16666666666666663,0.6666666666666666,0.5482559078408974
3,45,148,8,150,6,0,1,0,0,2,1,1,1,1,0.6065306597126334,0.6,0.11904761904761907,0.3,0.39176248141337067
2,45,39,6,45,6,0,0,1,0,0,1,1,1,1,1.0,0.4,0.7678571428571428,1.0,0.6380651586678413
5,60,94,7,90,9,5,0,0,1,2,1,1,1,1,0.6065306597126334,1.0,0.44047619047619047,0.6666666666666666,0.6983447545077395
5,30,139,11,60,6,0,1,1,1,4,1,1,1,1,0.2865047968601901,1.0,0.17261904761904767,0.5,0.561748436959552
2,60,129,7,150,18,2,0,1,1,1,1,1,1,1,0.06392786120670757,0.4,0.2321428571428571,0.4,0.285036306885194
2,150,118,8,150,20,3,0,1,0,3,1,1,1,1,0.049787068367863944,0.4,0.29761904761904767,1.0,0.2985862067190598
1,30,146,11,90,15,3,0,1,1,4,1,1,1,1,0.36787944117144233,0.2,0.13095238095238093,0.3333333333333333,0.270295767441183
4,120,153,9,150,20,0,0,1,0,0,1,1,1,1,0.06392786120670757,0.8,0.0892857142857143,0.8,0.3672647941950817
2,30,151,8,150,6,1,0,0,0,3,1,1,1,1,0.6065306597126334,0.4,0.10119047619047616,0.2,0.3066472548626177
2,60,84,6,90,17,5,0,1,0,0,1,1,1,1,0.06392786120670757,0.4,0.5,0.6666666666666666,0.34802650558183806
4,30,16,6,90,17,2,1,0,0,5,1,1,1,1,0.06392786120670757,0.8,0.9047619047619048,0.3333333333333333,0.5497000051887845
5,45,118,9,150,20,4,0,0,1,0,1,1,1,1,0.06392786120670757,1.0,0.29761904761904767,0.3,0.4814634235734857
1,30,162,11,30,12,4,0,0,1,1,1,1,1,1,0.7788007830714049,0.2,0.0357142857142857,1.0,0.3744475643988538
3,30,157,12,90,6,5,1,0,1,3,1,1,1,1,0.22313016014842982,0.6,0.06547619047619047,0.3333333333333333,0.34446592238638224
5,30,140,10,150,13,5,1,0,1,4,1,1,1,1,0.4723665527410147,1.0,0.16666666666666663,0.2,0.5571099348684907
1,90,125,9,120,11,3,0,0,0,5,1,1,1,1,0.6065306597126334,0.2,0.25595238095238093,0.75,0.3205324730010965
3,60,100,6,120,18,0,0,0,0,2,1,1,1,1,0.049787068367863944,0.6,0.40476190476190477,0.5,0.35761111270530654
3,30,149,11,150,12,6,0,0,1,3,1,1,1,1,0.7788007830714049,0.6,0.11309523809523814,0.2,0.5157882379704569
2,150,94,6,150,16,0,0,0,0,5,1,1,1,1,0.0820849986238988,0.4,0.44047619047619047,1.0,0.3397085676577595
1,90,149,7,120,13,4,1,0,1,0,1,1,1,1,0.22313016014842982,0.2,0.11309523809523814,0.75,0.25255202409619487
1,45,110,7,150,17,5,1,0,1,4,1,1,1,1,0.0820849986238988,0.2,0.34523809523809523,0.3,0.21639338573316344
2,120,79,7,120,18,3,1,1,1,4,1,1,1,1,0.06392786120670757,0.4,0.5297619047619048,1.0,0.39819794744557935
2,30,106,6,180,9,3,1,0,0,0,1,1,1,1,0.4723665527410147,0.4,0.36904761904761907,0.16666666666666666,0.36021888387282897
1,60,31,6,90,7,5,1,1,0,2,1,1,1,1,0.7788007830714049,0.2,0.8154761904761905,0.6666666666666666,0.5509590669144198
5,45,28,6,180,22,5,1,0,0,2,1,1,1,1,0.1353352832366127,1.0,0.8333333333333334,0.25,0.6651350044905802
4,60,127,10,150,6,1,1,0,0,3,1,1,1,1,0.36787944117144233,0.8,0.24404761904761907,0.4,0.4405588678691052
1,30,154,6,30,7,6,0,0,1,3,1,1,1,1,0.7788007830714049,0.2,0.08333333333333337,1.0,0.32870112391186534
3,30,92,8,150,6,3,0,0,0,4,1,1,1,1,0.6065306597126334,0.6,0.45238095238095233,0.2,0.5095247237953915
1,30,162,11,120,22,5,0,0,0,1,1,1,1,1,0.06392786120670757,0.2,0.0357142857142857,0.25,0.09834448161723795
3,45,149,9,60,18,4,1,0,0,3,1,1,1,1,0.10539922456186433,0.6,0.11309523809523814,0.75,0.3055909976381677
5,30,140,10,30,14,4,1,1,1,5,1,1,1,1,0.36787944117144233,1.0,0.16666666666666663,1.0,0.5584602000666546
2,90,64,7,120,21,3,0,1,0,3,1,1,1,1,0.0820849986238988,0.4,0.6190476190476191,0.75,0.3787966116309432
5,60,129,7,120,22,5,1,1,1,5,1,1,1,1,0.10539922456186433,1.0,0.2321428571428571,0.5,0.5104670045961963
4,60,139,6,120,15,2,1,0,0,4,1,1,1,1,0.10539922456186433,0.8,0.17261904761904767,0.5,0.4021096316150837
5,45,140,11,60,13,2,0,0,1,2,1,1,1,1,0.6065306597126334,1.0,0.16666666666666663,0.75,0.6051818229305799
2,45,50,7,90,22,0,0,0,0,1,1,1,1,1,0.10539922456186433,0.4,0.7023809523809523,0.5,0.3679908937395952
2,45,119,9,180,19,3,0,0,0,3,1,1,1,1,0.0820849986238988,0.4,0.29166666666666663,0.25,0.26890925409809147
4,90,124,9,150,14,0,0,0,0,4,1,1,1,1,0.2865047968601901,0.8,0.26190476190476186,0.6,0.4424948557948125
4,45,75,8,60,11,4,1,0,1,3,1,1,1,1,0.4723665527410147,0.8,0.5535714285714286,0.75,0.599592059743545
1,30,115,10,60,21,5,1,1,0,0,1,1,1,1,0.06392786120670757,0.2,0.31547619047619047,0.5,0.18520645979811678
2,45,109,7,90,20,1,0,1,0,3,1,1,1,1,0.06392786120670757,0.4,0.35119047619047616,0.5,0.2953919363779
2,60,107,7,180,21,0,0,0,0,2,1,1,1,1,0.0820849986238988,0.4,0.36309523809523814,0.3333333333333333,0.2712109807876338
5,30,92,7,30,18,2,1,0,0,5,1,1,1,1,0.06392786120670757,1.0,0.45238095238095233,1.0,0.5189804462554128
3,30,161,8,45,16,6,1,0,1,2,1,1,1,1,0.1353352832366127,0.6,0.04166666666666663,0.6666666666666666,0.31818163449107295
1,150,139,9,150,14,0,1,0,0,1,1,1,1,1,0.2865047968601901,0.2,0.17261904761904767,1.0,0.2477315080411011
3,150,93,7,150,20,2,0,1,0,4,1,1,1,1,0.06392786120670757,0.6,0.4464285714285714,1.0,0.41646885951498125
1,180,132,7,180,22,1,0,1,0,4,1,1,1,1,0.10539922456186433,0.2,0.2142857142857143,1.0,0.21704912346911193
4,60,130,6,150,6,6,0,1,1,2,1,1,1,1,1.0,0.8,0.22619047619047616,0.4,0.6769168531324878
1,45,62,7,90,13,2,1,0,1,0,1,1,1,1,0.22313016014842982,0.2,0.6309523809523809,0.5,0.3505529188283341
3,150,117,7,150,17,3,1,0,0,2,1,1,1,1,0.0820849986238988,0.6,0.3035714285714286,1.0,0.372262594821965
4,45,137,10,180,19,4,0,0,0,5,1,1,1,1,0.10539922456186433,0.8,0.18452380952380953,0.25,0.3566471066326771
2,120,52,6,150,12,3,1,1,1,0,1,1,1,1,0.22313016014842982,0.4,0.6904761904761905,0.8,0.4721089370073945
4,45,151,11,45,19,4,1,0,0,3,1,1,1,1,0.1353352832366127,0.8,0.10119047619047616,1.0,0.44073419209374093
1,45,148,10,90,18,0,1,0,0,1,1,1,1,1,0.1353352832366127,0.2,0.11904761904761907,0.5,0.14829946304050534
5,90,139,9,120,11,0,1,0,0,3,1,1,1,1,0.6065306597126334,1.0,0.17261904761904767,0.75,0.5919709056297441
4,45,139,10,60,7,3,0,0,1,5,1,1,1,1,0.4723665527410147,0.8,0.17261904761904767,0.75,0.5208847715795454
4,45,84,7,90,7,0,1,0,1,3,1,1,1,1,1.0,0.8,0.5,0.5,0.7436213863160335
2,90,111,8,180,17,5,1,0,1,5,1,1,1,1,0.10539922456186433,0.4,0.3392857142857143,0.5,0.28594360614183134
3,90,127,6,120,19,4,0,0,0,3,1,1,1,1,0.06392786120670757,0.6,0.24404761904761907,0.75,0.4127306997087297
3,45,26,6,90,6,1,1,1,1,0,1,1,1,1,1.0,0.6,0.8452380952380952,0.5,0.7551538706327402
1,60,95,7,150,7,1,1,0,0,0,1,1,1,1,1.0,0.2,0.43452380952380953,0.4,0.46164536962470143
2,30,75,7,30,7,1,0,0,0,0,1,1,1,1,1.0,0.4,0.5535714285714286,1.0,0.572103704975893
3,45,159,11,90,18,3,0,0,1,4,1,1,1,1,0.17377394345044514,0.6,0.0535714285714286,0.5,0.28104187882480175
3,30,152,10,180,7,2,0,0,1,2,1,1,1,1,0.4723665527410147,0.6,0.09523809523809523,0.16666666666666666,0.3780179916573374
1,60,105,9,180,20,5,1,1,0,5,1,1,1,1,0.06392786120670757,0.2,0.375,0.3333333333333333,0.2296472326406362
3,60,144,8,120,12,5,1,0,1,1,1,1,1,1,0.36787944117144233,0.6,0.1428571428571429,0.5,0.4139337548811396
3,45,126,9,90,22,6,1,0,0,4,1,1,1,1,0.06392786120670757,0.6,0.25,0.5,0.3238899790755553
5,60,161,11,180,14,6,1,0,1,5,1,1,1,1,0.4723665527410147,1.0,0.04166666666666663,0.3333333333333333,0.49512843999016476
2,60,160,11,150,8,3,1,1,0,3,1,1,1,1,0.4723665527410147,0.4,0.04761904761904767,0.4,0.31480504975208357
5,30,142,6,120,19,3,1,0,1,0,1,1,1,1,0.06392786120670757,1.0,0.15476190476190477,0.25,0.45211762525931665
2,30,108,8,30,18,6,0,0,0,0,1,1,1,1,0.0820849986238988,0.4,0.3571428571428571,1.0,0.27382040004578256
4,120,114,7,120,6,1,1,0,1,5,1,1,1,1,0.7788007830714049,0.8,0.3214285714285714,1.0,0.6369444978256157
3,30,136,9,180,12,4,1,0,0,2,1,1,1,1,0.4723665527410147,0.6,0.19047619047619047,0.16666666666666666,0.4111951034352304
3,30,121,7,30,9,0,0,0,0,3,1,1,1,1,0.6065306597126334,0.6,0.27976190476190477,1.0,0.5018391175937519
3,45,98,8,45,9,6,1,0,0,4,1,1,1,1,0.7788007830714049,0.6,0.41666666666666663,1.0,0.5832720787057594
3,30,111,10,180,21,0,1,0,0,2,1,1,1,1,0.06392786120670757,0.6,0.3392857142857143,0.16666666666666666,0.34124890717951495
5,30,128,8,120,13,6,0,0,1,4,1,1,1,1,0.2865047968601901,1.0,0.23809523809523814,0.25,0.5076995644056295
3,60,117,8,60,20,1,0,1,0,3,1,1,1,1,0.049787068367863944,0.6,0.3035714285714286,1.0,0.4262571838962545
4,45,123,6,60,19,3,0,0,1,3,1,1,1,1,0.06392786120670757,0.8,0.2678571428571429,0.75,0.46602856659210184
3,30,148,9,150,18,2,1,0,1,0,1,1,1,1,0.10539922456186433,0.6,0.11904761904761907,0.2,0.28872553587285255
4,60,144,8,90,15,6,0,0,0,0,1,1,1,1,0.17377394345044514,0.8,0.1428571428571429,0.6666666666666666,0.4222163808404374
3,180,141,8,180,8,0,1,0,0,0,1,1,1,1,1.0,0.6,0.1607142857142857,1.0,0.5820127679841712
4,120,51,6,180,14,2,0,0,0,5,1,1,1,1,0.1353352832366127,0.8,0.6964285714285714,0.6666666666666666,0.5363711865291846
1,60,76,6,120,22,3,0,0,0,2,1,1,1,1,0.1353352832366127,0.2,0.5476190476190477,0.5,0.32031475895173256
1,60,123,6,60,6,5,0,0,1,0,1,1,1,1,1.0,0.2,0.2678571428571429,1.0,0.4579626516031058
1,60,82,8,90,12,6,1,0,1,1,1,1,1,1,0.36787944117144233,0.2,0.5119047619047619,0.6666666666666666,0.3996373962962115
3,45,94,7,180,14,1,1,1,0,0,1,1,1,1,0.17377394345044514,0.6,0.44047619047619047,0.25,0.4257609058834602
5,90,151,8,90,12,0,0,0,0,1,1,1,1,1,0.36787944117144233,1.0,0.10119047619047616,1.0,0.4978331158828072
3,45,51,6,150,22,6,0,0,0,2,1,1,1,1,0.1353352832366127,0.6,0.6964285714285714,0.3,0.4674820823850193
1,30,32,6,30,11,2,0,0,0,5,1,1,1,1,0.2865047968601901,0.2,0.8095238095238095,1.0,0.41940783630989753
5,30,148,10,90,14,2,0,0,1,3,1,1,1,1,0.36787944117144233,1.0,0.11904761904761907,0.3333333333333333,0.4979683654566849
2,60,154,8,180,20,4,0,0,1,0,1,1,1,1,0.049787068367863944,0.4,0.08333333333333337,0.3333333333333333,0.24339397615390695
1,45,94,8,45,14,5,1,0,0,2,1,1,1,1,0.22313016014842982,0.2,0.44047619047619047,1.0,0.33070070632217236
5,60,89,8,180,14,1,1,1,0,2,1,1,1,1,0.22313016014842982,1.0,0.47023809523809523,0.3333333333333333,0.6299882261758446
3,45,89,7,150,17,4,1,0,1,1,1,1,1,1,0.0820849986238988,0.6,0.47023809523809523,0.3,0.3996974728067756
3,60,158,8,60,8,4,1,0,1,3,1,1,1,1,1.0,0.6,0.059523809523809534,1.0,0.5816261550825514
5,45,150,11,180,18,4,0,0,0,4,1,1,1,1,0.17377394345044514,1.0,0.1071428571428571,0.25,0.4556102662586751
2,30,46,6,180,14,6,0,0,0,4,1,1,1,1,0.1353352832366127,0.4,0.7261904761904762,0.16666666666666666,0.4364685441810694
2,60,74,7,60,7,2,0,0,0,5,1,1,1,1,1.0,0.4,0.5595238095238095,1.0,0.5792110771776078
1,30,138,11,150,9,6,0,0,1,4,1,1,1,1,0.6065306597126334,0.2,0.1785714285714286,0.2,0.2942029031421442
4,120,158,8,120,15,0,0,1,0,2,1,1,1,1,0.17377394345044514,0.8,0.059523809523809534,1.0,0.42377891614469976
3,60,124,8,90,9,3,0,0,0,1,1,1,1,1,0.7788007830714049,0.6,0.26190476190476186,0.6666666666666666,0.5092691470476938
5,180,167,6,180,22,6,1,0,0,1,1,1,1,1,0.1353352832366127,1.0,0.005952380952380931,1.0,0.4305655379453467
5,30,126,6,150,10,3,0,0,1,0,1,1,1,1,0.36787944117144233,1.0,0.25,0.2,0.5640907974873264
1,30,94,8,45,22,5,1,1,1,2,1,1,1,1,0.0820849986238988,0.2,0.44047619047619047,0.6666666666666666,0.3471401062810794
3,90,68,7,150,20,5,1,1,0,3,1,1,1,1,0.06392786120670757,0.6,0.5952380952380952,0.6,0.4837544209246408
2,30,62,8,45,21,4,1,0,1,1,1,1,1,1,0.06392786120670757,0.4,0.6309523809523809,0.6666666666666666,0.40933767089930956
1,90,136,8,150,7,3,1,0,0,5,1,1,1,1,0.7788007830714049,0.2,0.19047619047619047,0.6,0.3603286256202024
2,45,22,6,90,10,1,1,0,0,1,1,1,1,1,0.36787944117144233,0.4,0.8690476190476191,0.5,0.5291776918433434
5,30,156,11,30,9,3,0,0,0,0,1,1,1,1,0.6065306597126334,1.0,0.0714285714285714,1.0,0.6047426677904706
2,45,153,6,90,9,3,0,0,0,5,1,1,1,1,0.4723665527410147,0.4,0.0892857142857143,0.5,0.3161995258180311
1,45,110,6,60,15,2,1,0,0,1,1,1,1,1,0.10539922456186433,0.2,0.34523809523809523,0.75,0.24290175591462257
5,45,114,7,90,16,1,0,1,1,2,1,1,1,1,0.10539922456186433,1.0,0.3214285714285714,0.5,0.5680616184182586
3,60,165,10,90,14,3,0,0,1,0,1,1,1,1,0.36787944117144233,0.6,0.017857142857142905,0.6666666666666666,0.3381665597144324
1,90,85,7,180,20,4,0,0,1,4,1,1,1,1,0.06392786120670757,0.2,0.49404761904761907,0.5,0.26511282839697525
2,90,134,7,120,21,6,1,1,0,3,1,1,1,1,0.0820849986238988,0.4,0.20238095238095233,0.75,0.2981039010156843
2,30,100,9,120,10,2,0,1,0,4,1,1,1,1,0.7788007830714049,0.4,0.40476190476190477,0.25,0.4180287106251644
1,30,155,6,30,20,5,0,0,0,3,1,1,1,1,0.0820849986238988,0.2,0.07738095238095233,1.0,0.15240523580279633
4,90,132,8,90,10,6,1,0,1,3,1,1,1,1,0.6065306597126334,0.8,0.2142857142857143,1.0,0.6007104341838658
4,60,155,9,150,20,3,1,0,1,2,1,1,1,1,0.06392786120670757,0.8,0.07738095238095233,0.4,0.33667243927493673
3,90,159,9,180,9,2,0,0,1,5,1,1,1,1,1.0,0.6,0.0535714285714286,0.5,0.5134035261715972
5,30,78,7,180,10,3,0,1,0,0,1,1,1,1,0.4723665527410147,1.0,0.5357142857142857,0.16666666666666666,0.6789211067019523
1,30,134,6,120,10,3,1,1,0,0,1,1,1,1,0.36787944117144233,0.2,0.20238095238095233,0.25,0.2229822035587496
1,60,60,7,60,10,0,1,0,1,0,1,1,1,1,0.4723665527410147,0.2,0.6428571428571428,1.0,0.4215110715404391
1,150,99,6,180,17,6,0,0,0,5,1,1,1,1,0.06392786120670757,0.2,0.4107142857142857,0.8333333333333334,0.22890269544516
1,30,34,6,120,11,2,0,0,1,0,1,1,1,1,0.2865047968601901,0.2,0.7976190476190477,0.25,0.42188773669991303
3,120,113,8,150,7,4,1,0,0,1,1,1,1,1,0.7788007830714049,0.6,0.32738095238095233,0.8,0.5132400059101011
3,45,96,7,45,21,4,1,1,1,5,1,1,1,1,0.0820849986238988,0.6,0.4285714285714286,1.0,0.4586778353112359
5,45,168,12,150,15,6,1,0,1,3,1,1,1,1,0.4723665527410147,1.0,0.0,0.3,0.47739951655747254
5,90,133,8,150,12,6,0,1,1,2,1,1,1,1,0.36787944117144233,1.0,0.20833333333333337,0.6,0.5788282248104757
3,30,162,6,90,22,0,1,1,0,5,1,1,1,1,0.1353352832366127,0.6,0.0357142857142857,0.3333333333333333,0.30320308126364015
2,60,117,7,90,13,0,1,1,1,5,1,1,1,1,0.22313016014842982,0.4,0.3035714285714286,0.6666666666666666,0.3656461478712519
5,30,157,9,45,7,2,1,0,0,0,1,1,1,1,0.6065306597126334,1.0,0.06547619047619047,0.6666666666666666,0.5755005368620001
4,150,152,9,150,22,5,1,0,1,0,1,1,1,1,0.06392786120670757,0.8,0.09523809523809523,1.0,0.4226222354173981
1,60,69,6,180,13,3,0,0,0,1,1,1,1,1,0.17377394345044514,0.2,0.5892857142857143,0.3333333333333333,0.2989212918624946
5,45,78,7,120,6,6,1,0,0,4,1,1,1,1,0.7788007830714049,1.0,0.5357142857142857,0.375,0.7313808792822881
1,45,58,6,120,20,2,0,0,1,3,1,1,1,1,0.0820849986238988,0.2,0.6547619047619048,0.375,0.37044682879968477
5,30,136,7,45,13,5,0,0,1,1,1,1,1,1,0.22313016014842982,1.0,0.19047619047619047,0.6666666666666666,0.49729339429298064
1,45,130,6,45,7,4,1,0,0,2,1,1,1,1,0.7788007830714049,0.2,0.22619047619047616,1.0,0.3685330784971219
5,45,153,9,180,7,0,0,1,0,5,1,1,1,1,0.6065306597126334,1.0,0.0892857142857143,0.25,0.5625161824547383
1,30,108,7,180,22,4,0,0,0,2,1,1,1,1,0.10539922456186433,0.2,0.3571428571428571,0.16666666666666666,0.16276656668538755
5,30,145,9,60,11,2,1,0,0,5,1,1,1,1,0.6065306597126334,1.0,0.13690476190476186,0.5,0.5729451609604286
5,30,136,9,120,6,2,0,1,0,3,1,1,1,1,0.4723665527410147,1.0,0.19047619047619047,0.25,0.5339845022828745
4,120,75,7,120,6,1,0,0,0,2,1,1,1,1,0.7788007830714049,0.8,0.5535714285714286,1.0,0.7192203050775414
5,45,80,8,150,9,3,1,1,1,4,1,1,1,1,0.7788007830714049,1.0,0.5238095238095238,0.3,0.7684912423235671
1,120,107,7,180,22,1,1,1,0,5,1,1,1,1,0.10539922456186433,0.2,0.36309523809523814,0.6666666666666666,0.2521142041996321
4,30,107,8,120,19,6,1,0,1,5,1,1,1,1,0.06392786120670757,0.8,0.36309523809523814,0.25,0.42521778362612767
4,30,32,6,90,19,5,1,0,0,3,1,1,1,1,0.06392786120670757,0.8,0.8095238095238095,0.3333333333333333,0.5654958507374979
5,60,30,6,150,9,0,1,0,1,3,1,1,1,1,0.4723665527410147,1.0,0.8214285714285714,0.4,0.7274863004033907
4,60,128,9,60,12,6,0,0,1,2,1,1,1,1,0.4723665527410147,0.8,0.23809523809523814,1.0,0.5614922393085089
2,45,91,6,120,21,0,1,0,0,3,1,1,1,1,0.10539922456186433,0.4,0.45833333333333337,0.375,0.3246141760550901
1,60,103,9,180,13,5,0,0,0,2,1,1,1,1,0.36787944117144233,0.2,0.38690476190476186,0.3333333333333333,0.30442505204524944
1,180,159,6,180,20,0,0,0,0,3,1,1,1,1,0.0820849986238988,0.2,0.0535714285714286,1.0,0.15907055177751014
2,45,99,6,120,20,1,1,0,0,5,1,1,1,1,0.0820849986238988,0.4,0.4107142857142857,0.375,0.2963152537508131
5,45,130,10,180,18,0,1,0,0,2,1,1,1,1,0.1353352832366127,1.0,0.22619047619047616,0.25,0.4720130363159418
2,45,113,8,45,19,2,1,0,0,1,1,1,1,1,0.06392786120670757,0.4,0.32738095238095233,1.0,0.3056862922646121
5,30,139,11,30,16,3,1,0,1,3,1,1,1,1,0.2865047968601901,1.0,0.17261904761904767,1.0,0.5222042079367459
3,180,161,7,180,17,4,1,0,1,0,1,1,1,1,0.0820849986238988,0.6,0.04166666666666663,1.0,0.3184880496980475
2,45,29,6,180,22,6,1,0,1,1,1,1,1,1,0.1353352832366127,0.4,0.8273809523809523,0.25,0.473352440192732
1,30,107,9,30,12,4,0,0,1,2,1,1,1,1,0.4723665527410147,0.2,0.36309523809523814,1.0,0.3646665957876358
2,30,71,8,150,13,6,1,1,0,1,1,1,1,1,0.2865047968601901,0.4,0.5773809523809523,0.2,0.41541876928638904
1,45,122,7,60,14,5,1,0,1,1,1,1,1,1,0.17377394345044514,0.2,0.27380952380952384,0.75,0.26745331295748137
4,60,88,7,150,17,1,0,0,1,1,1,1,1,1,0.0820849986238988,0.8,0.47619047619047616,0.4,0.5075306074528659
5,45,167,7,120,16,4,0,1,1,1,1,1,1,1,0.10539922456186433,1.0,0.005952380952380931,0.375,0.4256373418327489
5,30,167,9,120,6,4,0,0,1,0,1,1,1,1,0.4723665527410147,1.0,0.005952380952380931,0.25,0.4535931568877236
5,30,135,10,45,7,2,0,0,0,5,1,1,1,1,0.4723665527410147,1.0,0.1964285714285714,0.6666666666666666,0.549092580340774
2,30,143,10,60,19,5,0,0,1,5,1,1,1,1,0.10539922456186433,0.4,0.14880952380952384,0.5,0.27439275431884247
1,45,167,8,120,21,5,1,0,1,0,1,1,1,1,0.06392786120670757,0.2,0.005952380952380931,0.375,0.08322495852528636
4,30,94,8,60,18,2,0,0,0,1,1,1,1,1,0.0820849986238988,0.8,0.44047619047619047,0.5,0.4668378690273739
4,60,106,7,120,7,1,1,1,0,0,1,1,1,1,1.0,0.8,0.36904761904761907,0.5,0.7062493720819614
3,30,38,7,180,11,2,1,0,1,3,1,1,1,1,0.36787944117144233,0.6,0.7738095238095238,0.16666666666666666,0.5510117194380758
2,60,158,9,90,19,4,1,1,0,4,1,1,1,1,0.0820849986238988,0.4,0.059523809523809534,0.6666666666666666,0.2659900714729771
3,60,125,7,60,19,3,1,0,0,2,1,1,1,1,0.049787068367863944,0.6,0.25595238095238093,1.0,0.36707794195036964
1,30,133,9,120,17,3,1,0,1,4,1,1,1,1,0.1353352832366127,0.2,0.20833333333333337,0.25,0.17407936399265478
2,60,165,8,150,22,2,1,1,0,2,1,1,1,1,0.0820849986238988,0.4,0.017857142857142905,0.4,0.2292709046809015
2,45,135,6,60,11,1,0,1,1,0,1,1,1,1,0.2865047968601901,0.4,0.1964285714285714,0.75,0.38518787556449097
3,60,150,10,60,13,1,0,0,1,0,1,1,1,1,0.4723665527410147,0.6,0.1071428571428571,1.0,0.43218767453736484
3,90,153,9,90,13,5,0,0,1,2,1,1,1,1,0.36787944117144233,0.6,0.0892857142857143,1.0,0.39562836444569216
3,150,116,8,180,11,2,0,0,0,5,1,1,1,1,0.4723665527410147,0.6,0.30952380952380953,0.8333333333333334,0.426135005447495
4,120,140,8,180,17,1,0,1,1,3,1,1,1,1,0.10539922456186433,0.8,0.16666666666666663,0.6666666666666666,0.403040629968673
1,30,165,11,45,11,2,0,0,0,3,1,1,1,1,1.0,0.2,0.017857142857142905,0.6666666666666666,0.40278413091604987
5,60,54,7,60,19,6,1,0,0,4,1,1,1,1,0.049787068367863944,1.0,0.6785714285714286,1.0,0.5996907877858374
4,60,152,7,150,6,4,1,0,0,5,1,1,1,1,0.7788007830714049,0.8,0.09523809523809523,0.4,0.5442466661113795
2,45,47,6,180,22,3,0,0,0,0,1,1,1,1,0.1353352832366127,0.4,0.7202380952380952,0.25,0.3934331727731151
4,30,74,7,30,15,3,0,0,1,1,1,1,1,1,0.1353352832366127,0.8,0.5595238095238095,1.0,0.5885501208245559
4,90,95,6,120,15,5,1,1,0,2,1,1,1,1,0.10539922456186433,0.8,0.43452380952380953,0.75,0.4917572443579571
3,90,84,8,150,19,6,1,1,1,3,1,1,1,1,0.06392786120670757,0.6,0.5,0.6,0.48346387656687895
1,45,131,7,90,20,2,0,0,1,1,1,1,1,1,0.06392786120670757,0.2,0.22023809523809523,0.5,0.20339402503552517
2,45,109,6,180,10,5,0,0,0,3,1,1,1,1,0.36787944117144233,0.4,0.35119047619047616,0.25,0.3436320523900111
1,45,103,9,45,14,3,0,0,1,5,1,1,1,1,0.2865047968601901,0.2,0.38690476190476186,1.0,0.34137623858022226
2,45,94,8,120,9,2,0,0,0,0,1,1,1,1,0.7788007830714049,0.4,0.44047619047619047,0.375,0.4427697902581418
5,30,134,10,45,7,0,0,0,0,2,1,1,1,1,0.4723665527410147,1.0,0.20238095238095233,0.6666666666666666,0.5280397084692887
5,30,49,7,150,13,4,0,0,1,5,1,1,1,1,0.22313016014842982,1.0,0.7083333333333333,0.2,0.61851126716564
5,45,107,6,90,14,0,1,1,0,2,1,1,1,1,0.1353352832366127,1.0,0.36309523809523814,0.5,0.5935294864232146
4,60,95,8,60,14,2,1,0,1,5,1,1,1,1,0.22313016014842982,0.8,0.43452380952380953,1.0,0.5711579669176918
2,90,113,6,180,18,0,0,0,0,1,1,1,1,1,0.049787068367863944,0.4,0.32738095238095233,0.5,0.303524171173671
5,90,71,6,120,19,6,0,0,0,5,1,1,1,1,0.06392786120670757,1.0,0.5773809523809523,0.75,0.5693689307381679
2,45,145,8,90,9,0,0,0,1,5,1,1,1,1,0.7788007830714049,0.4,0.13690476190476186,0.5,0.3952489407837468
5,45,168,8,90,8,2,0,0,1,1,1,1,1,1,1.0,1.0,0.0,0.5,0.6282661976925016
3,30,61,7,60,6,6,1,0,0,3,1,1,1,1,0.7788007830714049,0.6,0.6369047619047619,0.5,0.6488713153875862
3,30,51,6,180,10,5,1,0,0,3,1,1,1,1,0.36787944117144233,0.6,0.6964285714285714,0.16666666666666666,0.5685962343850928
4,30,147,7,30,14,6,1,0,0,2,1,1,1,1,0.17377394345044514,0.8,0.125,1.0,0.40287155908942596
3,90,95,6,150,14,5,0,0,1,5,1,1,1,1,0.1353352832366127,0.6,0.43452380952380953,0.6,0.42928440772382204
1,45,144,9,90,15,6,1,0,0,0,1,1,1,1,0.22313016014842982,0.2,0.1428571428571429,0.5,0.1914293444270054
2,60,159,6,60,18,0,0,0,1,2,1,1,1,1,0.049787068367863944,0.4,0.0535714285714286,1.0,0.2716021269723152
3,30,156,10,180,7,2,1,0,1,3,1,1,1,1,0.4723665527410147,0.6,0.0714285714285714,0.16666666666666666,0.39081411473357414
1,45,160,6,180,13,1,0,0,0,2,1,1,1,1,0.17377394345044514,0.2,0.04761904761904767,0.25,0.1313130364484159
5,150,118,6,150,16,4,0,0,0,0,1,1,1,1,0.0820849986238988,1.0,0.29761904761904767,1.0,0.5118848627854004
3,60,138,9,150,21,4,1,0,1,1,1,1,1,1,0.049787068367863944,0.6,0.1785714285714286,0.4,0.3683196944036659
5,30,86,9,180,15,0,1,0,0,3,1,1,1,1,0.22313016014842982,1.0,0.48809523809523814,0.16666666666666666,0.5769785359996529
5,45,141,6,60,18,4,0,0,0,4,1,1,1,1,0.049787068367863944,1.0,0.1607142857142857,0.75,0.44266488476333415
1,45,157,7,90,11,0,0,0,0,0,1,1,1,1,0.36787944117144233,0.2,0.06547619047619047,0.5,0.20314583378657314
2,90,78,6,180,10,6,0,0,0,0,1,1,1,1,0.36787944117144233,0.4,0.5357142857142857,0.5,0.42724187454790097
3,45,97,8,45,16,3,1,0,0,2,1,1,1,1,0.1353352832366127,0.6,0.42261904761904767,1.0,0.38458696214176397
1,60,105,7,120,18,0,0,0,0,3,1,1,1,1,0.06392786120670757,0.2,0.375,0.5,0.20991527667237556
3,30,91,7,60,22,5,0,0,1,4,1,1,1,1,0.10539922456186433,0.6,0.45833333333333337,0.5,0.43101425620736333
4,60,70,6,120,16,6,1,0,1,4,1,1,1,1,0.0820849986238988,0.8,0.5833333333333333,0.5,0.5273128891087424
4,60,148,10,60,8,4,0,0,0,3,1,1,1,1,0.6065306597126334,0.8,0.11904761904761907,1.0,0.49186857817870216
5,45,124,7,120,15,2,1,0,0,0,1,1,1,1,0.1353352832366127,1.0,0.26190476190476186,0.375,0.47658989824785997
4,150,133,7,150,19,0,1,0,0,2,1,1,1,1,0.049787068367863944,0.8,0.20833333333333337,1.0,0.40562700238865074
1,45,137,10,90,14,1,0,0,1,1,1,1,1,1,0.36787944117144233,0.2,0.18452380952380953,0.5,0.286739333392243
2,30,73,6,150,22,0,0,0,1,1,1,1,1,1,0.1353352832366127,0.4,0.5654761904761905,0.2,0.4213533076853606
2,30,131,8,30,9,5,1,0,0,3,1,1,1,1,0.7788007830714049,0.4,0.22023809523809523,1.0,0.4333012032102025
4,45,93,8,90,11,3,0,0,0,5,1,1,1,1,0.4723665527410147,0.8,0.4464285714285714,0.5,0.5733942901706449
1,90,116,9,180,11,0,1,0,0,2,1,1,1,1,0.6065306597126334,0.2,0.30952380952380953,0.5,0.3252746911289137
5,45,112,7,45,15,6,1,1,1,2,1,1,1,1,0.1353352832366127,1.0,0.33333333333333337,1.0,0.638186024247547
5,150,115,8,180,19,1,0,0,0,4,1,1,1,1,0.06392786120670757,1.0,0.31547619047619047,0.8333333333333334,0.45643873039377214
4,45,165,9,90,16,3,1,1,0,0,1,1,1,1,0.17377394345044514,0.8,0.017857142857142905,0.5,0.37552704544836774
4,60,108,7,90,21,6,1,0,1,0,1,1,1,1,0.0820849986238988,0.8,0.3571428571428571,0.6666666666666666,0.46643210909986427
1,30,87,7,60,11,4,0,1,1,4,1,1,1,1,0.36787944117144233,0.2,0.4821428571428571,0.5,0.39510921948694
2,30,132,10,150,16,5,1,0,1,3,1,1,1,1,0.22313016014842982,0.4,0.2142857142857143,0.2,0.2738719961144468
1,45,134,10,120,18,5,0,0,1,2,1,1,1,1,0.1353352832366127,0.2,0.20238095238095233,0.375,0.20399656342726255
3,45,125,9,60,19,6,0,1,1,4,1,1,1,1,0.0820849986238988,0.6,0.25595238095238093,0.75,0.3979064638060043
4,150,111,6,150,8,5,1,0,1,4,1,1,1,1,0.6065306597126334,0.8,0.3392857142857143,1.0,0.6281892468182728
4,90,114,7,90,21,3,1,0,1,2,1,1,1,1,0.0820849986238988,0.8,0.3214285714285714,1.0,0.4985405526893959
2,45,147,6,90,13,3,1,1,1,3,1,1,1,1,0.17377394345044514,0.4,0.125,0.5,0.2846944212403198
5,45,57,6,120,8,0,0,0,1,0,1,1,1,1,0.6065306597126334,1.0,0.6607142857142857,0.375,0.7402618615251666
2,45,149,9,60,21,3,0,0,1,5,1,1,1,1,0.049787068367863944,0.4,0.11309523809523814,0.75,0.26164973410653214
2,45,138,11,60,20,0,1,0,1,1,1,1,1,1,0.10539922456186433,0.4,0.1785714285714286,0.75,0.3226088686000892
3,45,159,7,90,9,1,1,0,0,2,1,1,1,1,0.6065306597126334,0.6,0.0535714285714286,0.5,0.44015193737164876
5,30,109,9,120,13,0,0,0,1,3,1,1,1,1,0.36787944117144233,1.0,0.35119047619047616,0.25,0.5430135226049086
2,45,139,6,45,9,0,0,1,1,4,1,1,1,1,0.4723665527410147,0.4,0.17261904761904767,1.0,0.4184178751494457
3,120,115,8,120,15,6,0,0,1,5,1,1,1,1,0.17377394345044514,0.6,0.31547619047619047,1.0,0.45577644309231
5,45,116,8,45,8,1,1,1,0,0,1,1,1,1,1.0,1.0,0.30952380952380953,1.0,0.8287670578799029
3,30,102,9,45,15,5,0,0,1,2,1,1,1,1,0.22313016014842982,0.6,0.3928571428571429,0.6666666666666666,0.46636016074652825
4,45,142,10,60,9,1,0,1,0,5,1,1,1,1,0.7788007830714049,0.8,0.15476190476190477,0.75,0.5758804280266832
5,45,147,9,45,11,4,0,0,1,1,1,1,1,1,0.6065306597126334,1.0,0.125,1.0,0.6221462118032236
3,180,94,6,180,12,5,0,0,1,0,1,1,1,1,0.22313016014842982,0.6,0.44047619047619047,1.0,0.4829082063314287
4,90,142,6,120,12,4,0,0,0,0,1,1,1,1,0.22313016014842982,0.8,0.15476190476190477,0.75,0.4123957277217156
4,90,43,6,90,18,6,1,0,0,5,1,1,1,1,0.049787068367863944,0.8,0.7440476190476191,1.0,0.5304698846795437
3,60,106,6,120,15,3,1,0,0,0,1,1,1,1,0.10539922456186433,0.6,0.36904761904761907,0.5,0.37033037902927357
5,30,168,6,120,22,1,1,0,0,2,1,1,1,1,0.1353352832366127,1.0,0.0,0.25,0.4352773814938997
3,30,76,7,150,10,5,1,0,1,2,1,1,1,1,0.4723665527410147,0.6,0.5476190476190477,0.2,0.5426388910911529
3,60,156,11,90,13,0,1,1,1,4,1,1,1,1,0.6065306597126334,0.6,0.0714285714285714,0.6666666666666666,0.4766674411990309
3,30,111,8,45,21,3,1,1,0,0,1,1,1,1,0.06392786120670757,0.6,0.3392857142857143,0.6666666666666666,0.40287522420544103
3,45,110,6,90,6,1,1,0,1,0,1,1,1,1,1.0,0.6,0.34523809523809523,0.5,0.555068677874101
3,45,74,7,60,18,3,0,0,0,5,1,1,1,1,0.06392786120670757,0.6,0.5595238095238095,0.75,0.3858767452862757
2,45,164,6,120,22,4,1,1,0,0,1,1,1,1,0.1353352832366127,0.4,0.023809523809523836,0.375,0.23516912810197613
2,45,44,6,150,17,3,0,1,0,1,1,1,1,1,0.06392786120670757,0.4,0.7380952380952381,0.3,0.4329572957260783
5,45,146,8,45,11,3,0,1,1,1,1,1,1,1,0.4723665527410147,1.0,0.13095238095238093,1.0,0.5805654943097828
2,30,37,7,180,14,3,1,0,0,2,1,1,1,1,0.17377394345044514,0.4,0.7797619047619048,0.16666666666666666,0.46573951948049086
5,90,45,6,180,21,4,0,0,0,3,1,1,1,1,0.10539922456186433,1.0,0.7321428571428572,0.5,0.6359925731449685
2,60,147,8,180,6,4,0,1,1,4,1,1,1,1,0.6065306597126334,0.4,0.125,0.3333333333333333,0.4304379246826204
5,30,123,7,45,20,4,1,0,0,5,1,1,1,1,0.06392786120670757,1.0,0.2678571428571429,0.6666666666666666,0.49257490373795937
3,90,93,8,120,13,4,0,0,0,4,1,1,1,1,0.2865047968601901,0.6,0.4464285714285714,0.75,0.4493534193758006
3,30,150,10,150,16,4,1,0,0,1,1,1,1,1,0.22313016014842982,0.6,0.1071428571428571,0.2,0.31912530860274735
5,60,164,7,60,13,0,1,0,0,0,1,1,1,1,0.22313016014842982,1.0,0.023809523809523836,1.0,0.5111532885170554
4,30,163,6,150,18,2,0,0,1,5,1,1,1,1,0.049787068367863944,0.8,0.029761904761904767,0.2,0.37342909488058185
2,45,156,7,45,13,3,0,0,1,5,1,1,1,1,0.22313016014842982,0.4,0.0714285714285714,1.0,0.29583108225403354
3,90,46,6,120,12,4,0,1,1,1,1,1,1,1,0.22313016014842982,0.6,0.7261904761904762,0.75,0.5368811244626566
1,30,151,8,60,9,4,0,0,1,2,1,1,1,1,0.7788007830714049,0.2,0.10119047619047616,0.5,0.3514419907244143
4,30,161,10,180,11,0,0,0,1,5,1,1,1,1,0.7788007830714049,0.8,0.04166666666666663,0.16666666666666666,0.527520054984152
4,60,75,6,60,6,0,1,1,0,2,1,1,1,1,1.0,0.8,0.5535714285714286,1.0,0.7666237239504867
2,30,57,7,30,7,6,1,0,0,3,1,1,1,1,1.0,0.4,0.6607142857142857,1.0,0.6655859703650097
5,30,73,6,90,13,3,0,0,1,2,1,1,1,1,0.17377394345044514,1.0,0.5654761904761905,0.3333333333333333,0.5925305968470737
4,30,157,8,45,8,6,1,0,0,0,1,1,1,1,1.0,0.8,0.06547619047619047,0.6666666666666666,0.5642387848411952
3,90,117,8,90,16,4,0,0,1,0,1,1,1,1,0.1353352832366127,0.6,0.3035714285714286,1.0,0.369041257438401
1,60,67,6,150,7,5,1,0,0,5,1,1,1,1,0.7788007830714049,0.2,0.6011904761904762,0.4,0.45575684862446914
4,150,109,7,180,18,6,1,1,1,5,1,1,1,1,0.06392786120670757,0.8,0.35119047619047616,0.8333333333333334,0.4580808757586293
4,30,162,9,45,10,2,0,0,0,0,1,1,1,1,0.7788007830714049,0.8,0.0357142857142857,0.6666666666666666,0.5055929958868312
4,60,91,8,150,13,6,1,1,1,2,1,1,1,1,0.2865047968601901,0.8,0.45833333333333337,0.4,0.5871036594644023
3,60,73,8,150,13,5,1,0,1,2,1,1,1,1,0.2865047968601901,0.6,0.5654761904761905,0.4,0.4891346364439091
4,45,168,11,45,17,0,0,1,0,2,1,1,1,1,0.22313016014842982,0.8,0.0,1.0,0.37822146068193646
2,60,41,6,120,14,2,0,1,0,3,1,1,1,1,0.1353352832366127,0.4,0.7559523809523809,0.5,0.4314208718418367
2,90,37,6,150,6,1,1,1,1,3,1,1,1,1,1.0,0.4,0.7797619047619048,0.6,0.7224774883232469
3,30,82,7,150,20,1,0,1,0,2,1,1,1,1,0.06392786120670757,0.6,0.5119047619047619,0.2,0.4049257216127171
3,120,146,9,150,10,0,0,0,0,0,1,1,1,1,0.7788007830714049,0.6,0.13095238095238093,0.8,0.5333635040270469
1,45,129,10,90,17,2,1,0,0,3,1,1,1,1,0.17377394345044514,0.2,0.2321428571428571,0.5,0.19708610213805788
3,180,87,6,180,14,6,1,1,0,2,1,1,1,1,0.1353352832366127,0.6,0.4821428571428571,1.0,0.4589727289086156
2,30,134,8,180,18,5,0,0,1,3,1,1,1,1,0.0820849986238988,0.4,0.20238095238095233,0.16666666666666666,0.3124724637951499
3,150,61,6,150,16,5,0,0,0,4,1,1,1,1,0.0820849986238988,0.6,0.6369047619047619,1.0,0.48416183151987846
3,90,63,7,120,15,4,0,0,0,1,1,1,1,1,0.1353352832366127,0.6,0.625,0.75,0.49844850694409876
5,45,135,7,120,9,5,1,0,0,2,1,1,1,1,0.6065306597126334,1.0,0.1964285714285714,0.375,0.5189909152017745
5,90,112,8,120,10,3,0,0,1,1,1,1,1,1,0.6065306597126334,1.0,0.33333333333333337,0.75,0.6871266853058043
3,150,71,6,150,13,3,0,0,0,4,1,1,1,1,0.17377394345044514,0.6,0.5773809523809523,1.0,0.5236141030313652
3,60,158,10,60,16,1,1,0,1,0,1,1,1,1,0.22313016014842982,0.6,0.059523809523809534,1.0,0.372576982996814
3,30,64,7,180,16,2,1,0,1,2,1,1,1,1,0.10539922456186433,0.6,0.6190476190476191,0.16666666666666666,0.46694014829308095
3,30,164,11,90,8,1,1,0,0,4,1,1,1,1,0.4723665527410147,0.6,0.023809523809523836,0.3333333333333333,0.3319094052171144
3,45,42,7,150,10,4,0,1,1,2,1,1,1,1,0.4723665527410147,0.6,0.75,0.3,0.6321066478307548
5,60,126,8,60,13,1,0,0,0,4,1,1,1,1,0.2865047968601901,1.0,0.25,1.0,0.5416870039261822
3,150,159,7,150,12,4,1,0,0,0,1,1,1,1,0.2865047968601901,0.6,0.0535714285714286,1.0,0.3213850392803266
4,120,133,9,180,7,6,0,1,1,2,1,1,1,1,0.6065306597126334,0.8,0.20833333333333337,0.6666666666666666,0.5674568542366725
5,30,68,8,30,8,2,0,1,0,5,1,1,1,1,1.0,1.0,0.5952380952380952,1.0,0.8658736736673885
2,45,145,7,60,16,1,1,0,0,2,1,1,1,1,0.10539922456186433,0.4,0.13690476190476186,0.75,0.25315427434143356
3,60,164,9,90,18,1,1,0,0,4,1,1,1,1,0.10539922456186433,0.6,0.023809523809523836,0.6666666666666666,0.30551529764799074
4,150,91,7,180,21,2,0,0,0,3,1,1,1,1,0.0820849986238988,0.8,0.45833333333333337,0.8333333333333334,0.5173579389339442
3,60,99,9,150,21,4,1,0,1,2,1,1,1,1,0.049787068367863944,0.6,0.4107142857142857,0.4,0.413906090934416
4,120,128,6,120,8,5,0,1,0,4,1,1,1,1,0.6065306597126334,0.8,0.23809523809523814,1.0,0.6090845533748295
3,45,119,10,180,14,3,1,1,0,1,1,1,1,1,0.36787944117144233,0.6,0.29166666666666663,0.25,0.39318978279149386
4,45,83,7,180,22,3,1,0,0,1,1,1,1,1,0.10539922456186433,0.8,0.5059523809523809,0.25,0.4616955880885875
5,30,147,8,60,10,3,0,0,0,4,1,1,1,1,0.6065306597126334,1.0,0.125,0.5,0.5774839796785238
5,90,68,7,90,10,4,1,0,1,5,1,1,1,1,0.4723665527410147,1.0,0.5952380952380952,1.0,0.7051575395390116
2,30,78,8,90,20,6,1,0,0,1,1,1,1,1,0.049787068367863944,0.4,0.5357142857142857,0.3333333333333333,0.33114609077757445
2,30,135,10,45,13,3,0,1,1,4,1,1,1,1,0.4723665527410147,0.4,0.1964285714285714,0.6666666666666666,0.4434523640657041
5,60,101,8,150,10,6,0,0,1,2,1,1,1,1,0.6065306597126334,1.0,0.39880952380952384,0.4,0.6521549774085907
3,60,117,7,120,11,2,1,0,1,1,1,1,1,1,0.36787944117144233,0.6,0.3035714285714286,0.5,0.4802342934671866
5,60,138,10,60,7,0,0,0,0,2,1,1,1,1,0.4723665527410147,1.0,0.1785714285714286,1.0,0.5679403503836704
1,45,140,11,150,20,6,0,0,0,1,1,1,1,1,0.10539922456186433,0.2,0.16666666666666663,0.3,0.13471554465314053
1,60,104,6,120,16,0,0,0,0,0,1,1,1,1,0.0820849986238988,0.2,0.38095238095238093,0.5,0.24719021572641156
2,30,68,6,150,6,5,1,1,0,3,1,1,1,1,1.0,0.4,0.5952380952380952,0.2,0.5860359183946812
5,30,131,9,90,20,2,1,0,1,5,1,1,1,1,0.06392786120670757,1.0,0.22023809523809523,0.3333333333333333,0.451827812055752
1,120,111,6,120,13,6,1,0,0,1,1,1,1,1,0.17377394345044514,0.2,0.3392857142857143,1.0,0.30375817279605355
3,30,154,10,60,13,5,0,0,1,4,1,1,1,1,0.4723665527410147,0.6,0.08333333333333337,0.5,0.4390317382824605
4,30,144,9,30,17,2,1,0,0,3,1,1,1,1,0.1353352832366127,0.8,0.1428571428571429,1.0,0.41857676118035125
2,30,142,9,30,18,4,1,1,0,4,1,1,1,1,0.10539922456186433,0.4,0.15476190476190477,1.0,0.3448468770501737
3,45,155,7,60,9,1,0,0,0,5,1,1,1,1,0.6065306597126334,0.6,0.07738095238095233,0.75,0.4085414310180001
3,90,147,8,120,16,0,0,0,1,1,1,1,1,1,0.1353352832366127,0.6,0.125,0.75,0.3333842020214094
4,45,30,6,150,18,2,0,0,0,2,1,1,1,1,0.049787068367863944,0.8,0.8214285714285714,0.3,0.5383389464392176
3,150,157,7,150,22,2,1,0,1,0,1,1,1,1,0.10539922456186433,0.6,0.06547619047619047,1.0,0.37831333100420533
1,150,149,8,150,9,4,1,0,1,5,1,1,1,1,0.7788007830714049,0.2,0.11309523809523814,1.0,0.39232295154176167
2,30,139,6,120,20,1,1,0,0,0,1,1,1,1,0.0820849986238988,0.4,0.17261904761904767,0.25,0.22791166214493702
1,60,132,6,180,13,3,0,1,0,4,1,1,1,1,0.17377394345044514,0.2,0.2142857142857143,0.3333333333333333,0.22529656283322552
5,30,138,7,120,21,0,0,0,1,3,1,1,1,1,0.0820849986238988,1.0,0.1785714285714286,0.25,0.4425615826416267
1,90,120,8,90,15,3,0,0,0,0,1,1,1,1,0.17377394345044514,0.2,0.2857142857142857,1.0,0.2523321096703981
4,30,148,10,60,14,6,1,1,0,2,1,1,1,1,0.36787944117144233,0.8,0.11904761904761907,0.5,0.44226994840131945
3,30,68,8,30,19,4,0,0,1,5,1,1,1,1,0.06392786120670757,0.6,0.5952380952380952,1.0,0.5152144516985954
2,90,72,6,90,21,0,1,0,0,1,1,1,1,1,0.10539922456186433,0.4,0.5714285714285714,1.0,0.397105938654885
1,45,168,11,180,19,6,0,1,0,4,1,1,1,1,0.1353352832366127,0.2,0.0,0.25,0.17986617158811155
5,45,115,7,45,16,3,0,1,0,1,1,1,1,1,0.10539922456186433,1.0,0.31547619047619047,1.0,0.5167814011650912
5,90,131,8,120,10,3,0,0,1,5,1,1,1,1,0.6065306597126334,1.0,0.22023809523809523,0.75,0.6620896782458812
4,45,145,7,90,7,3,0,0,0,5,1,1,1,1,1.0,0.8,0.13690476190476186,0.5,0.6235551119111982
2,120,163,6,120,22,1,0,0,1,5,1,1,1,1,0.1353352832366127,0.4,0.029761904761904767,1.0,0.26040304103390843
5,30,168,12,60,8,1,1,0,1,4,1,1,1,1,0.36787944117144233,1.0,0.0,0.5,0.5002708095845356
1,60,139,7,180,22,4,1,0,1,3,1,1,1,1,0.10539922456186433,0.2,0.17261904761904767,0.3333333333333333,0.19880389606111135
4,60,168,7,60,14,4,0,0,0,3,1,1,1,1,0.17377394345044514,0.8,0.0,1.0,0.3790786068564852
2,30,164,7,180,18,5,0,0,0,4,1,1,1,1,0.06392786120670757,0.4,0.023809523809523836,0.16666666666666666,0.11356413882055602
1,60,72,8,90,11,5,1,0,0,3,1,1,1,1,0.4723665527410147,0.2,0.5714285714285714,0.6666666666666666,0.377905976174111
1,120,75,6,150,15,2,1,1,1,1,1,1,1,1,0.10539922456186433,0.2,0.5535714285714286,0.8,0.35493876848875133
3,180,145,6,180,6,1,1,0,0,3,1,1,1,1,1.0,0.6,0.13690476190476186,1.0,0.5885453439520432
5,120,97,6,180,13,4,0,0,1,4,1,1,1,1,0.17377394345044514,1.0,0.42261904761904767,0.6666666666666666,0.5452857530488194
4,150,143,6,150,21,0,0,0,1,1,1,1,1,1,0.10539922456186433,0.8,0.14880952380952384,1.0,0.42185574240440604
3,45,134,7,90,8,5,0,0,0,3,1,1,1,1,0.7788007830714049,0.6,0.20238095238095233,0.5,0.4714754114824957
4,60,57,6,150,22,2,0,1,0,0,1,1,1,1,0.1353352832366127,0.8,0.6607142857142857,0.4,0.5297116917456672
3,30,118,9,150,18,3,1,0,1,0,1,1,1,1,0.10539922456186433,0.6,0.29761904761904767,0.2,0.37706952214504447
1,60,130,6,90,22,4,0,1,0,1,1,1,1,1,0.1353352832366127,0.2,0.22619047619047616,0.6666666666666666,0.21049995582122943
3,180,102,7,180,7,6,0,0,0,4,1,1,1,1,1.0,0.6,0.3928571428571429,1.0,0.6484289058932421
3,45,61,6,180,10,6,1,0,1,2,1,1,1,1,0.36787944117144233,0.6,0.6369047619047619,0.25,0.4970996830172034
5,30,64,7,180,8,6,1,0,0,1,1,1,1,1,0.7788007830714049,1.0,0.6190476190476191,0.16666666666666666,0.760965832211656
1,120,135,9,120,17,5,0,0,1,5,1,1,1,1,0.1353352832366127,0.2,0.1964285714285714,1.0,0.21036345084616678
4,30,76,6,90,20,5,0,1,0,4,1,1,1,1,0.0820849986238988,0.8,0.5476190476190477,0.3333333333333333,0.5026264884424454
5,120,132,8,150,20,0,1,0,1,5,1,1,1,1,0.049787068367863944,1.0,0.2142857142857143,0.8,0.46788975829024476
5,90,140,9,150,6,1,0,0,1,3,1,1,1,1,0.4723665527410147,1.0,0.16666666666666663,0.6,0.5594580868737467
2,45,148,10,45,9,1,0,1,0,4,1,1,1,1,0.7788007830714049,0.4,0.11904761904761907,1.0,0.40888803558406395
5,45,113,6,120,11,5,1,0,1,2,1,1,1,1,0.2865047968601901,1.0,0.32738095238095233,0.375,0.5647813554356157
1,30,22,6,150,13,1,1,0,1,5,1,1,1,1,0.17377394345044514,0.2,0.8690476190476191,0.2,0.39810684721530526
1,30,37,6,120,6,0,1,0,0,3,1,1,1,1,1.0,0.2,0.7797619047619048,0.25,0.5968997884587504
5,30,167,8,60,18,4,0,0,1,1,1,1,1,1,0.0820849986238988,1.0,0.005952380952380931,0.5,0.4290613078349542
2,30,89,6,90,10,5,0,1,0,4,1,1,1,1,0.36787944117144233,0.4,0.47023809523809523,0.3333333333333333,0.3986020483672185
4,45,104,6,120,8,1,1,0,0,4,1,1,1,1,0.6065306597126334,0.8,0.38095238095238093,0.375,0.542191827542358
2,45,150,7,90,9,6,1,0,1,5,1,1,1,1,0.6065306597126334,0.4,0.1071428571428571,0.5,0.40527806202084316
2,45,28,6,90,20,1,0,1,0,1,1,1,1,1,0.0820849986238988,0.4,0.8333333333333334,0.5,0.46693555352488275
2,90,167,6,120,13,1,0,0,1,3,1,1,1,1,0.17377394345044514,0.4,0.005952380952380931,0.75,0.2473190015874807
3,120,146,9,180,18,5,1,1,1,4,1,1,1,1,0.10539922456186433,0.6,0.13095238095238093,0.6666666666666666,0.3738996967961061
3,60,106,9,90,9,1,1,0,1,0,1,1,1,1,1.0,0.6,0.36904761904761907,0.6666666666666666,0.6495144045705858
5,60,127,8,90,16,2,0,0,0,0,1,1,1,1,0.1353352832366127,1.0,0.24404761904761907,0.6666666666666666,0.49667501516304746
5,180,135,6,180,11,0,0,0,1,4,1,1,1,1,0.2865047968601901,1.0,0.1964285714285714,1.0,0.5437881442918499
5,30,154,11,30,21,4,0,0,1,1,1,1,1,1,0.0820849986238988,1.0,0.08333333333333337,1.0,0.40276033686982926
3,90,85,8,90,6,0,0,0,0,0,1,1,1,1,0.6065306597126334,0.6,0.49404761904761907,1.0,0.5548449629330213
1,180,144,6,180,20,6,1,1,1,4,1,1,1,1,0.0820849986238988,0.2,0.1428571428571429,1.0,0.23671825247022144
1,45,154,7,120,8,6,1,0,0,0,1,1,1,1,0.7788007830714049,0.2,0.08333333333333337,0.375,0.3278116247530494
5,30,42,6,120,22,2,0,1,0,5,1,1,1,1,0.1353352832366127,1.0,0.75,0.25,0.6297190623775207
1,90,63,6,150,20,5,0,0,0,2,1,1,1,1,0.0820849986238988,0.2,0.625,0.6,0.2986453626513792
4,150,150,7,150,15,4,0,1,0,2,1,1,1,1,0.1353352832366127,0.8,0.1071428571428571,1.0,0.441067549933403
4,30,91,7,120,15,6,1,1,0,3,1,1,1,1,0.1353352832366127,0.8,0.45833333333333337,0.25,0.5371048622530524
2,180,128,8,180,17,3,0,0,1,0,1,1,1,1,0.10539922456186433,0.4,0.23809523809523814,1.0,0.30503747155955246
3,30,156,12,45,16,5,0,0,0,0,1,1,1,1,0.36787944117144233,0.6,0.0714285714285714,0.6666666666666666,0.327279354547228
5,60,132,6,60,22,1,1,0,1,0,1,1,1,1,0.1353352832366127,1.0,0.2142857142857143,1.0,0.5225326957990697
3,30,157,9,60,7,3,0,0,1,1,1,1,1,1,0.6065306597126334,0.6,0.06547619047619047,0.5,0.40760313805340437
5,60,125,8,90,19,2,0,1,0,4,1,1,1,1,0.06392786120670757,1.0,0.25595238095238093,0.6666666666666666,0.5468381531761574
1,45,106,9,45,15,1,0,0,0,3,1,1,1,1,0.22313016014842982,0.2,0.36904761904761907,1.0,0.2747197783254286
1,30,127,8,150,10,5,0,1,0,5,1,1,1,1,0.6065306597126334,0.2,0.24404761904761907,0.2,0.3346486016819671
2,30,165,7,150,13,1,1,0,0,0,1,1,1,1,0.22313016014842982,0.4,0.017857142857142905,0.2,0.2182465364046628
2,30,118,6,180,6,6,0,0,1,3,1,1,1,1,1.0,0.4,0.29761904761904767,0.16666666666666666,0.5025988990340724
5,30,130,6,45,12,5,0,0,1,3,1,1,1,1,0.22313016014842982,1.0,0.22619047619047616,0.6666666666666666,0.5005300514959932
4,120,148,9,120,6,3,0,0,0,4,1,1,1,1,0.4723665527410147,0.8,0.11904761904761907,1.0,0.5010818327411204
4,45,119,6,90,21,1,1,0,1,0,1,1,1,1,0.10539922456186433,0.8,0.29166666666666663,0.5,0.4329558022739949
4,90,37,6,180,22,2,0,0,1,1,1,1,1,1,0.1353352832366127,0.8,0.7797619047619048,0.5,0.6379026733400689
3,45,142,6,45,16,2,1,0,0,0,1,1,1,1,0.0820849986238988,0.6,0.15476190476190477,1.0,0.3260054345423338
1,60,145,7,150,12,4,0,1,1,5,1,1,1,1,0.2865047968601901,0.2,0.13690476190476186,0.4,0.2184702158214259
4,180,163,9,180,22,2,0,1,0,2,1,1,1,1,0.06392786120670757,0.8,0.029761904761904767,1.0,0.3637127785687154
5,45,147,8,120,21,6,0,1,0,4,1,1,1,1,0.06392786120670757,1.0,0.125,0.375,0.49931453038481394
3,30,128,10,60,7,0,0,0,1,4,1,1,1,1,0.4723665527410147,0.6,0.23809523809523814,0.5,0.46720624978263403
5,30,149,11,30,18,5,1,0,1,3,1,1,1,1,0.17377394345044514,1.0,0.11309523809523814,1.0,0.5212104989511982
4,45,162,6,120,8,0,1,0,0,3,1,1,1,1,0.6065306597126334,0.8,0.0357142857142857,0.375,0.4509610269875535
1,30,104,9,120,13,4,0,0,0,0,1,1,1,1,0.36787944117144233,0.2,0.38095238095238093,0.25,0.3319487127406355
3,90,145,10,150,17,4,1,0,0,5,1,1,1,1,0.17377394345044514,0.6,0.13690476190476186,0.6,0.33154295677907947
4,30,77,8,180,10,1,0,0,0,3,1,1,1,1,0.6065306597126334,0.8,0.5416666666666667,0.16666666666666666,0.5587782365496539
4,60,165,8,180,13,3,1,0,1,2,1,1,1,1,0.2865047968601901,0.8,0.017857142857142905,0.3333333333333333,0.4009394229373288
2,90,145,7,120,19,0,1,1,0,4,1,1,1,1,0.049787068367863944,0.4,0.13690476190476186,0.75,0.2307915126014353
2,30,135,8,90,17,1,0,0,1,1,1,1,1,1,0.10539922456186433,0.4,0.1964285714285714,0.3333333333333333,0.2797441203754308
5,30,111,10,60,12,4,1,0,1,3,1,1,1,1,0.6065306597126334,1.0,0.3392857142857143,0.5,0.6202462686261987
2,30,129,6,180,21,4,1,1,1,4,1,1,1,1,0.10539922456186433,0.4,0.2321428571428571,0.16666666666666666,0.2717921960861888
5,90,76,6,150,7,2,0,0,1,4,1,1,1,1,0.7788007830714049,1.0,0.5476190476190477,0.6,0.8183737338589028
4,60,148,10,180,7,4,0,0,1,0,1,1,1,1,0.4723665527410147,0.8,0.11904761904761907,0.3333333333333333,0.4985810457901795
5,30,19,6,90,13,0,0,0,0,3,1,1,1,1,0.17377394345044514,1.0,0.8869047619047619,0.3333333333333333,0.6784812880503944
3,30,49,7,60,22,5,1,0,0,4,1,1,1,1,0.10539922456186433,0.6,0.7083333333333333,0.5,0.4512430199642976
4,45,119,10,60,10,3,1,1,0,3,1,1,1,1,1.0,0.8,0.29166666666666663,0.75,0.6720245150725499
2,30,141,8,45,11,6,0,0,0,2,1,1,1,1,0.4723665527410147,0.4,0.1607142857142857,0.6666666666666666,0.35564125388781415
5,45,74,7,150,18,6,1,0,1,2,1,1,1,1,0.06392786120670757,1.0,0.5595238095238095,0.3,0.584907391234391
4,45,47,7,60,8,3,1,1,0,1,1,1,1,1,0.7788007830714049,0.8,0.7202380952380952,0.75,0.7483439771863711
4,45,54,6,45,13,1,0,1,0,1,1,1,1,1,0.17377394345044514,0.8,0.6785714285714286,1.0,0.6015374220864618
5,45,147,7,45,8,1,0,1,0,5,1,1,1,1,0.7788007830714049,1.0,0.125,1.0,0.6739672810064355
5,60,130,10,180,15,0,0,0,1,1,1,1,1,1,0.2865047968601901,1.0,0.22619047619047616,0.3333333333333333,0.5635753404633936
3,45,165,9,90,20,6,1,0,0,0,1,1,1,1,0.06392786120670757,0.6,0.017857142857142905,0.5,0.21603634318064174
4,45,167,6,90,7,4,1,0,1,4,1,1,1,1,0.7788007830714049,0.8,0.005952380952380931,0.5,0.5272764339776321
4,45,127,7,60,13,5,1,0,0,2,1,1,1,1,0.22313016014842982,0.8,0.24404761904761907,0.75,0.4367480722922174
5,60,127,8,60,21,3,1,0,0,3,1,1,1,1,0.06392786120670757,1.0,0.24404761904761907,1.0,0.5399069030880268
2,45,123,6,180,6,1,0,0,1,0,1,1,1,1,1.0,0.4,0.2678571428571429,0.25,0.48595811486461704
1,45,102,8,90,18,2,1,0,0,0,1,1,1,1,0.0820849986238988,0.2,0.3928571428571429,0.5,0.22956262974017413
1,30,137,7,60,18,3,1,1,0,1,1,1,1,1,0.06392786120670757,0.2,0.18452380952380953,0.5,0.17818641576483035
2,45,124,9,90,20,6,0,0,1,3,1,1,1,1,0.06392786120670757,0.4,0.26190476190476186,0.5,0.30775191011473096
3,120,109,6,120,12,2,0,0,1,5,1,1,1,1,0.22313016014842982,0.6,0.35119047619047616,1.0,0.47753949836556586
5,90,159,8,90,8,1,1,0,1,5,1,1,1,1,1.0,1.0,0.0535714285714286,1.0,0.6995260074910332
3,150,142,9,180,15,6,0,1,0,1,1,1,1,1,0.22313016014842982,0.6,0.15476190476190477,0.8333333333333334,0.41063132986222856
3,60,158,10,180,22,1,1,1,1,4,1,1,1,1,0.049787068367863944,0.6,0.059523809523809534,0.3333333333333333,0.28604860244309327
1,30,129,7,90,16,4,0,0,1,5,1,1,1,1,0.10539922456186433,0.2,0.2321428571428571,0.3333333333333333,0.2152743365914634
1,60,49,7,180,17,5,1,0,1,0,1,1,1,1,0.0820849986238988,0.2,0.7083333333333333,0.3333333333333333,0.38107966437795615
4,30,112,9,60,16,4,1,1,1,1,1,1,1,1,0.17377394345044514,0.8,0.33333333333333337,0.5,0.4803567668763408
4,90,53,6,180,22,1,1,1,0,0,1,1,1,1,0.1353352832366127,0.8,0.6845238095238095,0.5,0.5785877514856189
2,90,97,8,120,13,2,0,0,1,3,1,1,1,1,0.2865047968601901,0.4,0.42261904761904767,0.75,0.4090533694610566
5,30,153,8,90,6,1,0,0,0,5,1,1,1,1,0.6065306597126334,1.0,0.0892857142857143,0.3333333333333333,0.5953634571807637
2,90,154,9,150,22,0,1,1,1,5,1,1,1,1,0.06392786120670757,0.4,0.08333333333333337,0.6,0.21480048799712909
2,30,57,6,90,12,1,1,0,0,2,1,1,1,1,0.22313016014842982,0.4,0.6607142857142857,0.3333333333333333,0.42072244970505807
3,60,129,6,60,21,0,1,0,1,0,1,1,1,1,0.10539922456186433,0.6,0.2321428571428571,1.0,0.4014155667148304
1,30,166,6,60,10,4,1,0,0,1,1,1,1,1,0.36787944117144233,0.2,0.011904761904761862,0.5,0.21107665155885882
1,30,36,6,45,19,0,0,0,0,2,1,1,1,1,0.06392786120670757,0.2,0.7857142857142857,0.6666666666666666,0.3444909284236554
5,45,64,7,45,20,5,0,0,0,3,1,1,1,1,0.06392786120670757,1.0,0.6190476190476191,1.0,0.5982566081678078
4,60,153,9,180,21,6,0,0,0,4,1,1,1,1,0.049787068367863944,0.8,0.0892857142857143,0.3333333333333333,0.3897369597490709
4,30,62,8,45,9,0,1,0,0,1,1,1,1,1,0.7788007830714049,0.8,0.6309523809523809,0.6666666666666666,0.6990555412553985
2,30,163,8,150,7,1,1,0,1,3,1,1,1,1,0.7788007830714049,0.4,0.029761904761904767,0.2,0.3894835765593564
2,30,92,7,120,20,2,1,0,0,2,1,1,1,1,0.06392786120670757,0.4,0.45238095238095233,0.25,0.30577645857557717
4,30,106,8,120,6,4,0,1,0,2,1,1,1,1,0.6065306597126334,0.8,0.36904761904761907,0.25,0.5917602399450872
1,45,49,7,90,21,3,0,0,1,5,1,1,1,1,0.0820849986238988,0.2,0.7083333333333333,0.5,0.27870511176458934
2,45,150,9,150,14,5,0,1,0,0,1,1,1,1,0.2865047968601901,0.4,0.1071428571428571,0.3,0.24546672559633126
1,120,69,6,180,9,0,1,0,0,5,1,1,1,1,0.4723665527410147,0.2,0.5892857142857143,0.6666666666666666,0.40862965286877895
4,60,55,7,150,10,1,0,1,1,0,1,1,1,1,0.4723665527410147,0.8,0.6726190476190477,0.4,0.6921207082492524
2,60,154,10,60,9,4,0,0,0,4,1,1,1,1,0.7788007830714049,0.4,0.08333333333333337,1.0,0.39056116955813125
4,45,167,9,120,22,1,1,0,0,0,1,1,1,1,0.06392786120670757,0.8,0.005952380952380931,0.375,0.3313020182170621
2,30,56,7,45,15,6,1,1,0,5,1,1,1,1,0.1353352832366127,0.4,0.6666666666666667,0.6666666666666666,0.43242404224874426
3,60,132,9,90,11,0,1,0,1,1,1,1,1,1,0.6065306597126334,0.6,0.2142857142857143,0.6666666666666666,0.5084118040372816
4,60,163,6,180,6,3,1,0,1,5,1,1,1,1,1.0,0.8,0.029761904761904767,0.3333333333333333,0.5846062406128862
4,30,101,8,120,21,6,0,0,0,2,1,1,1,1,0.06392786120670757,0.8,0.39880952380952384,0.25,0.42435610795971906
4,30,123,8,45,10,0,0,1,0,0,1,1,1,1,0.6065306597126334,0.8,0.2678571428571429,0.6666666666666666,0.5839137841047494
1,45,141,6,150,18,5,1,0,0,3,1,1,1,1,0.049787068367863944,0.2,0.1607142857142857,0.3,0.11998168211176546
2,45,144,10,90,22,0,1,1,1,1,1,1,1,1,0.049787068367863944,0.4,0.1428571428571429,0.5,0.2524996541574495
4,45,148,11,120,9,0,0,1,1,2,1,1,1,1,0.6065306597126334,0.8,0.11904761904761907,0.375,0.5329253934695117
1,30,99,6,120,9,6,0,0,0,5,1,1,1,1,0.4723665527410147,0.2,0.4107142857142857,0.25,0.3456423472823225
4,30,21,6,180,15,1,1,1,0,2,1,1,1,1,0.10539922456186433,0.8,0.875,0.16666666666666666,0.6131750815062037
5,90,152,10,90,17,2,1,0,0,5,1,1,1,1,0.17377394345044514,1.0,0.09523809523809523,1.0,0.48195206487214604
5,60,148,8,180,17,3,0,0,1,3,1,1,1,1,0.10539922456186433,1.0,0.11904761904761907,0.3333333333333333,0.48192835010512836
2,45,99,7,120,14,6,0,1,0,5,1,1,1,1,0.17377394345044514,0.4,0.4107142857142857,0.375,0.29394104204320626
2,60,159,7,60,18,6,1,0,0,5,1,1,1,1,0.06392786120670757,0.4,0.0535714285714286,1.0,0.22045773545482666
4,90,125,9,150,16,4,0,0,1,1,1,1,1,1,0.17377394345044514,0.8,0.25595238095238093,0.6,0.4435658052739531
3,120,130,9,120,9,5,0,0,0,2,1,1,1,1,1.0,0.6,0.22619047619047616,1.0,0.5533410077688419
4,30,143,9,45,21,0,1,1,0,0,1,1,1,1,0.049787068367863944,0.8,0.14880952380952384,0.6666666666666666,0.3904855118827474
4,60,166,11,120,9,0,0,0,1,2,1,1,1,1,0.6065306597126334,0.8,0.011904761904761862,0.5,0.4674017171213133
1,45,166,9,150,22,0,1,0,1,0,1,1,1,1,0.06392786120670757,0.2,0.011904761904761862,0.3,0.14106158509311106
4,45,73,8,60,11,1,1,0,0,2,1,1,1,1,0.4723665527410147,0.8,0.5654761904761905,0.75,0.5850002101764
2,60,74,7,90,12,6,1,0,0,4,1,1,1,1,0.2865047968601901,0.4,0.5595238095238095,0.6666666666666666,0.3914927440464143
1,120,145,7,180,20,5,0,0,0,1,1,1,1,1,0.06392786120670757,0.2,0.13690476190476186,0.6666666666666666,0.1461816337609392
1,30,136,11,90,15,0,0,0,0,2,1,1,1,1,0.36787944117144233,0.2,0.19047619047619047,0.3333333333333333,0.19016050493587425
1,120,50,6,180,10,1,1,0,0,5,1,1,1,1,0.36787944117144233,0.2,0.7023809523809523,0.6666666666666666,0.42743970827266475
1,45,117,7,180,19,6,0,0,0,4,1,1,1,1,0.049787068367863944,0.2,0.3035714285714286,0.25,0.15384544196103267
2,45,118,8,45,10,0,1,1,0,3,1,1,1,1,0.6065306597126334,0.4,0.29761904761904767,1.0,0.4784812336706815
1,90,152,8,120,8,2,0,0,0,2,1,1,1,1,1.0,0.2,0.09523809523809523,0.75,0.358659966212976
4,45,69,6,120,21,5,1,0,1,3,1,1,1,1,0.10539922456186433,0.8,0.5892857142857143,0.375,0.5536453442733174
5,45,137,6,45,8,3,0,0,0,2,1,1,1,1,0.6065306597126334,1.0,0.18452380952380953,1.0,0.586353430053857
2,90,160,11,90,11,1,0,1,0,1,1,1,1,1,1.0,0.4,0.04761904761904767,1.0,0.49014518809079805
1,120,164,10,120,9,5,0,0,1,4,1,1,1,1,0.7788007830714049,0.2,0.023809523809523836,1.0,0.3837549917358091
4,150,133,9,150,20,2,0,0,0,2,1,1,1,1,0.06392786120670757,0.8,0.20833333333333337,1.0,0.39189658651653564
1,90,111,7,180,22,6,1,0,1,0,1,1,1,1,0.10539922456186433,0.2,0.3392857142857143,0.5,0.21695759649613888
2,45,160,9,150,8,5,0,0,1,5,1,1,1,1,0.7788007830714049,0.4,0.04761904761904767,0.3,0.41493662374986834
4,45,104,6,45,21,4,1,1,1,5,1,1,1,1,0.10539922456186433,0.8,0.38095238095238093,1.0,0.5218444187559802
1,60,160,8,120,20,3,0,1,0,4,1,1,1,1,0.049787068367863944,0.2,0.04761904761904767,0.5,0.1601049551360196
5,90,90,8,150,12,3,1,1,1,3,1,1,1,1,0.36787944117144233,1.0,0.4642857142857143,0.6,0.6710958067207411
4,120,113,7,150,14,5,1,0,1,2,1,1,1,1,0.17377394345044514,0.8,0.32738095238095233,0.8,0.5040999985541805
3,45,62,6,180,6,6,1,1,0,2,1,1,1,1,1.0,0.6,0.6309523809523809,0.25,0.6873121601962217
3,90,83,6,120,14,6,0,1,1,0,1,1,1,1,0.1353352832366127,0.6,0.5059523809523809,0.75,0.47430003990796155
1,45,96,9,90,13,4,1,1,1,5,1,1,1,1,0.36787944117144233,0.2,0.4285714285714286,0.5,0.35413928375454556
2,60,136,8,60,22,2,1,0,1,4,1,1,1,1,0.0820849986238988,0.4,0.19047619047619047,1.0,0.24065565897433205
4,30,139,11,45,14,1,0,0,1,2,1,1,1,1,0.4723665527410147,0.8,0.17261904761904767,0.6666666666666666,0.47438561889802244
5,90,76,6,90,18,5,1,1,1,4,1,1,1,1,0.049787068367863944,1.0,0.5476190476190477,1.0,0.633749098879328
3,90,150,8,90,12,3,0,1,1,0,1,1,1,1,0.36787944117144233,0.6,0.1071428571428571,1.0,0.43996731699598784
5,45,152,11,150,15,2,0,1,0,4,1,1,1,1,0.36787944117144233,1.0,0.09523809523809523,0.3,0.5094198053673062
5,45,143,6,45,18,6,0,0,0,3,1,1,1,1,0.049787068367863944,1.0,0.14880952380952384,1.0,0.4815325159994096
2,60,125,9,120,11,3,1,0,1,5,1,1,1,1,0.6065306597126334,0.4,0.25595238095238093,0.5,0.4262870205773477
1,60,165,8,120,13,5,1,0,1,4,1,1,1,1,0.2865047968601901,0.2,0.017857142857142905,0.5,0.19503088534005855
2,30,152,7,45,11,1,0,0,1,5,1,1,1,1,0.36787944117144233,0.4,0.09523809523809523,0.6666666666666666,0.3552493203477739
3,60,150,9,120,17,5,0,1,0,3,1,1,1,1,0.1353352832366127,0.6,0.1071428571428571,0.5,0.3137735808017003
1,120,123,7,120,20,4,1,1,0,1,1,1,1,1,0.06392786120670757,0.2,0.2678571428571429,1.0,0.26425116905384805
4,90,143,9,120,19,2,1,1,0,1,1,1,1,1,0.0820849986238988,0.8,0.14880952380952384,0.75,0.43670499241127325
1,45,78,8,180,16,4,1,0,0,1,1,1,1,1,0.1353352832366127,0.2,0.5357142857142857,0.25,0.2947095565267168
3,30,48,7,45,18,6,1,0,1,5,1,1,1,1,0.06392786120670757,0.6,0.7142857142857143,0.6666666666666666,0.49537845935460695
4,30,151,6,60,20,0,0,1,0,2,1,1,1,1,0.0820849986238988,0.8,0.10119047619047616,0.5,0.3805820762470341
4,45,90,9,45,14,2,1,0,1,3,1,1,1,1,0.2865047968601901,0.8,0.4642857142857143,1.0,0.5727850549435859
1,45,81,8,180,7,2,1,1,1,1,1,1,1,1,0.7788007830714049,0.2,0.5178571428571428,0.25,0.5213260102913506
5,45,161,11,60,14,5,0,0,1,1,1,1,1,1,0.4723665527410147,1.0,0.04166666666666663,0.75,0.5446530703394777
2,120,65,6,150,8,5,1,0,1,4,1,1,1,1,0.6065306597126334,0.4,0.6130952380952381,0.8,0.5493460322411338
4,150,104,7,150,9,2,0,0,1,0,1,1,1,1,0.6065306597126334,0.8,0.38095238095238093,1.0,0.6318252576060327
5,30,68,6,90,7,2,1,1,0,4,1,1,1,1,0.7788007830714049,1.0,0.5952380952380952,0.3333333333333333,0.7637715051482451
5,45,117,6,150,20,1,0,0,0,5,1,1,1,1,0.0820849986238988,1.0,0.3035714285714286,0.3,0.5212832801903171
3,60,136,6,180,13,0,0,0,1,0,1,1,1,1,0.17377394345044514,0.6,0.19047619047619047,0.3333333333333333,0.34376109296734064
4,30,113,10,120,22,5,1,0,0,0,1,1,1,1,0.049787068367863944,0.8,0.32738095238095233,0.25,0.4402053343976753
2,45,164,7,60,15,6,0,0,0,2,1,1,1,1,0.1353352832366127,0.4,0.023809523809523836,0.75,0.23607979547627006
1,45,142,6,60,13,2,0,0,0,5,1,1,1,1,0.17377394345044514,0.2,0.15476190476190477,0.75,0.19300510464809098
1,90,162,7,150,14,3,1,1,0,0,1,1,1,1,0.17377394345044514,0.2,0.0357142857142857,0.6,0.21451337760144162
3,45,72,7,90,8,1,0,0,0,4,1,1,1,1,0.7788007830714049,0.6,0.5714285714285714,0.5,0.5691889685923973
2,150,164,10,150,20,3,0,0,0,4,1,1,1,1,0.0820849986238988,0.4,0.023809523809523836,1.0,0.2035445112261966
1,45,85,6,60,16,2,1,0,0,5,1,1,1,1,0.0820849986238988,0.2,0.49404761904761907,0.75,0.2569978952076121
5,30,89,7,180,13,2,1,1,0,1,1,1,1,1,0.22313016014842982,1.0,0.47023809523809523,0.16666666666666666,0.5916128989977643
3,180,137,7,180,16,5,1,0,1,5,1,1,1,1,0.10539922456186433,0.6,0.18452380952380953,1.0,0.33644680317373343
2,120,150,6,180,10,5,0,0,0,5,1,1,1,1,0.36787944117144233,0.4,0.1071428571428571,0.6666666666666666,0.32160509757522365
1,90,167,11,120,18,2,1,1,0,5,1,1,1,1,0.17377394345044514,0.2,0.005952380952380931,0.75,0.18036202376268656
4,30,75,6,45,16,6,0,0,0,0,1,1,1,1,0.0820849986238988,0.8,0.5535714285714286,0.6666666666666666,0.4694679256566897
3,30,105,6,45,12,5,1,0,0,2,1,1,1,1,0.22313016014842982,0.6,0.375,0.6666666666666666,0.43322759680311335
2,90,134,10,120,10,4,1,0,0,5,1,1,1,1,1.0,0.4,0.20238095238095233,0.75,0.4793907442300116
5,30,133,7,60,20,4,0,0,1,1,1,1,1,1,0.06392786120670757,1.0,0.20833333333333337,0.5,0.46405601299929167
1,60,125,10,120,17,0,0,0,1,5,1,1,1,1,0.17377394345044514,0.2,0.25595238095238093,0.5,0.20216520231667565
3,45,118,6,60,6,3,0,0,0,0,1,1,1,1,1.0,0.6,0.29761904761904767,0.75,0.5734141161511819
3,90,38,6,90,8,4,0,0,0,2,1,1,1,1,0.6065306597126334,0.6,0.7738095238095238,1.0,0.6586867562251795
5,45,85,6,180,17,2,0,0,0,2,1,1,1,1,0.06392786120670757,1.0,0.49404761904761907,0.25,0.5009361418285494
1,120,113,8,120,18,1,0,0,1,4,1,1,1,1,0.0820849986238988,0.2,0.32738095238095233,1.0,0.3002057061129273
3,45,89,6,90,20,6,1,0,0,4,1,1,1,1,0.0820849986238988,0.6,0.47023809523809523,0.5,0.40110009441541716
5,120,123,7,180,13,4,0,1,0,1,1,1,1,1,0.22313016014842982,1.0,0.2678571428571429,0.6666666666666666,0.5825160589499733
4,60,101,8,180,10,0,0,1,1,4,1,1,1,1,0.6065306597126334,0.8,0.39880952380952384,0.3333333333333333,0.6163670750446931
5,30,145,8,180,22,0,1,0,0,0,1,1,1,1,0.0820849986238988,1.0,0.13690476190476186,0.16666666666666666,0.48966076120790225
5,90,152,6,150,6,6,0,0,0,3,1,1,1,1,1.0,1.0,0.09523809523809523,0.6,0.673856315693372
2,30,110,10,90,12,0,1,0,0,0,1,1,1,1,0.6065306597126334,0.4,0.34523809523809523,0.3333333333333333,0.4131760003229833
1,45,117,7,150,20,6,0,1,1,5,1,1,1,1,0.06392786120670757,0.2,0.3035714285714286,0.3,0.1932729297232707
4,30,161,8,150,11,4,0,1,0,0,1,1,1,1,0.4723665527410147,0.8,0.04166666666666663,0.2,0.44647312473339357
2,90,108,8,150,16,2,0,0,0,5,1,1,1,1,0.1353352832366127,0.4,0.3571428571428571,0.6,0.31675250833479746
5,45,156,11,180,18,6,1,0,0,2,1,1,1,1,0.17377394345044514,1.0,0.0714285714285714,0.25,0.4043187453903559
3,120,142,8,150,17,0,0,0,1,5,1,1,1,1,0.10539922456186433,0.6,0.15476190476190477,0.8,0.38333132400311737
4,45,137,10,60,13,3,1,0,0,4,1,1,1,1,0.4723665527410147,0.8,0.18452380952380953,0.75,0.4753307505723576
2,120,146,7,150,9,6,1,0,0,0,1,1,1,1,0.6065306597126334,0.4,0.13095238095238093,0.8,0.3713507354745264
3,60,158,8,150,13,3,1,1,0,1,1,1,1,1,0.2865047968601901,0.6,0.059523809523809534,0.4,0.3158991496926168
4,30,140,8,60,6,4,1,1,0,2,1,1,1,1,0.6065306597126334,0.8,0.16666666666666663,0.5,0.5744508823648754
1,45,55,7,45,10,6,1,1,1,0,1,1,1,1,0.4723665527410147,0.2,0.6726190476190477,1.0,0.4314572684779247
5,60,156,11,180,16,0,1,0,1,2,1,1,1,1,0.2865047968601901,1.0,0.0714285714285714,0.3333333333333333,0.4700399181529204
4,45,146,6,180,10,5,1,0,1,3,1,1,1,1,0.36787944117144233,0.8,0.13095238095238093,0.25,0.49174234980894743
1,30,138,10,150,12,1,1,0,1,1,1,1,1,1,0.6065306597126334,0.2,0.1785714285714286,0.2,0.34270235970458696
4,45,74,6,60,8,0,1,1,1,2,1,1,1,1,0.6065306597126334,0.8,0.5595238095238095,0.75,0.6401563886188263
3,45,151,10,120,13,4,0,0,0,0,1,1,1,1,0.4723665527410147,0.6,0.10119047619047616,0.375,0.3347616877361138
1,150,101,6,180,7,0,1,0,0,5,1,1,1,1,0.7788007830714049,0.2,0.39880952380952384,0.8333333333333334,0.42860718090491645
1,45,94,7,60,20,3,0,0,1,2,1,1,1,1,0.06392786120670757,0.2,0.44047619047619047,0.75,0.26904357072351015
4,60,132,6,150,7,3,0,0,1,4,1,1,1,1,0.7788007830714049,0.8,0.2142857142857143,0.4,0.5842190224054818
2,90,124,9,180,10,5,1,1,0,1,1,1,1,1,0.7788007830714049,0.4,0.26190476190476186,0.5,0.46806934218756246
4,30,106,7,120,14,0,1,0,0,1,1,1,1,1,0.17377394345044514,0.8,0.36904761904761907,0.25,0.43429441345639197
4,30,128,10,90,14,2,1,1,1,5,1,1,1,1,0.36787944117144233,0.8,0.23809523809523814,0.3333333333333333,0.49768949256748884
4,30,114,10,90,6,5,1,1,1,5,1,1,1,1,0.36787944117144233,0.8,0.3214285714285714,0.3333333333333333,0.5676981739768324
1,120,129,7,150,8,6,1,1,0,2,1,1,1,1,0.7788007830714049,0.2,0.2321428571428571,0.8,0.3818215809975121
2,30,115,9,30,22,2,1,1,1,1,1,1,1,1,0.06392786120670757,0.4,0.31547619047619047,1.0,0.33950152572622294
1,60,110,7,60,11,0,1,1,0,3,1,1,1,1,0.36787944117144233,0.2,0.34523809523809523,1.0,0.3516514627589973
4,45,120,9,90,22,3,1,0,0,0,1,1,1,1,0.06392786120670757,0.8,0.2857142857142857,0.5,0.4285259545473594
3,45,47,6,120,20,6,0,0,0,4,1,1,1,1,0.0820849986238988,0.6,0.7202380952380952,0.375,0.4747416274965514
5,45,41,6,150,10,2,0,0,0,0,1,1,1,1,0.36787944117144233,1.0,0.7559523809523809,0.3,0.6524208584004966
5,30,29,6,30,20,3,1,0,0,1,1,1,1,1,0.0820849986238988,1.0,0.8273809523809523,1.0,0.6927216437912258
4,45,114,7,60,15,6,0,1,1,4,1,1,1,1,0.1353352832366127,0.8,0.3214285714285714,0.75,0.556307581292232
3,45,147,6,120,10,4,1,0,1,3,1,1,1,1,0.36787944117144233,0.6,0.125,0.375,0.39078140270074924
5,60,122,6,90,10,0,1,0,1,4,1,1,1,1,0.36787944117144233,1.0,0.27380952380952384,0.6666666666666666,0.5577965732513466
4,60,168,11,60,11,3,0,0,0,4,1,1,1,1,1.0,0.8,0.0,1.0,0.5642066272830427
4,45,52,6,60,12,0,1,1,0,3,1,1,1,1,0.22313016014842982,0.8,0.6904761904761905,0.75,0.5995635558748228
1,60,116,8,90,19,4,1,1,1,3,1,1,1,1,0.06392786120670757,0.2,0.30952380952380953,0.6666666666666666,0.26945268452134036
1,30,126,9,180,6,5,1,0,0,2,1,1,1,1,0.4723665527410147,0.2,0.25,0.16666666666666666,0.290867054037178
2,120,149,8,180,9,0,1,0,1,0,1,1,1,1,0.7788007830714049,0.4,0.11309523809523814,0.6666666666666666,0.39642949366596614
3,45,114,6,150,7,2,0,0,0,4,1,1,1,1,0.7788007830714049,0.6,0.3214285714285714,0.3,0.5365811212163629
4,60,79,8,90,16,2,1,0,0,0,1,1,1,1,0.1353352832366127,0.8,0.5297619047619048,0.6666666666666666,0.49827765099746585
5,60,110,8,120,14,4,1,0,0,0,1,1,1,1,0.22313016014842982,1.0,0.34523809523809523,0.5,0.5440444109162873
3,45,156,9,150,19,0,1,0,0,2,1,1,1,1,0.0820849986238988,0.6,0.0714285714285714,0.3,0.2592312011063913
5,45,157,11,60,12,4,1,0,0,3,1,1,1,1,0.7788007830714049,1.0,0.06547619047619047,0.75,0.5462309573512094
5,90,150,9,120,6,6,1,0,0,2,1,1,1,1,0.4723665527410147,1.0,0.1071428571428571,0.75,0.5123783147058472
5,30,165,8,150,14,3,1,1,0,2,1,1,1,1,0.22313016014842982,1.0,0.017857142857142905,0.2,0.4277613540005409
3,45,93,9,90,17,1,0,0,1,5,1,1,1,1,0.1353352832366127,0.6,0.4464285714285714,0.5,0.3964837320628006
2,30,66,7,45,8,1,0,0,1,5,1,1,1,1,0.7788007830714049,0.4,0.6071428571428572,0.6666666666666666,0.5846653920249265
4,45,125,9,60,20,4,1,1,1,5,1,1,1,1,0.06392786120670757,0.8,0.25595238095238093,0.75,0.4293072487870927
1,60,106,7,180,19,5,1,0,1,5,1,1,1,1,0.049787068367863944,0.2,0.36904761904761907,0.3333333333333333,0.24154932381332855
1,60,116,8,60,17,0,1,0,0,4,1,1,1,1,0.10539922456186433,0.2,0.30952380952380953,1.0,0.2603980632882201
5,30,93,7,90,14,6,1,1,1,2,1,1,1,1,0.17377394345044514,1.0,0.4464285714285714,0.3333333333333333,0.5778906611254992
5,45,73,7,180,6,3,1,0,0,3,1,1,1,1,0.7788007830714049,1.0,0.5654761904761905,0.25,0.7345638212101615
2,30,96,7,150,21,0,0,0,0,5,1,1,1,1,0.0820849986238988,0.4,0.4285714285714286,0.2,0.3501659570701178
1,90,114,6,180,15,6,1,0,1,1,1,1,1,1,0.10539922456186433,0.2,0.3214285714285714,0.5,0.21670520781581665
5,30,121,8,45,19,5,0,0,0,2,1,1,1,1,0.06392786120670757,1.0,0.27976190476190477,0.6666666666666666,0.4653342323738349
1,30,164,11,60,7,3,0,0,0,4,1,1,1,1,0.36787944117144233,0.2,0.023809523809523836,0.5,0.16352232140629652
1,90,76,7,150,20,6,0,0,1,5,1,1,1,1,0.06392786120670757,0.2,0.5476190476190477,0.6,0.3186399405125557
4,60,93,8,150,9,2,1,0,0,2,1,1,1,1,0.7788007830714049,0.8,0.4464285714285714,0.4,0.602642463321834
2,30,106,8,30,10,4,0,0,0,3,1,1,1,1,0.6065306597126334,0.4,0.36904761904761907,1.0,0.4705190999911889
4,30,49,6,30,21,0,0,1,1,1,1,1,1,1,0.10539922456186433,0.8,0.7083333333333333,1.0,0.6218961545453487
1,30,62,7,60,11,6,0,0,1,5,1,1,1,1,0.36787944117144233,0.2,0.6309523809523809,0.5,0.40239820947058336
3,45,163,8,150,19,0,0,0,0,3,1,1,1,1,0.06392786120670757,0.6,0.029761904761904767,0.3,0.24940496951092403
4,90,74,7,90,6,4,1,1,1,0,1,1,1,1,0.7788007830714049,0.8,0.5595238095238095,1.0,0.7158823233454173
2,60,49,6,150,15,0,1,0,1,2,1,1,1,1,0.10539922456186433,0.4,0.7083333333333333,0.4,0.4378165163597467
1,45,149,9,150,15,4,0,0,0,5,1,1,1,1,0.22313016014842982,0.2,0.11309523809523814,0.3,0.12849798185630468
2,60,160,9,120,15,0,1,0,1,4,1,1,1,1,0.22313016014842982,0.4,0.04761904761904767,0.5,0.24114675368928742
4,30,53,6,150,22,3,0,0,1,2,1,1,1,1,0.1353352832366127,0.8,0.6845238095238095,0.2,0.5109725879517478
3,45,134,6,45,11,5,1,1,0,3,1,1,1,1,0.2865047968601901,0.6,0.20238095238095233,1.0,0.3956315364538211
1,45,155,10,90,16,4,0,0,0,5,1,1,1,1,0.22313016014842982,0.2,0.07738095238095233,0.5,0.15526447471391042
3,30,162,9,60,20,0,1,0,1,4,1,1,1,1,0.06392786120670757,0.6,0.0357142857142857,0.5,0.30505626436753763
5,90,111,7,150,16,4,0,0,1,1,1,1,1,1,0.10539922456186433,1.0,0.3392857142857143,0.6,0.5303599581332921
1,30,29,6,45,6,3,0,0,0,2,1,1,1,1,1.0,0.2,0.8273809523809523,0.6666666666666666,0.5557383967869063
2,90,135,9,180,20,4,1,1,0,4,1,1,1,1,0.06392786120670757,0.4,0.1964285714285714,0.5,0.2539701033481042
3,30,140,7,60,20,2,1,0,1,0,1,1,1,1,0.06392786120670757,0.6,0.16666666666666663,0.5,0.32519081969351055
5,30,138,10,45,7,2,0,1,0,5,1,1,1,1,0.4723665527410147,1.0,0.1785714285714286,0.6666666666666666,0.5759682241728101
2,30,43,6,150,10,2,1,0,1,2,1,1,1,1,0.36787944117144233,0.4,0.7440476190476191,0.2,0.48764753320126697
3,60,84,8,120,12,5,1,0,0,3,1,1,1,1,0.36787944117144233,0.6,0.5,0.5,0.4684531164971763
2,60,135,6,90,18,6,0,0,0,3,1,1,1,1,0.049787068367863944,0.4,0.1964285714285714,0.6666666666666666,0.27521977541305953
5,45,42,6,60,7,1,0,0,0,4,1,1,1,1,0.7788007830714049,1.0,0.75,0.75,0.7720313413298984
4,180,79,6,180,21,0,1,0,0,0,1,1,1,1,0.10539922456186433,0.8,0.5297619047619048,1.0,0.5249171993514913
4,90,50,6,90,14,0,0,0,0,0,1,1,1,1,0.1353352832366127,0.8,0.7023809523809523,1.0,0.5472349995278454
4,150,84,7,150,19,3,0,0,1,5,1,1,1,1,0.049787068367863944,0.8,0.5,1.0,0.5138400942883219
4,45,154,11,90,16,5,0,0,0,3,1,1,1,1,0.2865047968601901,0.8,0.08333333333333337,0.5,0.36433860019324044
5,30,162,11,45,22,2,1,0,1,4,1,1,1,1,0.06392786120670757,1.0,0.0357142857142857,0.6666666666666666,0.41434830040897436
3,90,154,7,120,9,2,1,1,0,1,1,1,1,1,0.6065306597126334,0.6,0.08333333333333337,0.75,0.4996763662171551
2,60,159,7,180,18,0,1,1,0,2,1,1,1,1,0.06392786120670757,0.4,0.0535714285714286,0.3333333333333333,0.19202093370136544
2,30,120,9,120,20,5,1,0,1,3,1,1,1,1,0.06392786120670757,0.4,0.2857142857142857,0.25,0.31009468507591653
1,30,61,6,90,8,5,1,0,1,4,1,1,1,1,0.6065306597126334,0.2,0.6369047619047619,0.3333333333333333,0.46362052790089797
5,30,119,8,90,12,6,0,0,0,2,1,1,1,1,0.36787944117144233,1.0,0.29166666666666663,0.3333333333333333,0.5655061777050107
2,30,29,6,150,14,1,0,1,1,4,1,1,1,1,0.1353352832366127,0.4,0.8273809523809523,0.2,0.4934552432264439
4,45,159,7,90,7,0,1,0,1,2,1,1,1,1,1.0,0.8,0.0535714285714286,0.5,0.630529686573969
3,45,104,7,180,11,6,0,0,0,5,1,1,1,1,0.36787944117144233,0.6,0.38095238095238093,0.25,0.44342116706900303
